選舉區,登記日期,姓名,推薦之政黨,備註
臺北市松山區莊敬里,115/09/02,周政諭,中國國民黨,
臺北市松山區莊敬里,115/09/02,陳宏義,無,
臺北市松山區東榮里,115/09/03,鄭玉梅,無,
臺北市松山區三民里,115/09/02,謝翠鈴,中國國民黨,
臺北市松山區三民里,115/09/04,李士得,無,
臺北市松山區新益里,115/09/02,諸葛芬,中國國民黨,
臺北市松山區新益里,115/09/02,賴昱翔,無,
臺北市松山區富錦里,115/09/01,王振鴻,無,
臺北市松山區富錦里,115/09/03,莊智緯,中國國民黨,
臺北市松山區富錦里,115/09/04,李運強,無,
臺北市松山區新東里,115/09/02,華國雄,中國國民黨,
臺北市松山區富泰里,115/09/02,辜阿雪,無,
臺北市松山區富泰里,115/09/02,吳學毅,中國國民黨,
臺北市松山區介壽里,115/08/31,蔡錦文,無,
臺北市松山區精忠里,115/09/01,賴美旭,中國國民黨,
臺北市松山區東光里,115/08/31,洪政雄,無,
臺北市松山區東光里,115/09/02,許秀雲,中國國民黨,
臺北市松山區龍田里,115/08/31,袁俊麒,無,
臺北市松山區龍田里,115/09/02,侯鳳翔,無,
臺北市松山區龍田里,115/09/03,商翠芬,無,
臺北市松山區龍田里,115/09/04,黃淑芬,中國國民黨,
臺北市松山區龍田里,115/09/04,顧云綱,無,
臺北市松山區東昌里,115/09/01,陳怡欣,無,
臺北市松山區東昌里,115/09/02,陳志明,中國國民黨,
臺北市松山區東勢里,115/09/03,王叔珍,無,
臺北市松山區中華里,115/09/03,游吉興,中國國民黨,
臺北市松山區民有里,115/09/03,林國瑞,無,
臺北市松山區民福里,115/09/02,李麗容,無,
臺北市松山區民福里,115/09/02,蔡朝聰,無,
臺北市松山區慈祐里,115/09/04,李祖民,無,
臺北市松山區安平里,115/09/02,洪温滿,無,
臺北市松山區安平里,115/09/03,蕭素玲,中華文化復興在理黨,
臺北市松山區鵬程里,115/09/02,范碧珠,中國國民黨,
臺北市松山區鵬程里,115/09/02,尹德財,無,
臺北市松山區鵬程里,115/09/03,洪豊凱,無,
臺北市松山區自強里,115/08/31,魏振康,中國國民黨,
臺北市松山區自強里,115/09/01,余振華,中國國民黨,
臺北市松山區自強里,115/09/01,陳錦花,中國國民黨,
臺北市松山區自強里,115/09/04,梁信文,無,
臺北市松山區吉祥里,115/08/31,林志彥,無,
臺北市松山區吉祥里,115/09/02,丁麗君,無,
臺北市松山區吉祥里,115/09/04,陳永昌,中國國民黨,
臺北市松山區新聚里,115/09/01,黃治嘉,無,
臺北市松山區新聚里,115/09/04,郭秀鳳,中國國民黨,
臺北市松山區復盛里,115/09/02,張晉維,無,
臺北市松山區復盛里,115/09/02,李佳真,中國國民黨,
臺北市松山區中正里,115/09/02,洪樸陽,無,
臺北市松山區中崙里,115/09/02,林千又,無,
臺北市松山區中崙里,115/09/03,張元誌,中國國民黨,
臺北市松山區美仁里,115/09/02,林志創,中國國民黨,
臺北市松山區吉仁里,115/09/02,李全長,無,
臺北市松山區敦化里,115/08/31,邵耀德,無,
臺北市松山區敦化里,115/09/02,蘇榮文,中國國民黨,
臺北市松山區復源里,115/09/03,温福義,中國國民黨,
臺北市松山區復建里,115/08/31,林坤信,中國國民黨,
臺北市松山區復建里,115/08/31,張鎧麒,無,
臺北市松山區復建里,115/09/03,胡歡,無,
臺北市松山區復勢里,115/09/03,徐麗雲,中國國民黨,
臺北市松山區福成里,115/09/02,葉佐良,中國國民黨,
臺北市松山區福成里,115/09/02,林順松,無,
臺北市松山區松基里,115/09/03,劉佳詩,無,
臺北市松山區松基里,115/09/04,李坤霖,無,
臺北市信義區西村里,115/09/02,鄭鴻麗,中國國民黨,
臺北市信義區西村里,115/09/02,趙行蕙,中國國民黨,
臺北市信義區西村里,115/09/04,黃鵬樺,無,
臺北市信義區正和里,115/09/02,董玲娥,中國國民黨,
臺北市信義區正和里,115/09/03,尹俊富,無,
臺北市信義區興隆里,115/08/31,吉娃斯．吉 果,中國國民黨,
臺北市信義區興隆里,115/09/02,吳伯英,無,
臺北市信義區中興里,115/09/02,趙惠美,中國國民黨,
臺北市信義區中興里,115/09/04,吳孟環,無,
臺北市信義區新仁里,115/09/02,吳建德,無,
臺北市信義區興雅里,115/08/31,馬強,無,
臺北市信義區興雅里,115/09/04,林素琴,中國國民黨,
臺北市信義區敦厚里,115/08/31,方聰杰,中國國民黨,
臺北市信義區敦厚里,115/08/31,蘇祐緯,無,
臺北市信義區廣居里,115/09/02,楊玉堂,中國國民黨,
臺北市信義區安康里,115/08/31,顏素冠,無,
臺北市信義區安康里,115/08/31,蔡雲明,無,
臺北市信義區安康里,115/09/02,萬宇恆,中國國民黨,
臺北市信義區安康里,115/09/03,楊嘉能,無,
臺北市信義區六藝里,115/09/02,丁禾溱,中國國民黨,
臺北市信義區雅祥里,115/09/02,宋美玲,無,
臺北市信義區雅祥里,115/09/03,黃鈺惠,中國國民黨,
臺北市信義區雅祥里,115/09/04,林信介,無,
臺北市信義區五常里,115/09/02,游育靖,無,
臺北市信義區五全里,115/09/02,吳秀好,民主進步黨,
臺北市信義區五全里,115/09/04,李禕樓,中國國民黨,
臺北市信義區五全里,115/09/04,李英豪,無,
臺北市信義區永吉里,115/08/31,陳永昌,中國國民黨,
臺北市信義區長春里,115/08/31,許錦忠,無,
臺北市信義區四育里,115/09/02,連圀堂,中國國民黨,
臺北市信義區四育里,115/09/02,施永泉,無,
臺北市信義區四育里,115/09/04,劉倩如,無,
臺北市信義區四維里,115/09/02,劉耀平,中國國民黨,
臺北市信義區四維里,115/09/03,蕭朝魁,無,
臺北市信義區永春里,115/08/31,顏東隆,民主進步黨,
臺北市信義區永春里,115/09/03,許蕙蘭,中國國民黨,
臺北市信義區富台里,115/09/02,羅至佑,無,
臺北市信義區國業里,115/09/03,林銘賢,無,
臺北市信義區松隆里,115/09/02,吳少騏,無,
臺北市信義區松隆里,115/09/02,林建佑,無,
臺北市信義區松隆里,115/09/02,陳錦和,無,
臺北市信義區松隆里,115/09/02,周宥騏,無,
臺北市信義區松隆里,115/09/03,蔡羅丹,無,
臺北市信義區松隆里,115/09/03,黃俊龍,中國國民黨,
臺北市信義區松友里,115/09/02,張海秋,中國國民黨,
臺北市信義區松友里,115/09/02,張嘉豪,無,
臺北市信義區松友里,115/09/03,林玉華,無,
臺北市信義區松光里,115/09/02,張文智,無,
臺北市信義區松光里,115/09/03,蔡福來,無,
臺北市信義區中坡里,115/08/31,林榮進,無,
臺北市信義區中坡里,115/09/02,曾傳達,中國國民黨,
臺北市信義區中行里,115/09/02,林美君,無,
臺北市信義區大道里,115/09/02,毛水月,無,
臺北市信義區大道里,115/09/04,薛華榮,無,
臺北市信義區大仁里,115/09/01,張劉權,無,
臺北市信義區大仁里,115/09/02,陳明芳,無,
臺北市信義區大仁里,115/09/04,邱鈞評,無,
臺北市信義區大仁里,115/09/04,杜月禎,無,
臺北市信義區大仁里,115/09/04,蔡桂清,無,
臺北市信義區景新里,115/09/03,孫積德,中國國民黨,
臺北市信義區惠安里,115/09/02,周葉長,中國國民黨,
臺北市信義區三張里,115/09/02,李駿麟,中國國民黨,
臺北市信義區三張里,115/09/02,盧美玲,無,
臺北市信義區三張里,115/09/02,李奇芬,無,
臺北市信義區三犁里,115/09/02,吳佳慧,無,
臺北市信義區三犁里,115/09/02,翁信利,無,
臺北市信義區三犁里,115/09/04,傅柏翰,無,
臺北市信義區六合里,115/09/02,陳盈如,無,
臺北市信義區泰和里,115/09/02,連婉彤,無,
臺北市信義區泰和里,115/09/02,林正義,中國國民黨,
臺北市信義區泰和里,115/09/03,許以書,無,
臺北市信義區景聯里,115/08/31,黃朝賜,無,
臺北市信義區景聯里,115/09/02,洪福周,中國國民黨,
臺北市信義區景勤里,115/09/02,王雷凱,中國國民黨,
臺北市信義區景勤里,115/09/03,沈粉,無,
臺北市信義區雙和里,115/09/01,周金進,無,
臺北市信義區雙和里,115/09/03,宋祥輝,中國國民黨,
臺北市信義區嘉興里,115/08/31,李錫榮,無,
臺北市信義區嘉興里,115/09/02,鄭智耀,無,
臺北市信義區黎順里,115/09/01,鄭振榮,民主進步黨,
臺北市信義區黎順里,115/09/02,吳明耀,無,
臺北市信義區黎順里,115/09/02,陳家茵,無,
臺北市信義區黎順里,115/09/02,卓秀娟,中國國民黨,
臺北市信義區黎順里,115/09/04,潘還珠,無,
臺北市信義區黎平里,115/09/02,楊介舟,中國國民黨,
臺北市信義區黎忠里,115/09/02,黃建智,中國國民黨,
臺北市信義區黎忠里,115/09/04,陳煥文,無,
臺北市信義區黎安里,115/09/04,劉梅菊,中國國民黨,
臺北市大安區德安里,115/09/02,蔡銘宗,中國國民黨,
臺北市大安區德安里,115/09/03,嚴寬,無,
臺北市大安區德安里,115/09/04,張三祥,無,
臺北市大安區仁慈里,115/08/31,陳麒中,中國國民黨,
臺北市大安區和安里,115/09/02,翁德東,中國國民黨,
臺北市大安區和安里,115/09/03,張捷富,無,
臺北市大安區和安里,115/09/04,劉仁貴,無,
臺北市大安區民炤里,115/09/04,周暉泰,中國國民黨,
臺北市大安區仁愛里,115/09/02,林宜蓁,中國國民黨,
臺北市大安區仁愛里,115/09/04,楊禧瑜,無,
臺北市大安區義村里,115/08/31,蔡秉融,無,
臺北市大安區義村里,115/09/02,潘明勲,中國國民黨,
臺北市大安區民輝里,115/09/02,陳威禎,無,
臺北市大安區昌隆里,115/09/02,王志剛,中國國民黨,
臺北市大安區昌隆里,115/09/03,洪翠微,無,
臺北市大安區誠安里,115/09/02,李有福,無,
臺北市大安區光武里,115/09/04,韓修和,中國國民黨,
臺北市大安區龍坡里,115/09/02,黃世詮,中國國民黨,
臺北市大安區龍泉里,115/09/02,龎維良,無,
臺北市大安區古風里,115/08/31,孔憲娟,中國國民黨,
臺北市大安區古莊里,115/09/02,吳宗雄,無,
臺北市大安區龍安里,115/09/02,洪秋甲,中國國民黨,
臺北市大安區錦安里,115/09/02,龔志慧,中國國民黨,
臺北市大安區福住里,115/09/04,李欣芠,無,
臺北市大安區永康里,115/08/31,李明螢,中國國民黨,
臺北市大安區永康里,115/09/01,陳玫竹,無,
臺北市大安區永康里,115/09/04,顏意珍,無,
臺北市大安區光明里,115/09/01,張美霞,無,
臺北市大安區光明里,115/09/02,張惠銓,中國國民黨,
臺北市大安區錦泰里,115/09/03,范燕淇,無,
臺北市大安區錦華里,115/09/01,洪立農,無,
臺北市大安區錦華里,115/09/04,溫美珠,中國國民黨,
臺北市大安區龍圖里,115/08/31,吳宗穎,無,
臺北市大安區龍圖里,115/09/02,范姜灴興,無,
臺北市大安區龍圖里,115/09/03,陳煒光,無,
臺北市大安區龍圖里,115/09/03,許玄謀,中國國民黨,
臺北市大安區龍圖里,115/09/03,蕭瑋旻,無,
臺北市大安區龍圖里,115/09/04,邱瑞文,無,
臺北市大安區新龍里,115/09/02,郭瑞松,無,
臺北市大安區新龍里,115/09/02,李淑梅,中國國民黨,
臺北市大安區龍陣里,115/09/02,游菊英,無,
臺北市大安區龍陣里,115/09/03,張惠萍,無,
臺北市大安區龍雲里,115/09/02,黃廣明,中國國民黨,
臺北市大安區龍生里,115/09/02,羅皓,無,
臺北市大安區龍生里,115/09/03,沈鳳雲,無,
臺北市大安區住安里,115/09/03,歐秀珠,中國國民黨,
臺北市大安區義安里,115/09/02,王侑方,無,
臺北市大安區義安里,115/09/03,劉威志,中國國民黨,
臺北市大安區通化里,115/09/02,周進財,中國國民黨,
臺北市大安區通化里,115/09/03,廖益新,無,
臺北市大安區通安里,115/08/31,鄭水波,中國國民黨,
臺北市大安區通安里,115/09/02,鄭文明,無,
臺北市大安區臨江里,115/09/04,劉勇雄,無,
臺北市大安區法治里,115/09/02,林佩燕,中國國民黨,
臺北市大安區法治里,115/09/04,黃彩勤,無,
臺北市大安區全安里,115/08/31,連馬世驍,中國國民黨,
臺北市大安區群賢里,115/09/01,翁國航,無,
臺北市大安區群英里,115/09/02,石忠勝,中國國民黨,
臺北市大安區虎嘯里,115/09/03,詹仲琪,中國國民黨,
臺北市大安區臥龍里,115/09/02,邱奕承,無,
臺北市大安區臥龍里,115/09/04,洪韶陽,無,
臺北市大安區龍淵里,115/09/02,林晏慈,無,
臺北市大安區龍淵里,115/09/04,陳亮宇,無,
臺北市大安區龍淵里,115/09/04,汪吉秋,中國國民黨,
臺北市大安區龍門里,115/08/31,黃絹家,中國國民黨,
臺北市大安區大學里,115/09/02,吳沛璇,中國國民黨,
臺北市大安區芳和里,115/09/02,黃正浪,中國國民黨,
臺北市大安區芳和里,115/09/02,陳明達,民主進步黨,
臺北市大安區黎元里,115/08/31,柯佳和,無,
臺北市大安區黎元里,115/09/02,蘇偉彬,中國國民黨,
臺北市大安區黎元里,115/09/02,王國全,無,
臺北市大安區黎孝里,115/09/02,方丁輝,中國國民黨,
臺北市大安區黎和里,115/09/02,李啟宏,中國國民黨,
臺北市大安區建安里,115/09/03,溫志維,中國國民黨,
臺北市大安區建倫里,115/09/02,林正達,中國國民黨,
臺北市大安區敦安里,115/09/03,王復,無,
臺北市大安區正聲里,115/09/02,陳秀蘭,中國國民黨,
臺北市大安區敦煌里,115/09/02,傅吉田,中國國民黨,
臺北市大安區華聲里,115/09/02,陳金花,中國國民黨,
臺北市大安區車層里,115/09/02,陳錦元,無,
臺北市大安區車層里,115/09/03,李欣純,中國國民黨,
臺北市大安區光信里,115/09/02,王秋蓉,無,
臺北市大安區光信里,115/09/02,黃振瑩,無,
臺北市大安區光信里,115/09/04,楊珮菱,無,
臺北市大安區學府里,115/09/02,李淳琳,中國國民黨,
臺北市大安區學府里,115/09/02,林慧瑜,無,
臺北市中山區正守里,115/08/31,周曉煒,無,
臺北市中山區正守里,115/09/02,陳育群,無,
臺北市中山區正義里,115/09/03,李志勇,中國國民黨,
臺北市中山區正得里,115/09/02,吳美瑩,無,
臺北市中山區民安里,115/09/02,王俊堯,無,
臺北市中山區康樂里,115/09/02,王金富,無,
臺北市中山區中山里,115/08/31,曾瓊梅,無,
臺北市中山區中山里,115/09/01,許寶仙,無,
臺北市中山區聚盛里,115/08/31,舒贛臺,無,
臺北市中山區聚盛里,115/09/02,陳淑雅,無,
臺北市中山區集英里,115/09/01,劉尚恩,無,
臺北市中山區集英里,115/09/02,賴政庸,民主進步黨,
臺北市中山區聚葉里,115/09/02,游啟業,無,
臺北市中山區聚葉里,115/09/04,謝采雯,無,
臺北市中山區恆安里,115/09/03,黃志昌,無,
臺北市中山區恆安里,115/09/04,朱明濱,無,
臺北市中山區晴光里,115/09/02,林姿吟,無,
臺北市中山區圓山里,115/09/04,葉建輝,中國國民黨,
臺北市中山區劍潭里,115/09/02,黃開芳,中國國民黨,
臺北市中山區劍潭里,115/09/03,王迎珠,無,
臺北市中山區劍潭里,115/09/03,朱黎紅,無,
臺北市中山區大直里,115/08/31,蔡俊賢,無,
臺北市中山區大直里,115/09/02,曹邦全,無,
臺北市中山區成功里,115/09/02,李清水,中國國民黨,
臺北市中山區永安里,115/08/31,林哲緯,無,
臺北市中山區永安里,115/08/31,唐楷瀚,中國國民黨,
臺北市中山區大佳里,115/09/02,莊欽億,民主進步黨,
臺北市中山區新喜里,115/08/31,陳鴻銘,無,
臺北市中山區新喜里,115/09/03,吳昇陽,無,
臺北市中山區新庄里,115/08/31,蔡哲順,無,
臺北市中山區新庄里,115/09/03,鄧麗珠,無,
臺北市中山區新福里,115/09/02,朱美樺,無,
臺北市中山區新福里,115/09/02,童勝輝,無,
臺北市中山區松江里,115/09/01,徐銘宏,無,
臺北市中山區松江里,115/09/03,蔣築諠,中國國民黨,
臺北市中山區新生里,115/09/02,曾國益,中國國民黨,
臺北市中山區中庄里,115/09/03,陳建中,無,
臺北市中山區行政里,115/09/01,江志富,中國國民黨,
臺北市中山區行政里,115/09/02,葉麗美,民主進步黨,
臺北市中山區行政里,115/09/02,李魯慧,無,
臺北市中山區行政里,115/09/03,陳建州,無,
臺北市中山區行仁里,115/09/01,陳德賢,無,
臺北市中山區行仁里,115/09/03,李珮琬,中國國民黨,
臺北市中山區行孝里,115/08/31,呂勗淇,民主進步黨,
臺北市中山區下埤里,115/09/03,施士凱,無,
臺北市中山區下埤里,115/09/03,李貝鋇,民主進步黨,
臺北市中山區江寧里,115/09/04,徐信洲,無,
臺北市中山區江山里,115/09/02,黃靜怡,無,
臺北市中山區江山里,115/09/03,劉陽劍,中國國民黨,
臺北市中山區中吉里,115/08/31,林德勝,民主進步黨,
臺北市中山區中原里,115/09/03,羅崇華,無,
臺北市中山區興亞里,115/09/03,林芳薇,無,
臺北市中山區中央里,115/09/03,李陳金綉,中國國民黨,
臺北市中山區朱馥里,115/08/31,顏志豪,無,
臺北市中山區朱馥里,115/09/02,卓志勇,無,
臺北市中山區朱馥里,115/09/03,謝錦泉,無,
臺北市中山區龍洲里,115/08/31,曹正欣,無,
臺北市中山區龍洲里,115/09/02,黎韻平,無,
臺北市中山區龍洲里,115/09/02,林經初,無,
臺北市中山區龍洲里,115/09/02,陳世明,中國國民黨,
臺北市中山區朱園里,115/09/02,李林耀,無,
臺北市中山區埤頭里,115/09/03,黃基淋,中國國民黨,
臺北市中山區朱崙里,115/08/31,高銘鴻,中國國民黨,
臺北市中山區朱崙里,115/09/04,吳雅芬,無,
臺北市中山區力行里,115/09/03,張芊卉,無,
臺北市中山區力行里,115/09/04,沈銀德,無,
臺北市中山區復華里,115/09/03,黃展輝,中國國民黨,
臺北市中山區復華里,115/09/04,吳碧珠,無,
臺北市中山區金泰里,115/08/31,林應誠,無,
臺北市中山區金泰里,115/09/02,游進義,無,
臺北市中山區北安里,115/09/03,陳小康,無,
臺北市中正區水源里,115/08/31,林全義,中國國民黨,
臺北市中正區富水里,115/09/03,陳麗真,中國國民黨,
臺北市中正區文盛里,115/09/02,温紹宏,中國國民黨,
臺北市中正區林興里,115/09/01,吳寶燕,中國國民黨,
臺北市中正區河堤里,115/08/31,鄒士根,中國國民黨,
臺北市中正區頂東里,115/09/01,王力炫,中國國民黨,
臺北市中正區網溪里,115/08/31,夏萬浪,無,
臺北市中正區網溪里,115/09/03,廖從翔,中國國民黨,
臺北市中正區板溪里,115/09/02,黃國輝,中國國民黨,
臺北市中正區板溪里,115/09/03,楊慧君,無,
臺北市中正區螢圃里,115/09/01,劉佩玲,無,
臺北市中正區螢圃里,115/09/01,陳木松,中國國民黨,
臺北市中正區螢圃里,115/09/04,鄧錡雲,中國民眾黨,
臺北市中正區螢雪里,115/08/31,陳文質,中國國民黨,
臺北市中正區螢雪里,115/09/02,張邱佳玲,無,
臺北市中正區永功里,115/09/01,陳宏明,中國國民黨,
臺北市中正區永昌里,115/09/02,陳玟如,中國國民黨,
臺北市中正區永昌里,115/09/04,劉瑞麟,無,
臺北市中正區永昌里,115/09/04,胡書惠,無,
臺北市中正區龍興里,115/09/02,陳月容,無,
臺北市中正區龍興里,115/09/02,王春國,中國國民黨,
臺北市中正區龍興里,115/09/04,林正晴,無,
臺北市中正區忠勤里,115/08/31,吳奕鋐,民主進步黨,
臺北市中正區忠勤里,115/09/02,方荷生,中國國民黨,
臺北市中正區忠勤里,115/09/02,林督欽,無,
臺北市中正區廈安里,115/08/31,涂光宇,中國國民黨,
臺北市中正區愛國里,115/09/02,張嘉麟,無,
臺北市中正區愛國里,115/09/04,周德潤,無,
臺北市中正區南門里,115/09/04,郭有賢,中國國民黨,
臺北市中正區南門里,115/09/04,周室均,無,
臺北市中正區龍光里,115/09/02,陳萬龍,中國國民黨,
臺北市中正區南福里,115/09/02,許益明,中國國民黨,
臺北市中正區南福里,115/09/02,羅海燕,無,
臺北市中正區南福里,115/09/03,李秀霞,無,
臺北市中正區龍福里,115/09/02,鄭珍珍,無,
臺北市中正區龍福里,115/09/02,何昇模,無,
臺北市中正區龍福里,115/09/04,林靖惠,無,
臺北市中正區新營里,115/08/31,林書源,無,
臺北市中正區新營里,115/09/02,莊柏辰,無,
臺北市中正區建國里,115/09/02,許瀞尹,無,
臺北市中正區光復里,115/08/31,王麗美,無,
臺北市中正區光復里,115/09/02,張書維,無,
臺北市中正區黎明里,115/09/02,鄭燕宗,中國國民黨,
臺北市中正區梅花里,115/08/31,吳崑山,中國國民黨,
臺北市中正區梅花里,115/09/02,呂金標,無,
臺北市中正區梅花里,115/09/03,曾智麟,中國國民黨,
臺北市中正區幸福里,115/08/31,王希瑜,無,
臺北市中正區幸福里,115/09/02,蘇美娟,中國國民黨,
臺北市中正區幸市里,115/09/02,林禎吉,中國國民黨,
臺北市中正區幸市里,115/09/02,賀永德,無,
臺北市中正區東門里,115/09/02,牟桂富,中國國民黨,
臺北市中正區文北里,115/09/02,陳余秀卿,中國國民黨,
臺北市中正區文北里,115/09/03,張安東,無,
臺北市中正區文祥里,115/09/02,李淑珍,中國國民黨,
臺北市中正區三愛里,115/09/02,陳仁志,無,
臺北市大同區玉泉里,115/09/03,羅素真,無,
臺北市大同區玉泉里,115/09/04,高興松,無,
臺北市大同區建明里,115/09/02,王振宇,無,
臺北市大同區建明里,115/09/03,黃世輝,無,
臺北市大同區建功里,115/08/31,周志賢,民主進步黨,
臺北市大同區建功里,115/08/31,盧綠綢,無,
臺北市大同區建功里,115/09/03,謝文祥,中國國民黨,
臺北市大同區建泰里,115/09/02,江紹恆,無,
臺北市大同區建泰里,115/09/03,陳鵬程,民主進步黨,
臺北市大同區永樂里,115/08/31,林宗穎,無,
臺北市大同區朝陽里,115/09/02,呂國維,無,
臺北市大同區星明里,115/09/02,黃書揚,民主進步黨,
臺北市大同區星明里,115/09/03,劉福永,無,
臺北市大同區光能里,115/09/03,陳靜筠,民主進步黨,
臺北市大同區大有里,115/09/04,許美智,民主進步黨,
臺北市大同區延平里,115/08/31,郭逸斌,無,
臺北市大同區雙連里,115/09/02,洪振恒,民主進步黨,
臺北市大同區雙連里,115/09/04,林堅祺,無,
臺北市大同區南芳里,115/09/02,賴徐玉枝,民主進步黨,
臺北市大同區南芳里,115/09/03,陳坤宏,無,
臺北市大同區民權里,115/09/03,陳玉女,無,
臺北市大同區民權里,115/09/04,林美菊,無,
臺北市大同區景星里,115/09/03,吳若屏,無,
臺北市大同區隆和里,115/09/02,沈春華,民主進步黨,
臺北市大同區隆和里,115/09/03,林群翔,無,
臺北市大同區蓬萊里,115/09/02,高炳倉,無,
臺北市大同區蓬萊里,115/09/02,何英輝,無,
臺北市大同區國順里,115/09/02,陳穎慧,民主進步黨,
臺北市大同區國順里,115/09/04,陳明傑,無,
臺北市大同區國順里,115/09/04,劉振輝,無,
臺北市大同區國慶里,115/08/31,高大陸,民主進步黨,
臺北市大同區國慶里,115/09/01,鄭欣宜,無,
臺北市大同區國慶里,115/09/04,吳祚貴,無,
臺北市大同區揚雅里,115/09/02,吳振明,無,
臺北市大同區斯文里,115/09/02,江雪卿,民主進步黨,
臺北市大同區鄰江里,115/09/03,陳豊祥,民主進步黨,
臺北市大同區鄰江里,115/09/04,黃宏瑜,無,
臺北市大同區鄰江里,115/09/04,林薇馨,無,
臺北市大同區至聖里,115/09/02,楊秀龍,無,
臺北市大同區至聖里,115/09/03,陳宥湘,無,
臺北市大同區老師里,115/09/01,許宮銘,民主進步黨,
臺北市大同區老師里,115/09/02,許清事,無,
臺北市大同區重慶里,115/09/01,謝承翰,中國國民黨,
臺北市大同區重慶里,115/09/02,張艷鴻,無,
臺北市大同區保安里,115/09/01,許宇騰,台灣民眾黨,
臺北市大同區保安里,115/09/02,張賦脈,民主進步黨,
臺北市大同區保安里,115/09/03,李沛肴,無,
臺北市萬華區福星里,115/09/02,李珮妡,無,
臺北市萬華區福星里,115/09/03,徐庶崇,無,
臺北市萬華區萬壽里,115/09/02,吳美玟,無,
臺北市萬華區西門里,115/09/03,葉敏惠,中國國民黨,
臺北市萬華區新起里,115/09/02,陳鴻祥,無,
臺北市萬華區菜園里,115/09/01,蔡蕙而,無,
臺北市萬華區青山里,115/09/02,李昭成,無,
臺北市萬華區青山里,115/09/02,陳俞誠,無,
臺北市萬華區富民里,115/09/03,蔡慧嫻,無,
臺北市萬華區富民里,115/09/03,郭姵妤,人民民主黨,
臺北市萬華區福音里,115/08/31,蔡岳樺,中國國民黨,
臺北市萬華區福音里,115/09/02,林淑卿,藝術黨,
臺北市萬華區仁德里,115/09/01,許淑惠,無,
臺北市萬華區富福里,115/08/31,謝文興,無,
臺北市萬華區富福里,115/09/02,蔡金娥,民主進步黨,
臺北市萬華區富福里,115/09/03,林韋志,無,
臺北市萬華區頂碩里,115/09/03,溫宗霖,無,
臺北市萬華區雙園里,115/09/03,許惠城,無,
臺北市萬華區新忠里,115/09/02,邱文龍,中國國民黨,
臺北市萬華區新和里,115/09/04,邱惠雯,無,
臺北市萬華區糖廍里,115/09/02,葉玲瑜,無,
臺北市萬華區糖廍里,115/09/02,李宜蓁,無,
臺北市萬華區糖廍里,115/09/04,謝岳錡,中國國民黨,
臺北市萬華區和平里,115/09/02,吳淑芬,無,
臺北市萬華區綠堤里,115/09/04,邱郁惠,無,
臺北市萬華區華江里,115/09/02,洪佳君,無,
臺北市萬華區華江里,115/09/04,姚冠均,無,
臺北市萬華區柳鄉里,115/09/02,蔡和益,無,
臺北市萬華區日善里,115/09/03,蕭進德,無,
臺北市萬華區日善里,115/09/04,陳德祥,無,
臺北市萬華區新安里,115/09/02,郭正中,中國國民黨,
臺北市萬華區忠德里,115/09/04,施育婷,無,
臺北市萬華區孝德里,115/08/31,李明芬,無,
臺北市萬華區和德里,115/09/02,洪天化,無,
臺北市萬華區錦德里,115/09/04,張菀庭,無,
臺北市萬華區錦德里,115/09/04,林育德,無,
臺北市萬華區全德里,115/09/03,趙素美,無,
臺北市萬華區保德里,115/09/02,楊美女,無,
臺北市萬華區銘德里,115/09/04,吳啟源,無,
臺北市萬華區榮德里,115/09/04,陳欣漢,無,
臺北市萬華區壽德里,115/08/31,陳志雄,無,
臺北市萬華區壽德里,115/09/04,鄭麟哲,無,
臺北市萬華區興德里,115/09/02,吳政侑,無,
臺北市萬華區興德里,115/09/03,黃子菱,無,
臺北市萬華區華中里,115/09/02,黃世豪,無,
臺北市萬華區華中里,115/09/02,楊為忠,無,
臺北市萬華區日祥里,115/09/03,張宏聖,無,
臺北市萬華區日祥里,115/09/04,趙清明,中國國民黨,
臺北市萬華區忠貞里,115/09/03,林錫祺,中國國民黨,
臺北市萬華區忠貞里,115/09/04,王萍,無,
臺北市萬華區凌霄里,115/09/01,游秋蓮,中國國民黨,
臺北市萬華區騰雲里,115/09/03,李重華,無,
臺北市文山區景行里,115/09/02,劉竹英,中國國民黨,
臺北市文山區景行里,115/09/02,陳千惠,無,
臺北市文山區景東里,115/09/03,高鳳謙,中國國民黨,
臺北市文山區景美里,115/08/31,許宏廷,中國國民黨,
臺北市文山區景美里,115/09/01,陳理絹,無,
臺北市文山區景慶里,115/09/02,黃逢廣,無,
臺北市文山區景慶里,115/09/03,蔡岳澄,中國國民黨,
臺北市文山區景仁里,115/08/31,陳依茹,無,
臺北市文山區景仁里,115/09/02,黃承志,無,
臺北市文山區景仁里,115/09/02,何進輝,中國國民黨,
臺北市文山區景華里,115/09/02,黃培堯,中國國民黨,
臺北市文山區景華里,115/09/02,史學敏,夏潮聯合會,
臺北市文山區景華里,115/09/04,陳金泉,無,
臺北市文山區萬有里,115/09/02,黃麗霓,中國國民黨,
臺北市文山區萬有里,115/09/02,陳建源,無,
臺北市文山區萬祥里,115/09/02,張紅木,無,
臺北市文山區萬隆里,115/08/31,林宗弘,無,
臺北市文山區萬隆里,115/08/31,蔡政志,無,
臺北市文山區萬年里,115/09/02,邱秋芳,無,
臺北市文山區萬和里,115/09/01,吳祚榮,中國國民黨,
臺北市文山區萬盛里,115/09/02,徐福進,中國國民黨,
臺北市文山區萬盛里,115/09/04,黃慧娟,無,
臺北市文山區萬盛里,115/09/04,侯鈞瀚,無,
臺北市文山區興豐里,115/09/04,李孟哲,台灣民眾黨,
臺北市文山區興豐里,115/09/04,余鴻儒,中國國民黨,
臺北市文山區興光里,115/09/02,洪正平,中國國民黨,
臺北市文山區興家里,115/09/02,劉宗勲,中國國民黨,
臺北市文山區興得里,115/09/02,張偉玉,無,
臺北市文山區興得里,115/09/02,曾瑞城,中國國民黨,
臺北市文山區興業里,115/08/31,林聖峯,無,
臺北市文山區興業里,115/09/02,凌錦成,中國國民黨,
臺北市文山區興業里,115/09/03,王家浚,無,
臺北市文山區興安里,115/09/02,林文權,無,
臺北市文山區興安里,115/09/03,陳啟東,中國國民黨,
臺北市文山區興福里,115/09/02,呂晴芸,無,
臺北市文山區興福里,115/09/03,許銘良,無,
臺北市文山區興旺里,115/09/01,蘇瓏議,中國國民黨,
臺北市文山區興旺里,115/09/02,翁細文,無,
臺北市文山區興泰里,115/09/02,施志聰,中國國民黨,
臺北市文山區興泰里,115/09/04,鍾譯樂,無,
臺北市文山區興昌里,115/09/02,吳融昊,中國國民黨,
臺北市文山區試院里,115/09/02,廖欽銅,中國國民黨,
臺北市文山區華興里,115/08/31,楊文良,無,
臺北市文山區華興里,115/09/01,李佳霖,無,
臺北市文山區明義里,115/09/04,仇世屏,無,
臺北市文山區明興里,115/09/01,鄢健民,中國國民黨,
臺北市文山區明興里,115/09/04,洪絢虹,無,
臺北市文山區木柵里,115/09/02,林志勤,中國國民黨,
臺北市文山區木柵里,115/09/03,韓鳳聲,台灣學習黨,
臺北市文山區木新里,115/09/01,鄭明通,中國國民黨,
臺北市文山區木新里,115/09/02,潘彥霖,無,
臺北市文山區木新里,115/09/04,張維穎,無,
臺北市文山區順興里,115/09/02,楊培釧,無,
臺北市文山區順興里,115/09/02,單連城,無,
臺北市文山區樟林里,115/09/02,潘月華,無,
臺北市文山區樟林里,115/09/02,陳文乾,中國國民黨,
臺北市文山區樟新里,115/08/31,黃興隆,無,
臺北市文山區樟新里,115/09/03,歐陽禾英,中國國民黨,
臺北市文山區樟腳里,115/09/02,高林玉嬌,中國國民黨,
臺北市文山區萬芳里,115/09/02,陳姿秀,中國國民黨,
臺北市文山區博嘉里,115/09/02,林文旭,中國國民黨,
臺北市文山區博嘉里,115/09/03,吳坤輝,無,
臺北市文山區萬興里,115/09/03,林志冠,無,
臺北市文山區指南里,115/09/02,張佳南,中國國民黨,
臺北市文山區指南里,115/09/04,張凱茜,無,
臺北市文山區老泉里,115/09/02,周良富,無,
臺北市文山區老泉里,115/09/02,陳春生,無,
臺北市文山區忠順里,115/08/31,曾寧旖,中國國民黨,
臺北市文山區萬美里,115/08/31,莊智能,無,
臺北市文山區萬美里,115/09/02,鄧瑞興,無,
臺北市文山區萬美里,115/09/04,林再球,無,
臺北市文山區政大里,115/08/31,范錦俐,中國國民黨,
臺北市文山區政大里,115/09/02,鄭文綺,無,
臺北市文山區樟文里,115/09/02,孫建平,中國國民黨,
臺北市文山區樟文里,115/09/03,李妮娟,無,
臺北市文山區樟文里,115/09/04,李美惠,無,
臺北市文山區興邦里,115/09/02,張朝雄,中國國民黨,
臺北市文山區樟樹里,115/09/02,陳再炯,中國國民黨,
臺北市南港區南港里,115/08/31,潘泳瑜,無,
臺北市南港區南港里,115/09/02,李志錦,中國國民黨,
臺北市南港區南港里,115/09/04,高翔介,無,
臺北市南港區中南里,115/08/31,黃彥儒,無,
臺北市南港區中南里,115/09/02,詹程傑,無,
臺北市南港區中南里,115/09/02,謝沁荷,無,
臺北市南港區新富里,115/09/02,許睦燦,無,
臺北市南港區新富里,115/09/02,葉明玉,無,
臺北市南港區三重里,115/09/01,杜志勇,無,
臺北市南港區三重里,115/09/02,江柏忠,中國國民黨,
臺北市南港區三重里,115/09/04,林冠翰,無,
臺北市南港區東新里,115/08/31,闕陳月英,無,
臺北市南港區東新里,115/09/02,連基發,中國國民黨,
臺北市南港區東新里,115/09/02,王雅惠,無,
臺北市南港區新光里,115/09/02,龔睿堉,中國國民黨,
臺北市南港區東明里,115/09/02,曾漢祺,中國國民黨,
臺北市南港區西新里,115/09/02,張秉均,無,
臺北市南港區西新里,115/09/02,胡家瑒,無,
臺北市南港區玉成里,115/09/03,蔡康楨,無,
臺北市南港區玉成里,115/09/03,黃聰智,無,
臺北市南港區合成里,115/09/03,王德崴,無,
臺北市南港區合成里,115/09/04,巫永仁,無,
臺北市南港區成福里,115/09/02,王秋娥,中國國民黨,
臺北市南港區萬福里,115/09/02,林宏憲,無,
臺北市南港區鴻福里,115/09/03,劉明康,中國國民黨,
臺北市南港區百福里,115/08/31,李雯馨,無,
臺北市南港區聯成里,115/09/02,張宏偉,無,
臺北市南港區聯成里,115/09/03,鮑黎登,中國國民黨,
臺北市南港區聯成里,115/09/04,成芓漩,無,
臺北市南港區舊莊里,115/09/02,張瑞芳,無,
臺北市南港區中研里,115/09/02,謝志勇,無,
臺北市南港區九如里,115/09/02,魏正輝,無,
臺北市南港區九如里,115/09/02,蘇國賢,中國國民黨,
臺北市南港區仁福里,115/09/02,江俊賢,無,
臺北市南港區仁福里,115/09/03,羅康華,中國國民黨,
臺北市南港區仁福里,115/09/04,吳肇輝,中國國民黨,
臺北市南港區重陽里,115/09/03,馬冠生,中國國民黨,
臺北市南港區重陽里,115/09/04,張駿榮,中國國民黨,
臺北市內湖區西湖里,115/08/31,黃俊隆,無,
臺北市內湖區西湖里,115/09/04,林正雄,無,
臺北市內湖區西康里,115/09/02,王興國,中國國民黨,
臺北市內湖區西安里,115/09/02,李國榮,中國國民黨,
臺北市內湖區西安里,115/09/04,焦杏芳,無,
臺北市內湖區港墘里,115/09/02,魏景城,中國國民黨,
臺北市內湖區港墘里,115/09/03,林文惠,無,
臺北市內湖區港都里,115/09/02,吳培基,無,
臺北市內湖區港都里,115/09/02,郭柏毅,無,
臺北市內湖區港都里,115/09/02,許國雄,無,
臺北市內湖區港富里,115/09/01,莊國棟,無,
臺北市內湖區港富里,115/09/02,陳彥良,無,
臺北市內湖區港富里,115/09/04,李安邦,無,
臺北市內湖區港華里,115/08/31,劉達逢,無,
臺北市內湖區港華里,115/09/02,楊易兼,無,
臺北市內湖區港華里,115/09/04,陳煒舜,無,
臺北市內湖區內湖里,115/09/02,許昌華,無,
臺北市內湖區湖濱里,115/09/02,陳尤雪,中國國民黨,
臺北市內湖區紫星里,115/09/02,謝佳惠,無,
臺北市內湖區大湖里,115/09/02,郭坤祥,中國國民黨,
臺北市內湖區金龍里,115/09/02,吳欣芸,無,
臺北市內湖區金瑞里,115/08/31,羅世甫,無,
臺北市內湖區碧山里,115/09/03,曹連燊,中國國民黨,
臺北市內湖區紫雲里,115/09/01,夏亦芳,中國國民黨,
臺北市內湖區清白里,115/09/02,陳東源,無,
臺北市內湖區葫洲里,115/09/02,曾宏昌,中國國民黨,
臺北市內湖區紫陽里,115/09/01,梁志宇,中國國家社會主義勞工黨,
臺北市內湖區紫陽里,115/09/03,謝源德,中國國民黨,
臺北市內湖區瑞陽里,115/09/02,江光輝,無,
臺北市內湖區瑞陽里,115/09/03,李孟妃,無,
臺北市內湖區瑞光里,115/09/02,黃崇賢,中國國民黨,
臺北市內湖區瑞光里,115/09/02,葉為棟,無,
臺北市內湖區五分里,115/08/31,邱忠遠,中國國民黨,
臺北市內湖區五分里,115/09/02,王健陞,無,
臺北市內湖區五分里,115/09/04,詹益豪,無,
臺北市內湖區東湖里,115/08/31,邱朝祿,無,
臺北市內湖區樂康里,115/09/02,張碧玉,無,
臺北市內湖區內溝里,115/09/02,王曉芳,無,
臺北市內湖區週美里,115/09/01,梁淯傑,無,
臺北市內湖區週美里,115/09/03,丘麗玲,無,
臺北市內湖區行善里,115/09/01,沈平,無,
臺北市內湖區行善里,115/09/04,陳素芬,無,
臺北市內湖區石潭里,115/09/02,廖煒國,無,
臺北市內湖區湖興里,115/09/02,蔡穎峰,無,
臺北市內湖區湖元里,115/09/02,林明源,無,
臺北市內湖區安湖里,115/09/02,尤樹旺,無,
臺北市內湖區秀湖里,115/09/02,謝明毅,中國國民黨,
臺北市內湖區安泰里,115/08/31,洪沛緹,中國國民黨,
臺北市內湖區安泰里,115/09/03,麥雲傑,無,
臺北市內湖區安泰里,115/09/04,何素蓮,無,
臺北市內湖區金湖里,115/09/02,邱金波,中國國民黨,
臺北市內湖區康寧里,115/09/03,林紫薇,無,
臺北市內湖區康寧里,115/09/03,鄭秀鳳,中國國民黨,
臺北市內湖區明湖里,115/09/02,謝明均,中國國民黨,
臺北市內湖區蘆洲里,115/09/02,陳明霖,無,
臺北市內湖區麗山里,115/08/31,金桂秋,無,
臺北市內湖區麗山里,115/09/02,林國榮,無,
臺北市內湖區寶湖里,115/09/04,邱顯松,無,
臺北市內湖區南湖里,115/08/31,陳冠瑋,無,
臺北市內湖區南湖里,115/09/03,王燦煌,中國國民黨,
臺北市內湖區南湖里,115/09/03,宮漢芸,無,
臺北市士林區仁勇里,115/09/02,洪銘鎮,無,
臺北市士林區義信里,115/09/01,蘇文山,民主進步黨,
臺北市士林區義信里,115/09/03,許立丕,中國國民黨,
臺北市士林區福林里,115/09/03,李欣紜,無,
臺北市士林區福林里,115/09/03,江美珠,無,
臺北市士林區福德里,115/09/02,呂美佳,無,
臺北市士林區福德里,115/09/03,盛琳惠,中國國民黨,
臺北市士林區福志里,115/09/01,邱邱田,中國國民黨,
臺北市士林區福志里,115/09/03,鄧政順,無,
臺北市士林區舊佳里,115/08/31,陳明松,無,
臺北市士林區舊佳里,115/09/04,何逸松,無,
臺北市士林區福佳里,115/08/31,許木春,無,
臺北市士林區福佳里,115/09/02,李正吉,無,
臺北市士林區後港里,115/08/31,陳建翰,無,
臺北市士林區後港里,115/09/02,褚珮珊,無,
臺北市士林區後港里,115/09/02,林威宇,無,
臺北市士林區福中里,115/09/01,王德利,無,
臺北市士林區福中里,115/09/02,紀榮鴻,無,
臺北市士林區前港里,115/09/02,陳瑞華,無,
臺北市士林區前港里,115/09/04,張旺國,無,
臺北市士林區百齡里,115/09/02,翁淑穎,民主進步黨,
臺北市士林區承德里,115/09/02,陳洲平,中國國民黨,
臺北市士林區承德里,115/09/03,賴士淵,無,
臺北市士林區承德里,115/09/04,陳韋光,無,
臺北市士林區福華里,115/09/02,吳翰承,無,
臺北市士林區福華里,115/09/03,楊小莉,無,
臺北市士林區明勝里,115/09/02,李連全,中國國民黨,
臺北市士林區福順里,115/09/02,林家卉,民主進步黨,
臺北市士林區福順里,115/09/04,陳志誠,無,
臺北市士林區富光里,115/08/31,高毓紋,民主進步黨,
臺北市士林區葫蘆里,115/09/02,王永才,無,
臺北市士林區葫蘆里,115/09/03,許振禮,無,
臺北市士林區葫東里,115/09/02,郭淑玲,無,
臺北市士林區葫東里,115/09/02,楊詔蘭,無,
臺北市士林區社子里,115/08/31,王述芳,無,
臺北市士林區社子里,115/08/31,吳亞桂,無,
臺北市士林區社子里,115/09/02,林瑞祥,民主進步黨,
臺北市士林區社子里,115/09/02,柯麗玲,無,
臺北市士林區社新里,115/09/03,陳淑玲,無,
臺北市士林區社園里,115/08/31,葉子芸,民主進步黨,
臺北市士林區社園里,115/09/02,林浴暉,無,
臺北市士林區社園里,115/09/02,陳志印,無,
臺北市士林區永倫里,115/08/31,蔡國文,無,
臺北市士林區永倫里,115/09/02,石林麗惠,無,
臺北市士林區永倫里,115/09/04,李宛蓉,無,
臺北市士林區永倫里,115/09/04,李佳樺,無,
臺北市士林區福安里,115/09/02,陳竑達,無,
臺北市士林區福安里,115/09/04,謝文加,無,
臺北市士林區富洲里,115/09/02,陳惠民,無,
臺北市士林區富洲里,115/09/03,李永木,無,
臺北市士林區岩山里,115/09/04,黃小陵,人民民主黨,
臺北市士林區名山里,115/09/02,薛群秀,中國國民黨,
臺北市士林區德行里,115/09/03,張僡美,無,
臺北市士林區德華里,115/08/31,吳素丹,無,
臺北市士林區德華里,115/09/02,林宜臻,無,
臺北市士林區德華里,115/09/02,黃建銘,無,
臺北市士林區聖山里,115/08/31,張光華,中國國民黨,
臺北市士林區聖山里,115/09/02,吳三勇,無,
臺北市士林區忠誠里,115/09/02,曾坤來,中國國民黨,
臺北市士林區芝山里,115/08/31,陳茂德,無,
臺北市士林區芝山里,115/09/02,魏雅郁,中國國民黨,
臺北市士林區芝山里,115/09/02,林弘儒,無,
臺北市士林區東山里,115/09/01,陳文賢,中國國民黨,
臺北市士林區東山里,115/09/02,陳誌賢,無,
臺北市士林區三玉里,115/09/02,羅志傑,中國國民黨,
臺北市士林區蘭雅里,115/09/02,林淑娟,中國國民黨,
臺北市士林區蘭雅里,115/09/03,洪聖德,無,
臺北市士林區蘭雅里,115/09/04,許世宏,中國國民黨,
臺北市士林區蘭雅里,115/09/04,劉秋水,中國國民黨,
臺北市士林區蘭興里,115/09/02,林文龍,無,
臺北市士林區天福里,115/09/02,江啓南,無,
臺北市士林區天福里,115/09/02,汪瑞霞,無,
臺北市士林區天祿里,115/08/31,李錦琿,無,
臺北市士林區天祿里,115/09/04,王俊智,無,
臺北市士林區天壽里,115/08/31,賴湘湘,無,
臺北市士林區天壽里,115/09/03,陳伯同,無,
臺北市士林區天和里,115/09/01,蔡水生,中國國民黨,
臺北市士林區天和里,115/09/02,郭馨茜,無,
臺北市士林區天和里,115/09/02,蔡明松,無,
臺北市士林區天山里,115/08/31,陳永鴻,無,
臺北市士林區天玉里,115/09/01,蘇虹蓉,無,
臺北市士林區天玉里,115/09/01,陳美麗,無,
臺北市士林區天玉里,115/09/02,徐嘉賢,無,
臺北市士林區天玉里,115/09/03,利鎔任,無,
臺北市士林區天母里,115/09/04,李陳菜蓮,無,
臺北市士林區永福里,115/09/01,林國柱,無,
臺北市士林區公館里,115/09/03,葉進財,無,
臺北市士林區新安里,115/09/02,陳韋甫,無,
臺北市士林區新安里,115/09/02,何吳素梅,無,
臺北市士林區陽明里,115/09/02,黃裕倉,中國國民黨,
臺北市士林區陽明里,115/09/02,邱賢斯,無,
臺北市士林區陽明里,115/09/04,何子淇,無,
臺北市士林區陽明里,115/09/04,吳劉怡岑,無,
臺北市士林區菁山里,115/09/01,何德寬,無,
臺北市士林區菁山里,115/09/02,何勝男,無,
臺北市士林區平等里,115/09/02,徐明忠,無,
臺北市士林區溪山里,115/09/02,黃慧芬,無,
臺北市士林區翠山里,115/09/01,陳之貴,中國國民黨,
臺北市士林區翠山里,115/09/04,顏震文,無,
臺北市士林區臨溪里,115/09/01,郭肇富,無,
臺北市北投區建民里,115/09/02,黃柏淳,無,
臺北市北投區建民里,115/09/03,簡妤年,無,
臺北市北投區文林里,115/09/02,李珮緁,無,
臺北市北投區石牌里,115/09/03,洪美惠,無,
臺北市北投區石牌里,115/09/04,劉蓉蓉,無,
臺北市北投區福興里,115/09/02,周雨芬,無,
臺北市北投區福興里,115/09/03,黃漢堂,無,
臺北市北投區榮光里,115/09/04,蘇寶鈴,無,
臺北市北投區榮華里,115/09/02,何漢清,無,
臺北市北投區榮華里,115/09/04,傅善文,無,
臺北市北投區裕民里,115/08/31,莊振寧,無,
臺北市北投區振華里,115/09/04,郭崇儀,中國國民黨,
臺北市北投區永和里,115/09/03,曾富榆,無,
臺北市北投區永和里,115/09/04,林慧玲,無,
臺北市北投區永欣里,115/08/31,張臺勝,無,
臺北市北投區永欣里,115/09/02,潘萬生,無,
臺北市北投區永明里,115/08/31,何麗玲,中國國民黨,
臺北市北投區永明里,115/09/02,李柏毅,中國國民黨,
臺北市北投區東華里,115/09/04,袁大祥,中國國民黨,
臺北市北投區吉利里,115/08/31,劉序剛,中國國民黨,
臺北市北投區吉利里,115/09/01,張馨方,無,
臺北市北投區吉利里,115/09/04,黃怡菁,無,
臺北市北投區吉慶里,115/09/01,黃勝宗,無,
臺北市北投區尊賢里,115/09/01,張勻通,無,
臺北市北投區尊賢里,115/09/02,陳信宏,無,
臺北市北投區尊賢里,115/09/02,潘陳金桃,無,
臺北市北投區立賢里,115/09/02,邱福銀,無,
臺北市北投區立農里,115/09/02,潘建榮,無,
臺北市北投區立農里,115/09/04,陳思寧,無,
臺北市北投區八仙里,115/09/02,黃永清,無,
臺北市北投區洲美里,115/09/04,陳照梅,無,
臺北市北投區奇岩里,115/09/01,黃靜惠,無,
臺北市北投區奇岩里,115/09/02,賴進利,無,
臺北市北投區清江里,115/09/03,李炳亷,無,
臺北市北投區清江里,115/09/03,黃柏盛,無,
臺北市北投區中央里,115/09/03,許家豪,無,
臺北市北投區中央里,115/09/04,謝欣樺,無,
臺北市北投區長安里,115/09/01,陳章生,無,
臺北市北投區大同里,115/09/03,黃澤雙,無,
臺北市北投區大同里,115/09/04,陳文鈴,無,
臺北市北投區溫泉里,115/09/03,張峻豪,無,
臺北市北投區溫泉里,115/09/04,徐金生,無,
臺北市北投區溫泉里,115/09/04,許智全,無,
臺北市北投區林泉里,115/09/03,陳曉邨,無,
臺北市北投區林泉里,115/09/04,陳惠華,無,
臺北市北投區中心里,115/08/31,陳力彰,無,
臺北市北投區中心里,115/09/03,鄭成功,台灣民主黨,
臺北市北投區中庸里,115/08/31,藍靜莉,無,
臺北市北投區中庸里,115/08/31,魏安國,無,
臺北市北投區中庸里,115/09/04,陳宗陽,無,
臺北市北投區開明里,115/09/04,陳維甸,無,
臺北市北投區開明里,115/09/04,左麗芳,中國國民黨,
臺北市北投區中和里,115/08/31,黃景煌,中國國民黨,
臺北市北投區中和里,115/09/04,洪傳宗,無,
臺北市北投區智仁里,115/08/31,吳淑媚,無,
臺北市北投區智仁里,115/09/01,許世傳,無,
臺北市北投區秀山里,115/09/02,陳雪娥,無,
臺北市北投區秀山里,115/09/02,許家翰,無,
臺北市北投區秀山里,115/09/03,陳壽彭,無,
臺北市北投區文化里,115/09/02,周世英,中國國民黨,
臺北市北投區文化里,115/09/02,洪德芳,無,
臺北市北投區文化里,115/09/04,詹文琦,無,
臺北市北投區豐年里,115/09/02,鄭國華,無,
臺北市北投區豐年里,115/09/02,周江雪珠,無,
臺北市北投區豐年里,115/09/03,蔡宗良,無,
臺北市北投區稻香里,115/09/02,王啟賢,無,
臺北市北投區稻香里,115/09/03,鄭淑芬,無,
臺北市北投區稻香里,115/09/04,白鎮豪,無,
臺北市北投區桃源里,115/09/03,陳仲宏,無,
臺北市北投區桃源里,115/09/04,王秀鳳,無,
臺北市北投區一德里,115/09/02,張文玉,無,
臺北市北投區一德里,115/09/04,黃玉樹,無,
臺北市北投區一德里,115/09/04,徐秋琴,無,
臺北市北投區關渡里,115/09/02,陳文榮,無,
臺北市北投區關渡里,115/09/03,杜勝文,無,
臺北市北投區關渡里,115/09/04,張淑綢,無,
臺北市北投區泉源里,115/09/02,陳志成,中國國民黨,
臺北市北投區湖山里,115/09/02,李秋霞,中國國民黨,
臺北市北投區大屯里,115/09/02,張天恩,無,
臺北市北投區湖田里,115/09/02,曹昌正,無,
新北市板橋區留侯里,115/08/31,黃承亮,無,
新北市板橋區流芳里,115/09/02,陳建雄,中國國民黨,
新北市板橋區赤松里,115/08/31,林文傑,無,
新北市板橋區黃石里,115/09/02,吳聰榮,中國國民黨,
新北市板橋區挹秀里,115/09/01,張麗華,無,
新北市板橋區挹秀里,115/09/03,郭偉琝,無,
新北市板橋區湳興里,115/09/02,洪雅鈴,無,
新北市板橋區新興里,115/09/03,羅朝慶,無,
新北市板橋區社後里,115/08/31,陳婉貞,無,
新北市板橋區社後里,115/09/04,莊晉貴,無,
新北市板橋區香社里,115/09/02,林勝隆,無,
新北市板橋區香社里,115/09/03,廖偉尊,無,
新北市板橋區香社里,115/09/03,簡志雄,無,
新北市板橋區中正里,115/09/02,林煌益,無,
新北市板橋區自強里,115/09/04,張雪嬰,無,
新北市板橋區自立里,115/09/02,呂建同,無,
新北市板橋區光華里,115/08/31,周秀美,無,
新北市板橋區國光里,115/09/02,古炳丁,中國國民黨,
新北市板橋區國光里,115/09/04,裘甯鈞,司法改革黨,
新北市板橋區港尾里,115/09/04,張又云,無,
新北市板橋區金華里,115/08/31,連火顧,無,
新北市板橋區金華里,115/09/02,王鈴源,無,
新北市板橋區金華里,115/09/04,洪譽庭,無,
新北市板橋區港德里,115/09/02,江堡寬,無,
新北市板橋區港德里,115/09/03,黃培鉅,無,
新北市板橋區民權里,115/09/03,黃泰傑,無,
新北市板橋區建國里,115/08/31,李金城,無,
新北市板橋區漢生里,115/09/02,簡宏澤,無,
新北市板橋區漢生里,115/09/03,蕭水文,無,
新北市板橋區公舘里,115/09/02,陳黃逽,無,
新北市板橋區公舘里,115/09/02,鄭宇涵,無,
新北市板橋區公舘里,115/09/02,楊聰義,無,
新北市板橋區新民里,115/09/02,陳博盛,無,
新北市板橋區新民里,115/09/03,林泓均,無,
新北市板橋區幸福里,115/09/02,方秀月,無,
新北市板橋區幸福里,115/09/02,董光祥,無,
新北市板橋區幸福里,115/09/03,吳朝琦,無,
新北市板橋區幸福里,115/09/04,湯婉怡,無,
新北市板橋區忠誠里,115/09/02,陳玉蘭,中國國民黨,
新北市板橋區百壽里,115/09/02,林華偉,無,
新北市板橋區百壽里,115/09/03,林樹枝,無,
新北市板橋區介壽里,115/09/02,李昆晏,無,
新北市板橋區介壽里,115/09/02,陳慧敏,無,
新北市板橋區新埔里,115/09/02,陳芷庭,無,
新北市板橋區新埔里,115/09/04,楊一芳,無,
新北市板橋區華江里,115/09/02,黃發達,無,
新北市板橋區江翠里,115/09/02,蔡孟哲,無,
新北市板橋區純翠里,115/09/02,褚仁德,無,
新北市板橋區溪頭里,115/09/02,余柏緯,無,
新北市板橋區聯翠里,115/09/02,吳麗梅,無,
新北市板橋區聯翠里,115/09/04,鍾玟琪,無,
新北市板橋區宏翠里,115/09/02,黃偉哲,無,
新北市板橋區仁翠里,115/09/03,陳彥呈,無,
新北市板橋區新翠里,115/09/02,林若蓁,無,
新北市板橋區新翠里,115/09/03,盧建智,無,
新北市板橋區新翠里,115/09/03,鄭燕鍬,無,
新北市板橋區吉翠里,115/09/03,陳清玉,無,
新北市板橋區德翠里,115/09/03,葉雲豪,無,
新北市板橋區德翠里,115/09/03,吳偉嘉,無,
新北市板橋區德翠里,115/09/03,張耀仁,無,
新北市板橋區滿翠里,115/08/31,許淑惠,無,
新北市板橋區滿翠里,115/09/02,林重光,無,
新北市板橋區滿翠里,115/09/04,王家舜,無,
新北市板橋區明翠里,115/09/02,徐福生,無,
新北市板橋區明翠里,115/09/02,沈葉美娥,無,
新北市板橋區松翠里,115/09/02,林阿萬,無,
新北市板橋區松翠里,115/09/03,楊樹庭,無,
新北市板橋區柏翠里,115/09/02,余柏陞,無,
新北市板橋區柏翠里,115/09/02,李彥志,無,
新北市板橋區龍翠里,115/09/01,李清源,無,
新北市板橋區龍翠里,115/09/02,張振發,無,
新北市板橋區華翠里,115/09/03,洪燕美,無,
新北市板橋區忠翠里,115/08/31,張慎芝,無,
新北市板橋區忠翠里,115/09/04,施宗偉,無,
新北市板橋區嵐翠里,115/09/02,林彥綱,無,
新北市板橋區文翠里,115/08/31,陳玉鳳,中國和平統一黨,
新北市板橋區文翠里,115/09/02,王永源,無,
新北市板橋區青翠里,115/08/31,楊信昱,無,
新北市板橋區青翠里,115/09/02,林森照,無,
新北市板橋區懷翠里,115/09/03,蘇俊輝,無,
新北市板橋區懷翠里,115/09/03,胡朝賢,無,
新北市板橋區懷翠里,115/09/04,洪文化,無,
新北市板橋區福翠里,115/09/02,陳嘉生,無,
新北市板橋區港嘴里,115/09/02,鄭景耀,無,
新北市板橋區港嘴里,115/09/03,李明陽,無,
新北市板橋區振興里,115/09/02,洪水錦,無,
新北市板橋區振興里,115/09/02,柯仁傑,無,
新北市板橋區振義里,115/09/02,林財發,無,
新北市板橋區振義里,115/09/03,呂志祥,無,
新北市板橋區光復里,115/09/02,王俊智,無,
新北市板橋區埔墘里,115/09/02,曾啟瑜,無,
新北市板橋區長壽里,115/09/02,李俊中,無,
新北市板橋區長壽里,115/09/02,張銘祐,無,
新北市板橋區長壽里,115/09/04,謝宗翰,無,
新北市板橋區福壽里,115/09/04,許明順,無,
新北市板橋區福壽里,115/09/04,蘇炎山,無,
新北市板橋區福壽里,115/09/04,吳昌榮,無,
新北市板橋區海山里,115/08/31,劉韋呈,無,
新北市板橋區海山里,115/08/31,洪正明,無,
新北市板橋區九如里,115/08/31,李建重,無,
新北市板橋區九如里,115/09/02,鄭鈺璉,無,
新北市板橋區玉光里,115/09/02,曾國旃,無,
新北市板橋區光仁里,115/09/02,謝昌佳,無,
新北市板橋區埤墘里,115/09/02,蘇琮貴,無,
新北市板橋區埤墘里,115/09/04,楊逸群,無,
新北市板橋區永安里,115/09/02,羅素娥,無,
新北市板橋區永安里,115/09/03,高導民,無,
新北市板橋區雙玉里,115/09/03,王聰震,無,
新北市板橋區廣新里,115/08/31,黃明和,無,
新北市板橋區深丘里,115/09/02,陳廉誠,無,
新北市板橋區香丘里,115/09/02,蘇淑芳,無,
新北市板橋區香丘里,115/09/03,徐榮洲,無,
新北市板橋區西安里,115/09/02,莊淑慧,無,
新北市板橋區東丘里,115/09/02,黃淑姿,無,
新北市板橋區東丘里,115/09/04,高翊峰,無,
新北市板橋區長安里,115/09/02,陳聰文,無,
新北市板橋區福丘里,115/09/02,謝徐金蓮,中國國民黨,
新北市板橋區福祿里,115/09/02,呂春蘭,中國國民黨,
新北市板橋區民族里,115/09/02,葉成和,無,
新北市板橋區民族里,115/09/02,張進國,無,
新北市板橋區國泰里,115/09/02,陳志煉,無,
新北市板橋區福德里,115/09/02,陳志榮,無,
新北市板橋區福德里,115/09/03,劉慧琳,無,
新北市板橋區景星里,115/09/02,林志成,無,
新北市板橋區福星里,115/09/03,朱泰霖,無,
新北市板橋區鄉雲里,115/09/04,黃志康,無,
新北市板橋區鄉雲里,115/09/04,陳佳霈,無,
新北市板橋區廣德里,115/09/02,周建和,無,
新北市板橋區大豐里,115/09/01,張錦堂,無,
新北市板橋區重慶里,115/09/03,許鳳霞,無,
新北市板橋區仁愛里,115/09/02,周建興,中國國民黨,
新北市板橋區仁愛里,115/09/03,葉中正,中國國民黨,
新北市板橋區仁愛里,115/09/04,賴建鴻,無,
新北市板橋區和平里,115/08/31,李蔡春花,無,
新北市板橋區和平里,115/09/02,張晏誠,無,
新北市板橋區廣福里,115/08/31,林健光,無,
新北市板橋區廣福里,115/09/02,趙桂菊,無,
新北市板橋區華興里,115/09/01,劉憲鐘,無,
新北市板橋區華貴里,115/09/02,林榮彩,無,
新北市板橋區華德里,115/08/31,黃向富,無,
新北市板橋區華德里,115/09/01,吳俊昌,無,
新北市板橋區華德里,115/09/02,陳寶銓,無,
新北市板橋區華德里,115/09/02,程琡媚,無,
新北市板橋區華德里,115/09/04,宋瓊志,無,
新北市板橋區華東里,115/08/31,王典芳,無,
新北市板橋區華東里,115/09/04,林加府,無,
新北市板橋區信義里,115/09/01,黃閎源,無,
新北市板橋區浮洲里,115/09/02,曾淑柔,無,
新北市板橋區浮洲里,115/09/04,賴姿吟,無,
新北市板橋區華中里,115/09/01,黃榮煌,無,
新北市板橋區僑中里,115/09/01,陳成堂,無,
新北市板橋區僑中里,115/09/01,羅引聯,無,
新北市板橋區僑中里,115/09/02,連招,無,
新北市板橋區僑中里,115/09/02,連昆盛,無,
新北市板橋區僑中里,115/09/03,黃柏信,無,
新北市板橋區中山里,115/09/02,林爽,無,
新北市板橋區復興里,115/09/02,郭宗輝,無,
新北市板橋區大安里,115/09/02,洪裕順,無,
新北市板橋區大安里,115/09/02,陳勇鎬,無,
新北市板橋區福安里,115/09/01,朱軍翰,無,
新北市板橋區福安里,115/09/03,紀懿容,無,
新北市板橋區聚安里,115/08/31,蔡世川,無,
新北市板橋區龍安里,115/08/31,黃春生,無,
新北市板橋區崑崙里,115/09/02,魏烽智,無,
新北市板橋區崑崙里,115/09/03,魏美玲,無,
新北市板橋區溪洲里,115/09/02,王山崎,無,
新北市板橋區溪北里,115/09/02,黃炳南,無,
新北市板橋區香雅里,115/08/31,謝淑姿,無,
新北市板橋區香雅里,115/09/02,沈芸榛,無,
新北市板橋區新生里,115/09/02,王保利,無,
新北市板橋區文德里,115/09/01,賴錦賜,無,
新北市板橋區文化里,115/09/02,莊英杰,無,
新北市板橋區文化里,115/09/03,陳英豪,無,
新北市板橋區新海里,115/08/31,楊英楷,無,
新北市板橋區新海里,115/09/02,陳嘉祥,無,
新北市板橋區新海里,115/09/03,蔡慶發,無,
新北市板橋區新海里,115/09/03,宋靜庭,無,
新北市板橋區新海里,115/09/04,黃正男,無,
新北市板橋區莒光里,115/09/03,呂永欽,無,
新北市板橋區莒光里,115/09/03,戴圭柱,無,
新北市板橋區富貴里,115/09/02,詹汝,無,
新北市板橋區正泰里,115/09/02,羅祐祥,無,
新北市板橋區正泰里,115/09/02,黃小芬,無,
新北市板橋區民生里,115/09/02,潘旭昇,無,
新北市板橋區民生里,115/09/03,楊學文,無,
新北市板橋區後埔里,115/09/02,呂麗鳳,無,
新北市板橋區後埔里,115/09/03,林義壽,無,
新北市板橋區華福里,115/09/02,陳素玉,無,
新北市板橋區華福里,115/09/03,林金明,無,
新北市板橋區堂春里,115/09/02,劉世標,無,
新北市板橋區成和里,115/09/02,鄧月茶,無,
新北市板橋區光榮里,115/09/02,林水壽,無,
新北市板橋區光榮里,115/09/04,盛瑞麟,無,
新北市板橋區民安里,115/09/03,吳致宏,中國國民黨,
新北市板橋區陽明里,115/09/01,蔡淑津,無,
新北市板橋區陽明里,115/09/02,王源興,無,
新北市板橋區朝陽里,115/08/31,陳文成,無,
新北市板橋區朝陽里,115/09/03,黃尤如,無,
新北市板橋區朝陽里,115/09/04,葉雅鳳,無,
新北市板橋區松柏里,115/08/31,王宏志,無,
新北市板橋區文聖里,115/08/31,楊仁瑰,無,
新北市板橋區文聖里,115/09/03,鄭素瓊,無,
新北市板橋區居仁里,115/09/04,郭新芳,無,
新北市板橋區莊敬里,115/08/31,戴清芳,無,
新北市板橋區東安里,115/08/31,陳聰騰,無,
新北市板橋區五權里,115/08/31,黃國展,無,
新北市板橋區五權里,115/09/02,洪文等,無,
新北市板橋區溪福里,115/09/02,楊秋菊,無,
新北市板橋區溪福里,115/09/03,邱麗珠,無,
新北市板橋區大觀里,115/09/02,何明山,無,
新北市板橋區歡園里,115/09/03,王國龍,無,
新北市三重區大有里,115/08/31,鐘林美珠,無,
新北市三重區二重里,115/09/02,吳淑貞,無,
新北市三重區頂崁里,115/09/02,郭文屏,無,
新北市三重區谷王里,115/09/02,莊健昌,無,
新北市三重區中興里,115/08/31,鄭維豐,無,
新北市三重區中興里,115/09/02,林深泉,無,
新北市三重區中興里,115/09/03,李東穎,無,
新北市三重區德厚里,115/09/02,李燕清,無,
新北市三重區成功里,115/09/02,吳仁傑,無,
新北市三重區成功里,115/09/03,柳美惠,無,
新北市三重區成功里,115/09/04,許玉娟,無,
新北市三重區福祉里,115/09/02,陳天森,無,
新北市三重區福民里,115/09/02,林麗枝,民主進步黨,
新北市三重區福民里,115/09/03,吳向傑,無,
新北市三重區過田里,115/08/31,林鳳秋,無,
新北市三重區錦田里,115/09/02,李余穎偉,無,
新北市三重區錦田里,115/09/02,陳金來,無,
新北市三重區重明里,115/09/03,蔡淑玲,無,
新北市三重區光田里,115/09/02,黃文鴻,無,
新北市三重區光田里,115/09/04,楊于潔,無,
新北市三重區光陽里,115/08/31,江燕輝,無,
新北市三重區田心里,115/09/01,蔡雪姮,無,
新北市三重區田心里,115/09/02,廖興超,無,
新北市三重區福田里,115/09/01,林驛嫙,無,
新北市三重區福田里,115/09/03,林清圳,無,
新北市三重區田中里,115/09/02,詹貴洪,無,
新北市三重區田安里,115/08/31,呂誠發,無,
新北市三重區田安里,115/09/02,許俊福,無,
新北市三重區田安里,115/09/02,余嘉豪,無,
新北市三重區三民里,115/09/02,謝素玲,無,
新北市三重區光明里,115/09/02,李政達,無,
新北市三重區光正里,115/08/31,陳志賢,無,
新北市三重區同安里,115/09/02,陳首清,無,
新北市三重區同慶里,115/09/02,張絮淳,無,
新北市三重區菜寮里,115/08/31,梁進益,無,
新北市三重區永春里,115/09/03,陳虹蓁,無,
新北市三重區中正里,115/08/31,陳竑賱,無,
新北市三重區中正里,115/09/02,范月梅,無,
新北市三重區吉利里,115/09/02,陳金星,無,
新北市三重區大同里,115/09/02,李錫旺,無,
新北市三重區大同里,115/09/02,林汝聰,無,
新北市三重區中民里,115/09/02,蔡美芬,無,
新北市三重區中民里,115/09/02,許雅鈴,無,
新北市三重區中民里,115/09/02,許邑澧,無,
新北市三重區平和里,115/09/04,黃進行,無,
新北市三重區大安里,115/09/03,羅家林,無,
新北市三重區大安里,115/09/04,張志明,無,
新北市三重區仁德里,115/09/02,陳明志,無,
新北市三重區忠孝里,115/09/02,劉子毓,無,
新北市三重區仁義里,115/09/02,林武雄,無,
新北市三重區光榮里,115/09/01,劉進明,無,
新北市三重區光輝里,115/09/01,蘇梅梅,無,
新北市三重區光輝里,115/09/02,吳松春,無,
新北市三重區福星里,115/08/31,紀信助,無,
新北市三重區福利里,115/08/31,劉佩華,無,
新北市三重區清和里,115/08/31,楊乾坤,無,
新北市三重區永興里,115/09/04,李金壖,無,
新北市三重區永興里,115/09/04,吳明偉,無,
新北市三重區中山里,115/09/03,黃弘毅,無,
新北市三重區大園里,115/09/02,李宗霖,無,
新北市三重區國隆里,115/09/03,傅孫昇,無,
新北市三重區國隆里,115/09/04,朱怡馨,無,
新北市三重區重陽里,115/09/02,陳興農,民主進步黨,
新北市三重區重陽里,115/09/04,王秀玲,無,
新北市三重區民生里,115/09/02,陳海順,民主進步黨,
新北市三重區重新里,115/09/02,柯又方,無,
新北市三重區正德里,115/09/02,賴樹林,無,
新北市三重區正義里,115/09/01,黃烈山,無,
新北市三重區正安里,115/09/03,高素梅,無,
新北市三重區自強里,115/08/31,王鴻賓,無,
新北市三重區文化里,115/09/02,陳福勝,無,
新北市三重區文化里,115/09/03,王錫榮,無,
新北市三重區文化里,115/09/04,吳昌賢,無,
新北市三重區中央里,115/09/02,馮珮媗,民主進步黨,
新北市三重區中央里,115/09/02,時宗凱,無,
新北市三重區雙園里,115/08/31,藍裕舜,無,
新北市三重區錦通里,115/09/04,郭美慧,無,
新北市三重區錦通里,115/09/04,林盈彤,無,
新北市三重區錦安里,115/09/02,吳淑玲,無,
新北市三重區錦安里,115/09/02,朱志平,無,
新北市三重區長安里,115/09/02,李定軒,無,
新北市三重區長安里,115/09/03,李宗烈,無,
新北市三重區光華里,115/08/31,林軍道,民主進步黨,
新北市三重區光華里,115/09/03,蕭妤帆,無,
新北市三重區長生里,115/09/02,王阿育,無,
新北市三重區長生里,115/09/03,張雅婷,無,
新北市三重區開元里,115/08/31,黃仁結,無,
新北市三重區開元里,115/09/02,潘素珍,無,
新北市三重區大德里,115/09/02,林茂文,無,
新北市三重區大德里,115/09/02,林正棚,無,
新北市三重區大德里,115/09/03,蔡孟玿,無,
新北市三重區長元里,115/09/02,梁聰明,無,
新北市三重區長江里,115/09/02,方美珠,無,
新北市三重區長泰里,115/09/03,陳俊霖,無,
新北市三重區長福里,115/09/02,林壽,無,
新北市三重區介壽里,115/08/31,林志祥,無,
新北市三重區萬壽里,115/09/03,袁翠蘭,無,
新北市三重區錦江里,115/09/02,江茂隆,民主進步黨,
新北市三重區錦江里,115/09/03,王梅芳,無,
新北市三重區龍濱里,115/09/01,曾添發,無,
新北市三重區龍門里,115/08/31,吳献彰,無,
新北市三重區秀江里,115/09/03,陳貴美,無,
新北市三重區奕壽里,115/09/02,周政宏,無,
新北市三重區奕壽里,115/09/02,董仲晃,無,
新北市三重區三安里,115/09/02,蔡政宗,無,
新北市三重區三安里,115/09/02,羅曉晴,無,
新北市三重區福安里,115/09/02,施正通,無,
新北市三重區信安里,115/09/02,江政洋,無,
新北市三重區信安里,115/09/04,林沛晴,無,
新北市三重區安慶里,115/09/02,林金兩,無,
新北市三重區幸福里,115/08/31,郭冬賜,無,
新北市三重區六合里,115/09/02,許萬金,無,
新北市三重區六福里,115/09/02,洪順亮,無,
新北市三重區順德里,115/08/31,李鴻志,無,
新北市三重區承德里,115/09/02,吳政權,無,
新北市三重區瑞德里,115/09/02,陳仕宏,無,
新北市三重區崇德里,115/09/02,吳芳明,無,
新北市三重區厚德里,115/09/02,沈世隆,無,
新北市三重區厚德里,115/09/02,陳榮楠,無,
新北市三重區維德里,115/09/02,姚振芳,無,
新北市三重區尚德里,115/09/02,許朝順,無,
新北市三重區培德里,115/09/03,謝蕙鎂,無,
新北市三重區培德里,115/09/03,盧姿貝,無,
新北市三重區永德里,115/09/02,陳冠霖,無,
新北市三重區永德里,115/09/04,李文安,無,
新北市三重區永盛里,115/09/02,侯錦足,無,
新北市三重區永福里,115/09/01,呂宜興,無,
新北市三重區永福里,115/09/02,黃淑敏,無,
新北市三重區永清里,115/09/02,吳瑞發,無,
新北市三重區永安里,115/09/01,黃育任,民主進步黨,
新北市三重區永安里,115/09/03,黃麗伃,無,
新北市三重區永煇里,115/08/31,黃志明,無,
新北市三重區溪美里,115/09/02,葉仁德,無,
新北市三重區福隆里,115/09/03,曾嘉斌,無,
新北市三重區福隆里,115/09/04,洪珮馨,無,
新北市三重區五常里,115/09/02,林忠諺,民主進步黨,
新北市三重區五福里,115/09/02,李福山,無,
新北市三重區五福里,115/09/04,廖俊銘,無,
新北市三重區仁忠里,115/09/02,黃演添,無,
新北市三重區慈福里,115/09/02,邱茂泉,無,
新北市三重區慈生里,115/09/04,吳瓊茹,無,
新北市三重區慈惠里,115/09/02,蔡清德,無,
新北市三重區慈愛里,115/09/02,李漢琦,無,
新北市三重區慈愛里,115/09/02,李國華,無,
新北市三重區慈愛里,115/09/02,許志明,無,
新北市三重區慈化里,115/09/01,劉守濯,民主進步黨,
新北市三重區慈化里,115/09/02,張清泉,無,
新北市三重區慈祐里,115/09/03,陳春松,無,
新北市三重區慈祐里,115/09/04,謝豪能,無,
新北市三重區五華里,115/09/02,楊志評,無,
新北市三重區五華里,115/09/02,林榮裕,無,
新北市三重區富貴里,115/09/04,胡智中,無,
新北市三重區富貴里,115/09/04,胡天龍,無,
新北市三重區富華里,115/09/02,宋美滿,無,
新北市三重區富華里,115/09/02,呂嫈潔,無,
新北市三重區富福里,115/09/01,陳惟國,無,
新北市三重區碧華里,115/09/02,林佳鴻,無,
新北市三重區碧華里,115/09/04,葉鴻真,無,
新北市三重區五谷里,115/08/31,張善紘,無,
新北市三重區五谷里,115/08/31,林木華,無,
新北市三重區五谷里,115/09/02,施滄隆,無,
新北市三重區博愛里,115/09/02,范玉崎,無,
新北市三重區博愛里,115/09/04,林瑞萍,無,
新北市三重區福德里,115/09/02,吳叁寶,無,
新北市三重區永吉里,115/08/31,劉蕙瑩,無,
新北市三重區永發里,115/09/03,陳綉娜,無,
新北市三重區永順里,115/09/02,許嘉陣,無,
新北市三重區永豐里,115/09/02,黃文信,無,
新北市三重區永豐里,115/09/02,莊惠品,無,
新北市三重區立德里,115/09/02,劉其峰,無,
新北市三重區立德里,115/09/04,廖紫琪,無,
新北市三重區福樂里,115/08/31,蘇修賢,民主進步黨,
新北市三重區仁華里,115/09/03,洪國林,無,
新北市三重區五順里,115/09/02,葉頴儒,民主進步黨,
新北市三重區五順里,115/09/02,高秀琴,無,
新北市中和區中原里,115/09/02,陳慧書,無,
新北市中和區平河里,115/09/01,黃湘雲,無,
新北市中和區信和里,115/08/31,范志嘉,無,
新北市中和區信和里,115/09/02,許泰銘,無,
新北市中和區信和里,115/09/02,呂欣倫,無,
新北市中和區仁和里,115/09/01,林紹逸,無,
新北市中和區仁和里,115/09/02,姚玄謀,無,
新北市中和區中正里,115/09/02,李銀花,無,
新北市中和區中正里,115/09/03,呂嘉原,無,
新北市中和區建和里,115/09/02,江曉佩,中國國民黨,
新北市中和區連和里,115/08/31,朱榮凱,中國國民黨,
新北市中和區連和里,115/09/01,林志勇,無,
新北市中和區連城里,115/09/02,沈呈隆,無,
新北市中和區連城里,115/09/02,林仁凱,中國國民黨,
新北市中和區力行里,115/09/01,周聰明,中國國民黨,
新北市中和區枋寮里,115/08/31,羅仕滄,中國國民黨,
新北市中和區漳和里,115/09/02,劉建盛,無,
新北市中和區廟美里,115/09/02,鄭鈞瑋,中國國民黨,
新北市中和區福真里,115/09/02,蔡昭發,無,
新北市中和區福善里,115/08/31,許炳楠,無,
新北市中和區福善里,115/09/01,陳愷松,中國國民黨,
新北市中和區福美里,115/09/01,梁廸文,中國國民黨,
新北市中和區福美里,115/09/03,許寶珠,無,
新北市中和區福祥里,115/09/01,張昌期,無,
新北市中和區福祥里,115/09/01,吳承翰,無,
新北市中和區瓦磘里,115/09/02,林綺芳,中國國民黨,
新北市中和區瓦磘里,115/09/03,洪文龍,無,
新北市中和區福和里,115/08/31,王峯輝,無,
新北市中和區福和里,115/09/03,簡健翔,無,
新北市中和區佳和里,115/09/02,陳得福,無,
新北市中和區安樂里,115/09/02,呂福來,中國國民黨,
新北市中和區安和里,115/09/02,吳金,中國國民黨,
新北市中和區安和里,115/09/03,呂理宏,無,
新北市中和區安平里,115/09/02,林芳飾,中國國民黨,
新北市中和區中安里,115/09/04,陳莉雲,中國國民黨,
新北市中和區中安里,115/09/04,林素媛,無,
新北市中和區泰安里,115/09/02,林美惠,中國國民黨,
新北市中和區泰安里,115/09/03,林受儒,無,
新北市中和區新南里,115/09/03,申文博,中國國民黨,
新北市中和區南山里,115/08/31,王建中,無,
新北市中和區南山里,115/09/01,紀忠和,中國國民黨,
新北市中和區南山里,115/09/02,周宏霖,無,
新北市中和區秀山里,115/09/02,林秋宇,中國國民黨,
新北市中和區秀成里,115/09/03,吳金松,中國國民黨,
新北市中和區秀福里,115/09/02,林美慧,無,
新北市中和區秀福里,115/09/03,劉宸龍,中國國民黨,
新北市中和區秀福里,115/09/03,林江西,無,
新北市中和區秀景里,115/09/02,李淙河,中國國民黨,
新北市中和區秀明里,115/09/02,趙道君,無,
新北市中和區秀明里,115/09/02,施義男,中國國民黨,
新北市中和區秀峰里,115/09/02,周存炎,中國國民黨,
新北市中和區秀峰里,115/09/04,洪順得,無,
新北市中和區秀仁里,115/09/03,陳慶章,無,
新北市中和區頂南里,115/09/02,邱煥焜,無,
新北市中和區頂南里,115/09/03,謝森儒,中國國民黨,
新北市中和區華新里,115/08/31,李枝儒,無,
新北市中和區華新里,115/09/02,楊錦煌,無,
新北市中和區東南里,115/09/01,李武雄,中國國民黨,
新北市中和區東南里,115/09/02,杭雲河,無,
新北市中和區東南里,115/09/04,董定儒,無,
新北市中和區華南里,115/09/03,林平發,中國國民黨,
新北市中和區忠孝里,115/09/03,李柏雲,中國國民黨,
新北市中和區忠孝里,115/09/03,呂秋東,無,
新北市中和區崇南里,115/09/02,林秀貞,無,
新北市中和區景南里,115/09/03,胡宇辰,中國國民黨,
新北市中和區橫路里,115/09/02,呂星輝,中國國民黨,
新北市中和區內南里,115/09/02,詹詔華,無,
新北市中和區內南里,115/09/03,曾金禧,中國國民黨,
新北市中和區壽南里,115/09/02,呂武雄,中國國民黨,
新北市中和區壽南里,115/09/02,周火旺,無,
新北市中和區外南里,115/09/02,連顯達,中國國民黨,
新北市中和區復興里,115/09/01,尤敏玉,無,
新北市中和區復興里,115/09/04,王萱蓉,無,
新北市中和區和興里,115/09/02,蔡璧如,無,
新北市中和區景平里,115/08/31,游一龍,中國國民黨,
新北市中和區景平里,115/09/02,鄭偉鈞,無,
新北市中和區景新里,115/08/31,游季霖,中國國民黨,
新北市中和區景新里,115/09/01,蔣孝文,無,
新北市中和區景福里,115/08/31,王坤茂,中國國民黨,
新北市中和區景安里,115/08/31,徐雅玲,中國國民黨,
新北市中和區景文里,115/09/02,林東銘,無,
新北市中和區錦和里,115/08/31,林進明,無,
新北市中和區錦昌里,115/09/03,邱尾玟,中國國民黨,
新北市中和區灰磘里,115/09/03,林鑫宏,無,
新北市中和區積穗里,115/09/02,陳致廷,無,
新北市中和區民享里,115/09/02,簡美蓮,無,
新北市中和區民享里,115/09/04,何炳蓬,無,
新北市中和區員山里,115/09/02,藍國鐘,無,
新北市中和區員山里,115/09/04,陳文慧,無,
新北市中和區嘉穗里,115/09/03,吳有參,無,
新北市中和區文元里,115/08/31,吳欣怡,無,
新北市中和區嘉新里,115/09/02,林后福,無,
新北市中和區民安里,115/09/02,張金鳳,無,
新北市中和區安穗里,115/09/03,周靜萱,無,
新北市中和區瑞穗里,115/09/01,陳美華,中國國民黨,
新北市中和區明穗里,115/09/02,何韋翰,無,
新北市中和區明穗里,115/09/03,游秀卿,無,
新北市中和區明穗里,115/09/04,何旻蓉,無,
新北市中和區清穗里,115/09/01,黃淑琴,無,
新北市中和區清穗里,115/09/02,王證雅,無,
新北市中和區清穗里,115/09/03,沈彥國,無,
新北市中和區自強里,115/08/31,郭中和,無,
新北市中和區自強里,115/09/02,王濃峰,無,
新北市中和區自強里,115/09/03,張興順,無,
新北市中和區德穗里,115/09/01,余武州,無,
新北市中和區德穗里,115/09/02,詹文定,中國國民黨,
新北市中和區民生里,115/09/02,朱朝鶯,無,
新北市中和區國光里,115/09/01,廖素真,無,
新北市中和區國光里,115/09/02,蘇俊琦,無,
新北市中和區壽德里,115/09/02,張宗正,中國國民黨,
新北市中和區明德里,115/09/03,羅健容,無,
新北市中和區秀水里,115/09/01,湯寶珠,無,
新北市中和區秀水里,115/09/04,陳炳男,中國國民黨,
新北市中和區德行里,115/09/02,陳靜宜,中國國民黨,
新北市中和區宜安里,115/09/02,劉紘齊,無,
新北市中和區宜安里,115/09/02,陳素貞,中國國民黨,
新北市中和區宜安里,115/09/03,陳惠玲,無,
新北市中和區安順里,115/08/31,王雪秋,中國國民黨,
新北市中和區秀義里,115/09/03,張文亮,無,
新北市中和區秀義里,115/09/04,盧龍州,無,
新北市中和區秀士里,115/09/04,洪易松,中國國民黨,
新北市中和區興南里,115/08/31,葛國華,無,
新北市中和區興南里,115/09/02,呂明志,中國國民黨,
新北市中和區景本里,115/09/02,張林秀麗,中國國民黨,
新北市中和區福南里,115/09/02,邱淑芬,中國國民黨,
新北市中和區福南里,115/09/03,李柏健,無,
新北市中和區中興里,115/09/02,游志鴻,中國國民黨,
新北市中和區中興里,115/09/04,蕭蒼澤,無,
新北市中和區吉興里,115/08/31,陳成功,無,
新北市中和區中山里,115/09/02,吳桓昌,無,
新北市中和區中山里,115/09/03,王柏堯,中國國民黨,
新北市中和區中山里,115/09/03,李慶財,無,
新北市中和區中山里,115/09/03,謝昆賢,中國國民黨,
新北市中和區中山里,115/09/03,陳秀蘭,無,
新北市中和區中山里,115/09/04,王陳玲玲,無,
新北市中和區碧河里,115/09/03,賴清華,無,
新北市中和區錦中里,115/09/02,范榮豐,無,
新北市中和區錦盛里,115/09/03,林建全,無,
新北市中和區民有里,115/09/02,謝清炎,無,
新北市中和區民有里,115/09/02,鄭銀,無,
新北市中和區民有里,115/09/04,張育菱,無,
新北市中和區員富里,115/09/03,蔡宗霖,無,
新北市中和區嘉慶里,115/09/02,吳永華,無,
新北市中和區冠穗里,115/09/02,郭祥億,無,
新北市中和區冠穗里,115/09/03,鄭經美,中國國民黨,
新北市中和區國華里,115/08/31,江朋翰,無,
新北市中和區國華里,115/09/02,李榮華,無,
新北市中和區國華里,115/09/03,童淑娟,無,
新北市中和區國華里,115/09/03,蔡秀鴻,無,
新北市中和區國華里,115/09/03,周鴻廷,無,
新北市中和區正南里,115/09/02,游滿堂,中國國民黨,
新北市中和區正南里,115/09/04,梅雨涵,無,
新北市中和區正行里,115/08/31,陳盈君,無,
新北市永和區福林里,115/09/02,孫協同,中國國民黨,
新北市永和區文化里,115/09/01,陳水上,中國國民黨,
新北市永和區文化里,115/09/04,蔡旻諺,無,
新北市永和區豫溪里,115/09/02,廖亦芳,無,
新北市永和區豫溪里,115/09/04,謝宜儒,無,
新北市永和區光明里,115/09/01,呂嘉慧,中國國民黨,
新北市永和區仁愛里,115/09/02,李天助,中國國民黨,
新北市永和區永貞里,115/08/31,薛凌亞,無,
新北市永和區永福里,115/09/02,陳紫渝,無,
新北市永和區民治里,115/09/02,蘇春財,中國國民黨,
新北市永和區忠義里,115/08/31,向志華,無,
新北市永和區忠義里,115/09/01,陳英偉,中國國民黨,
新北市永和區永元里,115/08/31,賴銘助,中國國民黨,
新北市永和區永元里,115/09/01,柯泳瑜,無,
新北市永和區永元里,115/09/02,呂志宏,中國國民黨,
新北市永和區秀林里,115/09/02,関宏達,中國國民黨,
新北市永和區秀林里,115/09/04,廖科貿,無,
新北市永和區保安里,115/09/02,許永豪,中國國民黨,
新北市永和區中溪里,115/09/01,吳春玉,中國國民黨,
新北市永和區中溪里,115/09/01,林澧柔,無,
新北市永和區中溪里,115/09/03,馮品睿,無,
新北市永和區永安里,115/09/03,陳欽宗,中國國民黨,
新北市永和區民族里,115/08/31,張淑美,中國國民黨,
新北市永和區民權里,115/08/31,呂維晞,無,
新北市永和區民權里,115/09/02,林安迪,中國國民黨,
新北市永和區民權里,115/09/03,陳彥希,無,
新北市永和區中興里,115/09/03,林東誼,中國國民黨,
新北市永和區勵行里,115/09/03,陳羚宏,中國國民黨,
新北市永和區秀朗里,115/09/02,沈賜是,中國國民黨,
新北市永和區秀成里,115/08/31,陸雅涵,無,
新北市永和區秀成里,115/09/04,黃昰瑋,中國國民黨,
新北市永和區上溪里,115/09/03,賴儀津,中國國民黨,
新北市永和區上溪里,115/09/03,蔡裕馨,無,
新北市永和區竹林里,115/09/03,沈沛琳,中國國民黨,
新北市永和區雙和里,115/09/03,黃珠珪,中國國民黨,
新北市永和區安和里,115/09/03,葉齊佳,無,
新北市永和區安和里,115/09/03,王盈芳,中國國民黨,
新北市永和區水源里,115/08/31,柯義和,中國國民黨,
新北市永和區協和里,115/09/02,陳昱庭,中國國民黨,
新北市永和區河堤里,115/09/03,陳功明,無,
新北市永和區頂溪里,115/09/04,蔡美娟,中國國民黨,
新北市永和區潭墘里,115/08/31,阮汪淑華,中國國民黨,
新北市永和區潭墘里,115/08/31,賴薇如,無,
新北市永和區潭墘里,115/09/04,沈易鈞,無,
新北市永和區潭安里,115/09/03,游富喬,中國國民黨,
新北市永和區大新里,115/09/03,朱文燦,中國國民黨,
新北市永和區保平里,115/09/03,王春琇,無,
新北市永和區民本里,115/08/31,曹麗莉,無,
新北市永和區民本里,115/09/04,林春花,無,
新北市永和區民樂里,115/09/02,潘慶忠,中國國民黨,
新北市永和區民樂里,115/09/03,劉善珍,無,
新北市永和區光復里,115/09/01,張漢坤,無,
新北市永和區光復里,115/09/04,蔡水璋,無,
新北市永和區復興里,115/09/02,葉斯修,中國國民黨,
新北市永和區福和里,115/08/31,王淑美,中國國民黨,
新北市永和區得和里,115/09/03,呂裕順,中國國民黨,
新北市永和區得和里,115/09/03,蔡喬恩,無,
新北市永和區智光里,115/08/31,趙珮蓁,中國國民黨,
新北市永和區新生里,115/09/02,姜銀英,中國國民黨,
新北市永和區大同里,115/09/02,陳健蒼,中國國民黨,
新北市永和區前溪里,115/09/02,方金源,中國國民黨,
新北市永和區和平里,115/09/02,涂敬熙,無,
新北市永和區和平里,115/09/02,柳舒雲,中國國民黨,
新北市永和區新廍里,115/09/02,周國良,中國國民黨,
新北市永和區新廍里,115/09/02,紀詠心,無,
新北市永和區下溪里,115/09/02,林敏德,中國國民黨,
新北市永和區秀和里,115/08/31,孫和連,中國國民黨,
新北市永和區秀和里,115/09/02,孫銘現,無,
新北市永和區秀和里,115/09/02,孫泊榮,無,
新北市永和區秀和里,115/09/03,陳柏璋,無,
新北市永和區河濱里,115/08/31,李洪鑫,無,
新北市永和區河濱里,115/09/01,孫黃秋月,中國國民黨,
新北市永和區民生里,115/09/02,黃新旺,中國國民黨,
新北市永和區秀得里,115/09/03,高欽,中國國民黨,
新北市永和區秀得里,115/09/03,施慧心,台灣新住民黨,
新北市永和區上林里,115/09/01,林維楠,中國國民黨,
新北市永和區網溪里,115/09/03,陳建全,中國國民黨,
新北市永和區正興里,115/09/02,江貴滿,中國國民黨,
新北市永和區永興里,115/09/03,陳佳慧,中國國民黨,
新北市永和區永興里,115/09/03,袁江龍,無,
新北市永和區桂林里,115/09/02,陶世緯,中國國民黨,
新北市永和區桂林里,115/09/03,盧宣蓉,無,
新北市永和區店街里,115/09/04,王訢人,中國國民黨,
新北市永和區信義里,115/09/03,周文榮,中國國民黨,
新北市永和區信義里,115/09/03,莊瑞雲,無,
新北市永和區後溪里,115/08/31,莊銘淵,民主進步黨,
新北市永和區民富里,115/08/31,林士翔,中國國民黨,
新北市永和區秀元里,115/09/03,饒金妹,中國國民黨,
新北市永和區永樂里,115/09/02,許祐豪,中國國民黨,
新北市永和區永樂里,115/09/04,邱柏崴,無,
新北市永和區永樂里,115/09/04,張宜瀅,無,
新北市永和區保順里,115/09/03,林葉成,中國國民黨,
新北市永和區保順里,115/09/03,林曉慧,無,
新北市永和區保順里,115/09/04,陳嘉信,無,
新北市永和區保順里,115/09/04,翁千惠,無,
新北市新莊區海山里,115/08/31,呂馮麗捐,無,
新北市新莊區海山里,115/09/02,童滿金,無,
新北市新莊區頭前里,115/09/02,許莅晟,無,
新北市新莊區頭前里,115/09/02,陳美蘭,民主進步黨,
新北市新莊區頭前里,115/09/03,葉張素秋,無,
新北市新莊區頭前里,115/09/04,黃國訓,無,
新北市新莊區國泰里,115/09/01,林亦軒,無,
新北市新莊區國泰里,115/09/01,黃振榮,無,
新北市新莊區國泰里,115/09/03,郭先玄,無,
新北市新莊區全安里,115/08/31,蔡明祥,無,
新北市新莊區福基里,115/09/03,王曜輝,無,
新北市新莊區福基里,115/09/04,邱吉均,無,
新北市新莊區豐年里,115/09/02,歐士民,無,
新北市新莊區豐年里,115/09/03,林麗華,無,
新北市新莊區忠孝里,115/09/02,林長川,無,
新北市新莊區忠孝里,115/09/02,李志賢,無,
新北市新莊區恆安里,115/09/02,蔡陳恒菊,無,
新北市新莊區後港里,115/09/02,邱冠豪,無,
新北市新莊區後港里,115/09/03,黃語珍,無,
新北市新莊區文衡里,115/09/01,張克擎,無,
新北市新莊區文衡里,115/09/02,王慶順,無,
新北市新莊區中美里,115/08/31,陳明卿,民主進步黨,
新北市新莊區中美里,115/09/02,楊燦祿,無,
新北市新莊區中美里,115/09/02,馬杏蓉,無,
新北市新莊區八德里,115/09/01,吳競雄,無,
新北市新莊區八德里,115/09/02,江俊男,無,
新北市新莊區八德里,115/09/02,張中韋,無,
新北市新莊區八德里,115/09/03,程俊勲,無,
新北市新莊區興漢里,115/08/31,簡明德,中國國民黨,
新北市新莊區中和里,115/08/31,林孟鴻,無,
新北市新莊區西盛里,115/09/02,陳金田,無,
新北市新莊區榮和里,115/08/31,蔡易陳,無,
新北市新莊區中泰里,115/09/02,郭樹琳,中國國民黨,
新北市新莊區中泰里,115/09/03,陳國平,無,
新北市新莊區瓊林里,115/08/31,吳佳擇,無,
新北市新莊區文德里,115/08/31,陳圓光,無,
新北市新莊區中誠里,115/09/02,沈丁子,無,
新北市新莊區裕民里,115/09/01,廖珮嵐,無,
新北市新莊區裕民里,115/09/02,林秋福,民主進步黨,
新北市新莊區文明里,115/09/02,張魏春花,無,
新北市新莊區中港里,115/08/31,高忠傑,無,
新北市新莊區中港里,115/08/31,許翠華,無,
新北市新莊區富國里,115/09/03,許游美蘭,無,
新北市新莊區思源里,115/08/31,沈明耀,民主進步黨,
新北市新莊區思源里,115/09/02,許明偉,無,
新北市新莊區立人里,115/09/02,吳碧麗,無,
新北市新莊區立人里,115/09/04,黃素翎,無,
新北市新莊區南港里,115/09/02,林朝基,無,
新北市新莊區南港里,115/09/04,林廖月英,無,
新北市新莊區仁愛里,115/09/02,吳俊聲,無,
新北市新莊區立德里,115/09/02,陳玉章,無,
新北市新莊區立德里,115/09/02,莊玉雲,無,
新北市新莊區信義里,115/09/02,吳秋桂,無,
新北市新莊區立言里,115/09/03,劉進益,無,
新北市新莊區民安里,115/09/02,許桎逢,無,
新北市新莊區民安里,115/09/02,黃科銘,無,
新北市新莊區和平里,115/08/31,蔡河彬,民主進步黨,
新北市新莊區和平里,115/09/02,翁昭仁,無,
新北市新莊區和平里,115/09/03,郭秋芬,無,
新北市新莊區和平里,115/09/04,林俊如,無,
新北市新莊區立功里,115/08/31,陳易澤,無,
新北市新莊區民本里,115/09/02,陳秋月,無,
新北市新莊區化成里,115/08/31,陳正城,無,
新北市新莊區化成里,115/09/01,陳家強,無,
新北市新莊區化成里,115/09/03,李冠杰,無,
新北市新莊區立志里,115/09/02,陳立,無,
新北市新莊區光華里,115/09/02,陳金昌,無,
新北市新莊區光華里,115/09/02,黃錦雲,無,
新北市新莊區光華里,115/09/03,謝玫萱,無,
新北市新莊區思賢里,115/08/31,楊祐全,無,
新北市新莊區思賢里,115/09/03,鄭晏青,無,
新北市新莊區營盤里,115/09/02,楊翠蓮,無,
新北市新莊區營盤里,115/09/03,林宗暉,無,
新北市新莊區光榮里,115/08/31,張湘琪,無,
新北市新莊區自強里,115/09/03,柯蔡阿菜,無,
新北市新莊區丹鳳里,115/09/02,林永傑,無,
新北市新莊區光明里,115/08/31,廖榮裕,無,
新北市新莊區自立里,115/08/31,吳東杉,無,
新北市新莊區合鳳里,115/09/03,林永憲,無,
新北市新莊區幸福里,115/09/01,邱清波,無,
新北市新莊區幸福里,115/09/02,盧美玉,無,
新北市新莊區雙鳳里,115/09/02,潘素娥,無,
新北市新莊區自信里,115/09/02,林秋雲,無,
新北市新莊區自信里,115/09/03,李秉哲,無,
新北市新莊區自信里,115/09/04,吳銀依,無,
新北市新莊區龍鳳里,115/09/02,林清原,無,
新北市新莊區龍鳳里,115/09/03,吳恭騰,無,
新北市新莊區中華里,115/09/02,陳敬波,無,
新北市新莊區中隆里,115/09/03,何禮旺,無,
新北市新莊區中原里,115/09/01,林健迪,無,
新北市新莊區中原里,115/09/02,黃永昌,無,
新北市新莊區中原里,115/09/02,趙勇成,無,
新北市新莊區中信里,115/09/03,林阿元,無,
新北市新莊區中信里,115/09/04,牛長山,無,
新北市新莊區四維里,115/09/03,吳岳澤,無,
新北市新莊區建福里,115/09/02,劉金祥,無,
新北市新莊區建福里,115/09/03,林豐義,無,
新北市新莊區建福里,115/09/03,許琬琳,無,
新北市新莊區中宏里,115/09/01,陳嘉慶,無,
新北市新莊區中宏里,115/09/02,洪少欽,無,
新北市新莊區中全里,115/09/02,陳柏廷,無,
新北市新莊區立泰里,115/09/02,許文章,無,
新北市新莊區立泰里,115/09/03,李坤福,無,
新北市新莊區全泰里,115/09/01,陳哲郎,無,
新北市新莊區全泰里,115/09/03,葉秀宜,無,
新北市新莊區仁義里,115/09/02,陳文一,民主進步黨,
新北市新莊區立基里,115/09/04,張中貞,無,
新北市新莊區昌明里,115/09/02,呂嘉群,無,
新北市新莊區昌平里,115/09/02,韋翰霖,無,
新北市新莊區昌平里,115/09/03,陳稚淇,中國國民黨,
新北市新莊區昌平里,115/09/04,王克瑞,無,
新北市新莊區文聖里,115/09/02,蔣添榮,中國國民黨,
新北市新莊區文聖里,115/09/04,游智喻,無,
新北市新莊區萬安里,115/09/02,游綉蓮,無,
新北市新莊區萬安里,115/09/03,李新林,無,
新北市新莊區龍安里,115/09/02,林麗容,正黨,
新北市新莊區龍安里,115/09/03,吳庭妤,無,
新北市新莊區福營里,115/08/31,林維鄉,無,
新北市新莊區福營里,115/09/02,廖皇源,無,
新北市新莊區後德里,115/09/03,劉臺鳳,無,
新北市新莊區建安里,115/09/02,王永華,無,
新北市新莊區建安里,115/09/02,杜永豐,無,
新北市新莊區成德里,115/09/02,王義寬,無,
新北市新莊區成德里,115/09/04,洪瑭娸,無,
新北市新莊區福興里,115/09/03,楊明教,無,
新北市新莊區昌信里,115/09/02,柯明啓,無,
新北市新莊區昌信里,115/09/03,吳秀惠,無,
新北市新莊區昌隆里,115/09/01,黃家豐,無,
新北市新莊區昌隆里,115/09/03,林信志,無,
新北市新莊區昌隆里,115/09/04,吳益昌,無,
新北市新莊區中平里,115/09/02,林建良,無,
新北市新莊區立廷里,115/08/31,許任銘,中國國民黨,
新北市新莊區泰豐里,115/08/31,孫松慶,無,
新北市新莊區泰豐里,115/09/01,廖坤川,無,
新北市新莊區泰豐里,115/09/04,高正雄,無,
新北市新莊區富民里,115/09/02,陳清泉,無,
新北市新莊區富民里,115/09/04,林傳業,無,
新北市新莊區龍福里,115/09/02,陳立維,無,
新北市新莊區龍福里,115/09/04,江政勲,無,
新北市新莊區祥鳳里,115/09/02,賴俊良,無,
新北市新莊區民全里,115/09/02,張文興,無,
新北市新莊區民有里,115/09/02,吳坤郎,無,
新北市新莊區民有里,115/09/02,賴政源,無,
新北市新莊區光正里,115/09/02,陳通助,無,
新北市新莊區光和里,115/09/03,林光燦,無,
新北市新店區國豐里,115/08/31,顏榮宏,中國國民黨,
新北市新店區明德里,115/08/31,許漢隆,中國國民黨,
新北市新店區大豐里,115/09/02,張厚仁,無,
新北市新店區大同里,115/09/02,俞賢明,無,
新北市新店區江陵里,115/08/31,葉金珠,中國國民黨,
新北市新店區寶興里,115/09/01,周宥竣,中國國民黨,
新北市新店區寶興里,115/09/04,陳嘉祥,無,
新北市新店區寶安里,115/08/31,宋美雪,中國國民黨,
新北市新店區信義里,115/08/31,林木己,無,
新北市新店區信義里,115/09/03,施圓通,無,
新北市新店區忠孝里,115/08/31,陳碩森,無,
新北市新店區忠孝里,115/08/31,陳穩圓,中國國民黨,
新北市新店區忠孝里,115/09/03,許中義,無,
新北市新店區大鵬里,115/08/31,謝正雙,無,
新北市新店區大鵬里,115/08/31,喬天鼎,中國國民黨,
新北市新店區大鵬里,115/09/03,趙和治,無,
新北市新店區太平里,115/08/31,李謝素珍,中國國民黨,
新北市新店區頂城里,115/09/02,王明籐,無,
新北市新店區下城里,115/09/02,廖瓊瑤,無,
新北市新店區柴埕里,115/09/02,洪士宏,無,
新北市新店區永安里,115/09/02,林清一,無,
新北市新店區公崙里,115/08/31,游炎嵐,無,
新北市新店區德安里,115/09/02,丁萬貴,無,
新北市新店區雙城里,115/09/02,黃燦煌,無,
新北市新店區日興里,115/09/02,廖景春,無,
新北市新店區玫瑰里,115/09/03,陳世祥,中國國民黨,
新北市新店區塗潭里,115/09/02,邱秀雄,無,
新北市新店區美潭里,115/09/01,簡明峰,無,
新北市新店區員潭里,115/08/31,施美女,無,
新北市新店區員潭里,115/09/02,鄭朝棟,中國國民黨,
新北市新店區員潭里,115/09/04,楊昌宗,無,
新北市新店區雙坑里,115/09/02,周興旺,無,
新北市新店區雙坑里,115/09/02,林彣諭,無,
新北市新店區粗坑里,115/08/31,王青偉,無,
新北市新店區屈尺里,115/08/31,林凱倫,無,
新北市新店區屈尺里,115/09/02,唐萬居,無,
新北市新店區龜山里,115/09/03,張凱勛,無,
新北市新店區廣興里,115/09/02,吳進興,無,
新北市新店區廣興里,115/09/03,胡樹名,永續和平黨,
新北市新店區直潭里,115/08/31,林家榮,無,
新北市新店區直潭里,115/09/03,蔡阡真,無,
新北市新店區青潭里,115/09/02,林岑郁,無,
新北市新店區新店里,115/09/01,陳文德,無,
新北市新店區新店里,115/09/01,林寬鴻,無,
新北市新店區新店里,115/09/01,姚淞哲,無,
新北市新店區新店里,115/09/02,翁幸祺,無,
新北市新店區張南里,115/08/31,林國榮,中國國民黨,
新北市新店區國校里,115/08/31,郭儒鈞,中國國民黨,
新北市新店區文中里,115/09/02,劉閔禮,中國國民黨,
新北市新店區廣明里,115/09/02,張添財,無,
新北市新店區文明里,115/09/02,高你固,無,
新北市新店區文明里,115/09/02,彭永珍,無,
新北市新店區中興里,115/09/02,張家洧,無,
新北市新店區中興里,115/09/04,段成榮,無,
新北市新店區新生里,115/08/31,黃頌之,中國國民黨,
新北市新店區新德里,115/08/31,陳炳漢,無,
新北市新店區張北里,115/08/31,鄭富濃,中國國民黨,
新北市新店區張北里,115/09/02,陳詩琪,無,
新北市新店區五峯里,115/08/31,陳淑美,中國國民黨,
新北市新店區新安里,115/09/02,黃建福,中國國民黨,
新北市新店區新安里,115/09/02,林業翔,無,
新北市新店區忠誠里,115/08/31,蔡雯芳,中國國民黨,
新北市新店區中正里,115/08/31,辜鳳琴,中國國民黨,
新北市新店區中正里,115/09/02,陳冠妤,無,
新北市新店區中正里,115/09/02,陳家隆,無,
新北市新店區中正里,115/09/02,鄒元中,無,
新北市新店區中正里,115/09/04,許凱婷,無,
新北市新店區中華里,115/09/02,邱湘羚,無,
新北市新店區仁愛里,115/08/31,蔡伯健,中國國民黨,
新北市新店區百忍里,115/08/31,陳建利,中國國民黨,
新北市新店區百和里,115/08/31,曾濬,中國國民黨,
新北市新店區百和里,115/09/02,陳先鳴,無,
新北市新店區福德里,115/08/31,張元亨,中國國民黨,
新北市新店區百福里,115/08/31,林燕玲,無,
新北市新店區福民里,115/08/31,盧浩賢,中國國民黨,
新北市新店區福民里,115/09/03,郭榮珊,無,
新北市新店區中山里,115/09/01,潘威志,無,
新北市新店區和平里,115/08/31,閻培樞,中國國民黨,
新北市新店區中央里,115/08/31,楊友琪,無,
新北市新店區明城里,115/08/31,蘇善榛,中國國民黨,
新北市新店區明城里,115/08/31,楊瑞寬,無,
新北市新店區明城里,115/09/03,楊基生,無,
新北市新店區安和里,115/09/02,劉淑美,中國國民黨,
新北市新店區吉祥里,115/08/31,林永輝,中國國民黨,
新北市新店區寶福里,115/08/31,江淑芬,中國國民黨,
新北市新店區寶福里,115/09/04,陳虹霈,無,
新北市新店區小城里,115/08/31,郭仁澤,中國國民黨,
新北市新店區香坡里,115/08/31,林育正,無,
新北市新店區香坡里,115/09/01,郭永城,無,
新北市新店區香坡里,115/09/02,羅文吉,無,
新北市新店區香坡里,115/09/03,何國義,無,
新北市新店區香坡里,115/09/03,賀旭明,無,
新北市新店區香坡里,115/09/04,林稚霑,無,
新北市新店區建國里,115/09/02,蘇高雪嬌,無,
新北市新店區復興里,115/08/31,劉洪珠,中國國民黨,
新北市新店區美城里,115/09/03,翁智冠,無,
新北市新店區安昌里,115/09/02,范姜玉嬌,無,
新北市新店區長春里,115/08/31,陳泳學,無,
新北市新店區長春里,115/09/03,李傳傑,中國國民黨,
新北市新店區新和里,115/09/02,仇雅彤,中國國民黨,
新北市新店區新和里,115/09/02,彭孟萍,無,
新北市新店區永平里,115/09/01,謝世欣,無,
新北市新店區永平里,115/09/02,周麗娟,中國國民黨,
新北市新店區達觀里,115/08/31,金威,無,
新北市新店區華城里,115/08/31,黃能得,無,
新北市新店區華城里,115/09/03,花晟豪,無,
新北市樹林區三多里,115/09/02,吳麗鳳,無,
新北市樹林區三多里,115/09/02,呂貞儀,無,
新北市樹林區三多里,115/09/04,顏榮宏,無,
新北市樹林區三福里,115/09/01,藍添樹,無,
新北市樹林區三福里,115/09/02,張致遠,無,
新北市樹林區三興里,115/08/31,王永村,無,
新北市樹林區圳安里,115/09/01,許進旺,無,
新北市樹林區保安里,115/09/02,李錫寶,無,
新北市樹林區潭底里,115/09/01,許萬來,無,
新北市樹林區潭底里,115/09/02,何相屘,無,
新北市樹林區獇寮里,115/08/31,劉蒔青,無,
新北市樹林區獇寮里,115/09/02,曾世賢,無,
新北市樹林區樹德里,115/09/02,陳雲明,無,
新北市樹林區樹德里,115/09/04,王俊雄,無,
新北市樹林區樹西里,115/09/02,羅煥滿,無,
新北市樹林區樹西里,115/09/04,朱國豐,無,
新北市樹林區樹南里,115/09/02,邱依婷,無,
新北市樹林區樹人里,115/08/31,邱世昌,無,
新北市樹林區坡內里,115/09/02,陳譽丰,無,
新北市樹林區坡內里,115/09/04,劉添發,無,
新北市樹林區樹東里,115/09/02,王國維,無,
新北市樹林區樹東里,115/09/03,張木科,無,
新北市樹林區大同里,115/09/02,許進旺,無,
新北市樹林區和平里,115/09/02,洪崑松,無,
新北市樹林區和平里,115/09/02,吳仁厚,無,
新北市樹林區和平里,115/09/03,古旎禕,無,
新北市樹林區彭厝里,115/09/01,鄭永全,無,
新北市樹林區彭厝里,115/09/02,陳佳智,無,
新北市樹林區彭厝里,115/09/02,蕭廷輝,無,
新北市樹林區彭福里,115/09/02,楊世元,無,
新北市樹林區彭福里,115/09/02,黃彩蓮,無,
新北市樹林區東山里,115/09/04,高健市,無,
新北市樹林區東山里,115/09/04,謝春木,無,
新北市樹林區東陽里,115/09/03,林耿邦,無,
新北市樹林區東昇里,115/09/03,詹麒叡,中國國民黨,
新北市樹林區樂山里,115/08/31,廖文斌,無,
新北市樹林區東園里,115/09/01,陳兩進,無,
新北市樹林區西園里,115/09/02,林巧甯,無,
新北市樹林區西園里,115/09/02,陳振彥,無,
新北市樹林區南園里,115/09/02,李培鈺,無,
新北市樹林區南園里,115/09/04,吳振銘,無,
新北市樹林區北園里,115/09/01,王仲卿,無,
新北市樹林區北園里,115/09/04,陳治諭,無,
新北市樹林區柑園里,115/09/04,詹志昌,無,
新北市樹林區柑園里,115/09/04,周林耀,無,
新北市樹林區樹北里,115/09/02,林俊明,無,
新北市樹林區圳福里,115/09/04,蘇益和,無,
新北市樹林區樹興里,115/09/02,詹美齡,無,
新北市樹林區樹興里,115/09/03,鄭雲斌,無,
新北市樹林區樹福里,115/09/02,廖訂印,無,
新北市樹林區樹福里,115/09/03,李旺樹,無,
新北市樹林區光興里,115/09/03,何明峰,無,
新北市樹林區光興里,115/09/03,謝秀香,無,
新北市樹林區金寮里,115/09/03,曾佳裕,無,
新北市樹林區金寮里,115/09/04,楊淑惠,無,
新北市樹林區彭興里,115/08/31,周德山,無,
新北市樹林區彭興里,115/09/02,廖建忠,無,
新北市樹林區文林里,115/09/02,甘永昌,無,
新北市樹林區文林里,115/09/03,江建樺,無,
新北市樹林區山佳里,115/09/02,張進宗,無,
新北市樹林區山佳里,115/09/03,許建強,無,
新北市樹林區中山里,115/09/03,簡炎輝,無,
新北市樹林區育英里,115/09/03,林正宗,無,
新北市樹林區育英里,115/09/03,詹炳新,無,
新北市樹林區中華里,115/09/02,張美珠,無,
新北市樹林區中華里,115/09/03,羅九求,無,
新北市樹林區太順里,115/09/02,蔣榮井,無,
新北市樹林區圳民里,115/09/04,王墘,無,
新北市樹林區圳生里,115/09/02,李珈琳,無,
新北市樹林區三龍里,115/09/03,周淑甘,無,
新北市鶯歌區東鶯里,115/08/31,陳陸賀,無,
新北市鶯歌區西鶯里,115/09/02,蘇炳輝,無,
新北市鶯歌區南鶯里,115/09/02,李明弘,無,
新北市鶯歌區北鶯里,115/09/02,李松進,無,
新北市鶯歌區中鶯里,115/09/02,蘇文杰,無,
新北市鶯歌區中鶯里,115/09/02,蘇朝明,無,
新北市鶯歌區建德里,115/08/31,林真達,無,
新北市鶯歌區同慶里,115/09/02,陳光志,無,
新北市鶯歌區同慶里,115/09/04,張素燕,無,
新北市鶯歌區永昌里,115/09/02,游武雄,無,
新北市鶯歌區永昌里,115/09/03,陳貴香,無,
新北市鶯歌區南靖里,115/09/02,顏嘉儀,無,
新北市鶯歌區南靖里,115/09/03,吳林秀琴,無,
新北市鶯歌區尖山里,115/09/01,連宗聖,無,
新北市鶯歌區尖山里,115/09/02,陳怡潔,無,
新北市鶯歌區二橋里,115/09/02,蕭博仁,無,
新北市鶯歌區二橋里,115/09/03,李金量,無,
新北市鶯歌區二甲里,115/09/02,林水土,無,
新北市鶯歌區東湖里,115/09/02,呂阿添,中華統一促進黨,
新北市鶯歌區東湖里,115/09/02,簡元鍟,無,
新北市鶯歌區大湖里,115/09/02,蕭鈴玉,無,
新北市鶯歌區鳳鳴里,115/09/02,陳芷柔,無,
新北市鶯歌區鳳福里,115/09/01,王國霖,無,
新北市鶯歌區鳳福里,115/09/02,簡騰源,無,
新北市鶯歌區永吉里,115/09/02,林茂哲,無,
新北市鶯歌區中湖里,115/09/01,簡若緹,無,
新北市鶯歌區中湖里,115/09/02,游盛政,無,
新北市鶯歌區鳳祥里,115/09/02,楊麗娟,無,
新北市鶯歌區鳳祥里,115/09/03,柯春風,無,
新北市鶯歌區鳳祥里,115/09/04,楊麗櫻,無,
新北市鶯歌區建國里,115/09/03,林清得,無,
新北市鶯歌區建國里,115/09/04,陳尉勇,無,
新北市三峽區三峽里,115/08/31,黃蓉蓉,無,
新北市三峽區秀川里,115/09/02,李楷瑞,無,
新北市三峽區八張里,115/09/04,謝麗玲,無,
新北市三峽區八張里,115/09/02,劉素君,無,
新北市三峽區中埔里,115/09/03,鄭少瑜,無,
新北市三峽區中埔里,115/09/02,翁聖濰,無,
新北市三峽區中埔里,115/09/01,李銘發,無,
新北市三峽區弘道里,115/09/02,陳錦桐,無,
新北市三峽區永舘里,115/09/02,蘇正國,無,
新北市三峽區礁溪里,115/09/02,周志鴻,無,
新北市三峽區鳶山里,115/09/02,周文美,中國國民黨,
新北市三峽區龍埔里,115/09/04,黃林賢,中國國民黨,
新北市三峽區龍埔里,115/09/02,陳椿瑩,無,
新北市三峽區大埔里,115/09/02,鄭筠蓁,無,
新北市三峽區大埔里,115/09/02,陳永清,中國國民黨,
新北市三峽區嘉添里,115/09/02,李萬興,無,
新北市三峽區添福里,115/09/02,陳秉源,無,
新北市三峽區金圳里,115/09/02,邱金菊,無,
新北市三峽區五寮里,115/09/02,邱顯童,無,
新北市三峽區五寮里,115/08/31,黃東龍,無,
新北市三峽區插角里,115/09/02,劉添財,無,
新北市三峽區插角里,115/08/31,簡梁育,無,
新北市三峽區插角里,115/08/31,陳添富,無,
新北市三峽區有木里,115/09/04,許進川,無,
新北市三峽區有木里,115/09/02,胡幸姍,無,
新北市三峽區有木里,115/08/31,方明豐,無,
新北市三峽區溪北里,115/09/03,陳淑雲,無,
新北市三峽區溪北里,115/09/02,陳柏文,無,
新北市三峽區溪北里,115/09/02,林清明,無,
新北市三峽區溪南里,115/09/01,蘇伯聰,無,
新北市三峽區溪東里,115/09/03,邱垂煌,無,
新北市三峽區溪東里,115/09/02,陳錫遠,無,
新北市三峽區成福里,115/09/02,蔡文敏,無,
新北市三峽區安坑里,115/09/02,李瑞娉,無,
新北市三峽區竹崙里,115/09/03,顏伯松,無,
新北市三峽區竹崙里,115/09/02,張博勇,無,
新北市三峽區介壽里,115/09/02,周梓亭,無,
新北市三峽區安溪里,115/09/02,王曼甄,無,
新北市三峽區中正里,115/09/02,陳志泉,無,
新北市三峽區二鬮里,115/09/04,林順明,無,
新北市三峽區二鬮里,115/09/02,陳孝皇,無,
新北市三峽區龍學里,115/09/02,陳栢森,無,
新北市三峽區龍學里,115/09/02,周秀鳳,無,
新北市三峽區龍恩里,115/09/01,黃家賢,無,
新北市淡水區中和里,115/08/31,王文輝,無,
新北市淡水區屯山里,115/09/03,謝炳坤,無,
新北市淡水區賢孝里,115/08/31,葉振昌,無,
新北市淡水區興仁里,115/09/02,盧仁澤,無,
新北市淡水區蕃薯里,115/09/02,潘鐘,無,
新北市淡水區蕃薯里,115/09/02,王茂林,無,
新北市淡水區義山里,115/09/02,楊永麗,無,
新北市淡水區忠山里,115/09/02,闕子晴,無,
新北市淡水區忠山里,115/09/02,潘炳丁,中國國民黨,
新北市淡水區忠山里,115/09/03,李光曜,無,
新北市淡水區崁頂里,115/09/02,薛志芳,無,
新北市淡水區崁頂里,115/09/03,陳昱蓁,中國國民黨,
新北市淡水區崁頂里,115/09/04,游雅晴,無,
新北市淡水區埤島里,115/09/02,蔡正忠,無,
新北市淡水區新興里,115/09/01,吳錦泉,無,
新北市淡水區水碓里,115/09/02,孫麗明,無,
新北市淡水區北投里,115/09/04,張麗卿,無,
新北市淡水區水源里,115/08/31,張志楨,無,
新北市淡水區水源里,115/09/02,李貴鐘,無,
新北市淡水區忠寮里,115/09/02,蔣耿南,無,
新北市淡水區樹興里,115/09/03,郭秀蘭,無,
新北市淡水區樹興里,115/09/03,許秋芳,無,
新北市淡水區樹興里,115/09/04,陳智洲,無,
新北市淡水區坪頂里,115/09/02,郭建義,無,
新北市淡水區坪頂里,115/09/03,江瑜彬,無,
新北市淡水區福德里,115/09/02,吳穎綸,無,
新北市淡水區竹圍里,115/09/02,高銀進,無,
新北市淡水區竹圍里,115/09/02,李啟源,無,
新北市淡水區民生里,115/09/04,陳李明緣,中國國民黨,
新北市淡水區八勢里,115/09/02,沈欽裕,無,
新北市淡水區八勢里,115/09/02,侯敦仁,無,
新北市淡水區八勢里,115/09/03,黃詩涵,無,
新北市淡水區八勢里,115/09/03,曾炳鈞,無,
新北市淡水區竿蓁里,115/09/02,王信崇,中國國民黨,
新北市淡水區鄧公里,115/09/02,邱美津,中國國民黨,
新北市淡水區中興里,115/08/31,江慶發,無,
新北市淡水區長庚里,115/09/02,陳崇煌,無,
新北市淡水區清文里,115/09/04,周文烈,無,
新北市淡水區草東里,115/09/04,黃逢晚,無,
新北市淡水區協元里,115/09/02,蕭慶和,無,
新北市淡水區永吉里,115/09/02,謝安棋,無,
新北市淡水區民安里,115/09/02,鄭英和,無,
新北市淡水區新生里,115/08/31,洪啓倫,中國國民黨,
新北市淡水區文化里,115/08/31,彭梅香,中國國民黨,
新北市淡水區油車里,115/09/02,唐儷樺,中國國民黨,
新北市淡水區沙崙里,115/09/04,彭瑀筑,無,
新北市淡水區新義里,115/09/03,盧寶全,無,
新北市淡水區新春里,115/09/03,莊志文,無,
新北市淡水區新民里,115/09/03,林聖傑,無,
新北市淡水區新民里,115/09/04,方柏翔,無,
新北市淡水區正德里,115/09/03,黃俊雄,無,
新北市淡水區北新里,115/09/02,詹百坤,中國國民黨,
新北市淡水區北新里,115/09/02,康美娟,無,
新北市淡水區北新里,115/09/02,簡欣怡,無,
新北市淡水區民權里,115/09/01,江瑟媚,無,
新北市淡水區幸福里,115/09/02,李佳倩,無,
新北市淡水區學府里,115/09/03,林文成,無,
新北市淡水區大庄里,115/09/03,林建仲,中國國民黨,
新北市淡水區大庄里,115/09/04,鄭名芳,無,
新北市淡水區新崁里,115/09/03,周金萱,無,
新北市淡水區新崁里,115/09/04,曾怡菁,無,
新北市淡水區新崁里,115/09/04,蕭雨青,無,
新北市淡水區新市里,115/09/01,,中國國民黨,
新北市淡水區新市里,115/09/03,江承澤,中國國民黨,
新北市淡水區新市里,115/09/04,陳佳君,無,
新北市汐止區義民里,115/09/02,吳佩銘,無,
新北市汐止區義民里,115/09/04,胡珺翔,無,
新北市汐止區禮門里,115/08/31,李朝發,無,
新北市汐止區智慧里,115/09/03,黃智明,無,
新北市汐止區智慧里,115/09/03,鄭暐,無,
新北市汐止區智慧里,115/09/04,李坤親,無,
新北市汐止區信望里,115/09/02,楊順德,無,
新北市汐止區橋東里,115/08/31,陶威中,無,
新北市汐止區橋東里,115/08/31,鄭宜峯,無,
新北市汐止區秀峰里,115/09/02,蘇樹木,無,
新北市汐止區秀峰里,115/09/02,江明翰,無,
新北市汐止區新昌里,115/09/02,林碧霞,中國國民黨,
新北市汐止區復興里,115/08/31,蕭素真,中國國民黨,
新北市汐止區茄苳里,115/09/02,葉雅惠,無,
新北市汐止區長安里,115/09/02,楊清風,無,
新北市汐止區保安里,115/09/02,蘇忠吉,無,
新北市汐止區保長里,115/08/31,賴宗福,無,
新北市汐止區鄉長里,115/08/31,蘇筠淇,無,
新北市汐止區鄉長里,115/09/02,林繼蘇,無,
新北市汐止區鄉長里,115/09/02,陳志勝,無,
新北市汐止區江北里,115/09/01,謝祚敏,中國國民黨,
新北市汐止區江北里,115/09/01,蔡香蘭,無,
新北市汐止區拱北里,115/09/02,高世國,無,
新北市汐止區拱北里,115/09/02,謝文雄,無,
新北市汐止區拱北里,115/09/03,蘇建立,無,
新北市汐止區烘內里,115/09/01,蘇明勇,無,
新北市汐止區烘內里,115/09/04,周雪超,無,
新北市汐止區八連里,115/09/02,周順益,無,
新北市汐止區八連里,115/09/03,廖敏汝,無,
新北市汐止區樟樹里,115/09/02,高名杉,無,
新北市汐止區北峰里,115/08/31,陳南海,無,
新北市汐止區北山里,115/08/31,林徵熊,無,
新北市汐止區白雲里,115/08/31,陳俊地,無,
新北市汐止區白雲里,115/09/04,黃威傑,無,
新北市汐止區橫科里,115/09/02,林鼎証,無,
新北市汐止區橫科里,115/09/02,龔德暉,無,
新北市汐止區橫科里,115/09/03,詹清山,中國國民黨,
新北市汐止區東山里,115/08/31,虞恉剛,無,
新北市汐止區福山里,115/09/03,謝志忠,中國國民黨,
新北市汐止區宜興里,115/09/01,蔣昆達,無,
新北市汐止區宜興里,115/09/02,陳李春緞,中國國民黨,
新北市汐止區宜興里,115/09/04,儲宏宇,無,
新北市汐止區中興里,115/09/02,蔡振國,無,
新北市汐止區中興里,115/09/03,林㕄煜,無,
新北市汐止區湖光里,115/09/03,杜金泉,無,
新北市汐止區仁德里,115/09/02,李汶和,無,
新北市汐止區仁德里,115/09/03,楊慶隆,無,
新北市汐止區厚德里,115/09/02,陳有諒,中國國民黨,
新北市汐止區忠孝里,115/09/02,林應欽,無,
新北市汐止區忠孝里,115/09/02,丁彥伶,中國國民黨,
新北市汐止區自強里,115/08/31,康金龍,無,
新北市汐止區自強里,115/09/04,李淑麗,無,
新北市汐止區文化里,115/09/03,郭裕琳,無,
新北市汐止區文化里,115/09/03,陳燈貴,無,
新北市汐止區金龍里,115/09/02,陳美麗,無,
新北市汐止區福德里,115/09/03,林山永,無,
新北市汐止區興福里,115/09/02,胡宇銘,無,
新北市汐止區興福里,115/09/04,韓君灝,無,
新北市汐止區康福里,115/09/02,曾淑蘭,無,
新北市汐止區忠山里,115/09/02,吳國全,中國國民黨,
新北市汐止區忠山里,115/09/02,洪忠華,無,
新北市汐止區環河里,115/09/04,黃世和,民主進步黨,
新北市汐止區東勢里,115/08/31,洪啟瑋,無,
新北市汐止區東勢里,115/09/01,楊貴生,無,
新北市汐止區東勢里,115/09/03,賴一山,無,
新北市汐止區山光里,115/09/03,陳永松,無,
新北市汐止區山光里,115/09/04,李昭靜,無,
新北市汐止區大同里,115/09/02,黃翠華,中國國民黨,
新北市汐止區崇德里,115/09/02,蘇宏杰,無,
新北市汐止區崇德里,115/09/02,陳玉林,無,
新北市汐止區湖興里,115/08/31,王大元,無,
新北市汐止區湖興里,115/09/02,莊倉標,無,
新北市汐止區湖興里,115/09/02,吳麗華,無,
新北市汐止區湖興里,115/09/02,吳孟蓁,無,
新北市汐止區湖興里,115/09/03,吳稼羚,無,
新北市汐止區湖興里,115/09/03,蔡韋豪,無,
新北市汐止區長青里,115/09/02,陳建興,中國國民黨,
新北市汐止區福安里,115/08/31,顏群宗,無,
新北市汐止區秀山里,115/09/01,程世華,無,
新北市汐止區秀山里,115/09/02,廖烱華,中國國民黨,
新北市汐止區秀山里,115/09/02,楊昌正,無,
新北市汐止區建成里,115/08/31,黃信裕,無,
新北市汐止區城中里,115/09/04,廖偉欽,無,
新北市汐止區湖蓮里,115/09/02,畢可衛,無,
新北市汐止區湖蓮里,115/09/03,翁春娟,無,
新北市汐止區保新里,115/09/02,吳明道,無,
新北市瑞芳區龍潭里,115/09/02,陳淑霞,無,
新北市瑞芳區龍興里,115/09/03,江承翰,無,
新北市瑞芳區龍興里,115/09/04,郭清河,無,
新北市瑞芳區龍鎮里,115/09/04,林文清,無,
新北市瑞芳區龍川里,115/08/31,賴鴻春,無,
新北市瑞芳區龍山里,115/09/04,陳志強,無,
新北市瑞芳區龍安里,115/09/02,柯瑞和,無,
新北市瑞芳區爪峯里,115/08/31,簡明慧,無,
新北市瑞芳區爪峯里,115/09/02,李奕蓉,無,
新北市瑞芳區柑坪里,115/09/03,許銘仁,無,
新北市瑞芳區東和里,115/08/31,胡志宏,無,
新北市瑞芳區東和里,115/09/02,葉賜進,無,
新北市瑞芳區上天里,115/08/31,林瑞明,無,
新北市瑞芳區上天里,115/09/02,蘇有德,無,
新北市瑞芳區吉慶里,115/09/04,簡惠麗,無,
新北市瑞芳區吉安里,115/09/02,謝永昌,無,
新北市瑞芳區吉安里,115/09/04,楊竣勝,無,
新北市瑞芳區傑魚里,115/09/02,周清標,無,
新北市瑞芳區傑魚里,115/09/03,高忠誠,無,
新北市瑞芳區猴硐里,115/08/31,楊志德,無,
新北市瑞芳區猴硐里,115/09/02,廖鴻益,無,
新北市瑞芳區光復里,115/08/31,周晉億,無,
新北市瑞芳區光復里,115/09/01,吳梨花,無,
新北市瑞芳區光復里,115/09/03,江信義,無,
新北市瑞芳區弓橋里,115/09/02,許文賓,無,
新北市瑞芳區弓橋里,115/09/03,朱靜琪,無,
新北市瑞芳區碩仁里,115/08/31,胡超群,無,
新北市瑞芳區碩仁里,115/09/02,林富萬,無,
新北市瑞芳區基山里,115/09/03,石智能,無,
新北市瑞芳區永慶里,115/09/02,許義村,無,
新北市瑞芳區崇文里,115/09/02,江中昇,無,
新北市瑞芳區福住里,115/09/04,蘇進益,無,
新北市瑞芳區頌德里,115/09/02,林高白梅,無,
新北市瑞芳區頌德里,115/09/03,謝瑞乾,無,
新北市瑞芳區新山里,115/09/03,吳苓芳,無,
新北市瑞芳區瓜山里,115/09/04,張暉暘,無,
新北市瑞芳區銅山里,115/09/03,陳嶽生,無,
新北市瑞芳區石山里,115/08/31,吳乾正,無,
新北市瑞芳區濓新里,115/08/31,黃瑞聰,無,
新北市瑞芳區濓洞里,115/09/02,黃嘉祺,無,
新北市瑞芳區海濱里,115/09/01,鄧麗華,無,
新北市瑞芳區瑞濱里,115/09/03,胡長安,無,
新北市瑞芳區瑞濱里,115/09/03,杜清讚,無,
新北市瑞芳區深澳里,115/09/02,賴孟宏,無,
新北市瑞芳區南雅里,115/09/02,吳顯煌,無,
新北市瑞芳區鼻頭里,115/09/03,王坤吉,無,
新北市瑞芳區新峰里,115/08/31,黃茂峻,無,
新北市瑞芳區新峰里,115/09/03,黃守睿,無,
新北市土城區埤塘里,115/09/02,邱顯俊,無,
新北市土城區土城里,115/09/03,徐信榮,無,
新北市土城區員林里,115/09/03,廖家琦,中國國民黨,
新北市土城區員林里,115/09/03,曾云薔,無,
新北市土城區員林里,115/09/04,黃友志,無,
新北市土城區員仁里,115/09/01,洪永富,無,
新北市土城區長風里,115/09/02,石忠利,中國國民黨,
新北市土城區長風里,115/09/02,林晏羽,無,
新北市土城區日新里,115/08/31,吳信坪,無,
新北市土城區日和里,115/09/02,張煌盛,無,
新北市土城區日和里,115/09/02,朱曉鈞,無,
新北市土城區日和里,115/09/04,李福源,無,
新北市土城區貨饒里,115/09/02,周根本,無,
新北市土城區柑林里,115/08/31,張育誠,無,
新北市土城區埤林里,115/08/31,蔡志紅,無,
新北市土城區瑞興里,115/09/02,張守軒,無,
新北市土城區瑞興里,115/09/02,蔡萬合,無,
新北市土城區清水里,115/09/02,江純文,無,
新北市土城區清和里,115/09/02,曾碧玲,無,
新北市土城區清和里,115/09/03,郭真好,無,
新北市土城區永豐里,115/08/31,黃榮沐,無,
新北市土城區清化里,115/09/03,袁慧如,無,
新北市土城區清溪里,115/09/02,彭兆鵬,無,
新北市土城區峯廷里,115/09/04,林献章,無,
新北市土城區平和里,115/09/02,戴文龍,無,
新北市土城區平和里,115/09/02,林芊蕙,無,
新北市土城區廷寮里,115/09/03,李月嬌,無,
新北市土城區大安里,115/09/03,張俊隆,無,
新北市土城區永寧里,115/09/02,周清芳,無,
新北市土城區永寧里,115/09/02,吳曉琪,無,
新北市土城區沛陂里,115/09/03,廖選能,無,
新北市土城區沛陂里,115/09/04,王金芬,無,
新北市土城區頂埔里,115/09/02,林忠謀,中國國民黨,
新北市土城區頂福里,115/09/03,蘇柔安,無,
新北市土城區頂福里,115/09/04,顏義信,無,
新北市土城區頂新里,115/08/31,張中良,中國國民黨,
新北市土城區頂新里,115/09/01,許元皇,無,
新北市土城區祖田里,115/09/02,呂惠美,無,
新北市土城區樂利里,115/09/02,黃銀片,中國國民黨,
新北市土城區樂利里,115/09/03,吳麗美,無,
新北市土城區廣福里,115/09/02,丁科秀,無,
新北市土城區學府里,115/08/31,宮敬家,無,
新北市土城區延壽里,115/08/31,滕月蘭,無,
新北市土城區延壽里,115/09/04,江世國,無,
新北市土城區安和里,115/09/03,古秋源,無,
新北市土城區青雲里,115/09/02,廖特青,無,
新北市土城區員福里,115/08/31,粘靜順,無,
新北市土城區員福里,115/09/02,黃崇煒,無,
新北市土城區員福里,115/09/03,李文揚,無,
新北市土城區延吉里,115/09/04,楊季堂,無,
新北市土城區復興里,115/09/02,潘祝惠,無,
新北市土城區復興里,115/09/02,鐘健松,無,
新北市土城區裕生里,115/09/04,楊忠富,無,
新北市土城區員信里,115/09/04,杜萬來,中國國民黨,
新北市土城區永富里,115/09/02,黃思儀,無,
新北市土城區學成里,115/09/02,戴有利,無,
新北市土城區延和里,115/09/03,黃富源,無,
新北市土城區中正里,115/09/02,呂聰成,無,
新北市土城區學士里,115/08/31,吳明揚,無,
新北市土城區學士里,115/08/31,黃榮葵,無,
新北市土城區明德里,115/08/31,廖瑜婷,無,
新北市土城區明德里,115/08/31,洪武憲,無,
新北市土城區明德里,115/09/02,呂理民,無,
新北市土城區明德里,115/09/04,陳新昱,無,
新北市土城區廣興里,115/09/01,張淑玲,中國國民黨,
新北市土城區青山里,115/08/31,黎紫菊,無,
新北市土城區青山里,115/08/31,周岩錫,無,
新北市土城區青山里,115/09/02,姚鈞庭,無,
新北市土城區金城里,115/09/02,黃郁惠,無,
新北市土城區延祿里,115/09/02,周婕,無,
新北市蘆洲區正義里,115/09/01,盧耀芳,無,
新北市蘆洲區正義里,115/09/02,邱泰達,無,
新北市蘆洲區中原里,115/09/02,陳國連,民主進步黨,
新北市蘆洲區中原里,115/09/04,王愛惟,無,
新北市蘆洲區中路里,115/09/02,張逢益,無,
新北市蘆洲區中路里,115/09/03,涂佳綾,無,
新北市蘆洲區中路里,115/09/04,張桓寧,無,
新北市蘆洲區光華里,115/08/31,李亞翰,無,
新北市蘆洲區光華里,115/09/04,李鵬毅,無,
新北市蘆洲區保佑里,115/09/02,李紹和,無,
新北市蘆洲區水湳里,115/09/04,吳松標,無,
新北市蘆洲區樓厝里,115/08/31,李煒寅,無,
新北市蘆洲區鷺江里,115/08/31,周中堅,無,
新北市蘆洲區鷺江里,115/09/02,柯芳蕾,無,
新北市蘆洲區鷺江里,115/09/02,侯凱文,民主進步黨,
新北市蘆洲區恆德里,115/09/02,,中國國民黨,
新北市蘆洲區恆德里,115/09/03,李常孝,無,
新北市蘆洲區溪墘里,115/09/01,李永芳,無,
新北市蘆洲區溪墘里,115/09/02,黃明福,無,
新北市蘆洲區溪墘里,115/09/02,何孟信,無,
新北市蘆洲區樹德里,115/09/02,李芳龍,無,
新北市蘆洲區保和里,115/08/31,黃太陽,無,
新北市蘆洲區保和里,115/09/02,楊總仁,無,
新北市蘆洲區仁復里,115/09/02,何唯菁,無,
新北市蘆洲區得勝里,115/09/02,王素娥,無,
新北市蘆洲區得勝里,115/09/03,陳加祥,無,
新北市蘆洲區南港里,115/09/02,王珠香,無,
新北市蘆洲區永樂里,115/09/02,蔡美雲,無,
新北市蘆洲區永樂里,115/09/02,李麗文,無,
新北市蘆洲區永康里,115/09/02,林世峯,無,
新北市蘆洲區永康里,115/09/03,陳昱豪,無,
新北市蘆洲區信義里,115/09/01,郭騰芳,無,
新北市蘆洲區玉清里,115/08/31,陳義斌,無,
新北市蘆洲區玉清里,115/09/02,洪鎮江,無,
新北市蘆洲區玉清里,115/09/03,林宏志,無,
新北市蘆洲區復興里,115/09/02,李源泉,無,
新北市蘆洲區水河里,115/08/31,李文發,無,
新北市蘆洲區水河里,115/09/02,蘇雅祺,無,
新北市蘆洲區仁愛里,115/09/02,林宏典,無,
新北市蘆洲區忠義里,115/09/02,杜芝蓮,無,
新北市蘆洲區忠義里,115/09/02,黃玫如,無,
新北市蘆洲區忠義里,115/09/04,詹益正,無,
新北市蘆洲區九芎里,115/08/31,洪源龍,中國國民黨,
新北市蘆洲區九芎里,115/09/01,李茂雄,民主進步黨,
新北市蘆洲區九芎里,115/09/03,黃明煌,無,
新北市蘆洲區九芎里,115/09/03,陳淑君,無,
新北市蘆洲區中華里,115/09/02,劉志剛,無,
新北市蘆洲區中華里,115/09/02,蔡宜峰,無,
新北市蘆洲區得仁里,115/09/01,邱奕棠,無,
新北市蘆洲區得仁里,115/09/02,李明義,無,
新北市蘆洲區得仁里,115/09/02,曾敏明,無,
新北市蘆洲區仁德里,115/08/31,古佳玉,無,
新北市蘆洲區仁義里,115/08/31,何益銘,無,
新北市蘆洲區光明里,115/09/02,陳文良,無,
新北市蘆洲區保新里,115/09/03,黃素秋,無,
新北市蘆洲區長安里,115/09/01,王彥貴,無,
新北市蘆洲區長安里,115/09/04,吳進義,無,
新北市蘆洲區民和里,115/08/31,李進誠,中國國民黨,
新北市蘆洲區民和里,115/08/31,鍾佳良,無,
新北市蘆洲區忠孝里,115/08/31,徐茂集,無,
新北市蘆洲區福安里,115/09/03,張翰光,無,
新北市蘆洲區永安里,115/09/01,李建興,無,
新北市蘆洲區永安里,115/09/04,劉家宏,無,
新北市蘆洲區延平里,115/09/02,張明德,民主進步黨,
新北市蘆洲區延平里,115/09/03,黃彥僑,無,
新北市蘆洲區成功里,115/09/02,吳英郎,無,
新北市蘆洲區成功里,115/09/04,林德義,無,
新北市蘆洲區永德里,115/09/03,陳宥安,無,
新北市五股區興珍里,115/09/02,黃朝枝,無,
新北市五股區興珍里,115/09/02,顏宏暐,無,
新北市五股區更寮里,115/09/03,陳仁益,無,
新北市五股區集福里,115/09/02,葉家溱,無,
新北市五股區集福里,115/09/02,葉玉芳,無,
新北市五股區觀音里,115/09/02,林永峰,無,
新北市五股區觀音里,115/09/03,陳渺,無,
新北市五股區成州里,115/08/31,陳緯宸,無,
新北市五股區成州里,115/09/04,張智鈞,無,
新北市五股區成州里,115/09/04,陳林益,無,
新北市五股區成功里,115/09/02,簡銘信,無,
新北市五股區五龍里,115/09/03,張賢良,無,
新北市五股區五股里,115/09/02,林恭平,無,
新北市五股區五股里,115/09/02,曹素月,無,
新北市五股區五股里,115/09/02,陳玟蓀,無,
新北市五股區五股里,115/09/03,陳暐中,無,
新北市五股區五福里,115/09/02,林郁靜,無,
新北市五股區五福里,115/09/02,張仲文,無,
新北市五股區德音里,115/09/03,洪世欣,無,
新北市五股區陸一里,115/08/31,吳翔,無,
新北市五股區陸一里,115/09/04,王進和,中國國民黨,
新北市五股區陸一里,115/09/04,王章鳳,無,
新北市五股區貿商里,115/09/02,王洪忠,無,
新北市五股區貿商里,115/09/03,蕭明霞,中國國民黨,
新北市五股區德泰里,115/08/31,賴佩宇,無,
新北市五股區德泰里,115/09/01,林永賢,無,
新北市五股區成德里,115/09/02,陳佳盈,無,
新北市五股區成德里,115/09/03,陳次芬,無,
新北市五股區六福里,115/09/02,謝從慧,無,
新北市五股區集賢里,115/09/02,陳文賓,無,
新北市五股區集賢里,115/09/04,張佑銘,無,
新北市五股區民義里,115/09/02,陳佳興,無,
新北市五股區成泰里,115/09/04,潘明宏,無,
新北市五股區水碓里,115/08/31,邱江永,無,
新北市五股區水碓里,115/09/03,王俊捷,無,
新北市五股區福德里,115/09/03,楊少芃,無,
新北市五股區福德里,115/09/03,陳介石,無,
新北市五股區福德里,115/09/04,吳永村,無,
新北市五股區芳洲里,115/09/03,林修平,無,
新北市五股區芳洲里,115/09/03,葉芮廷,無,
新北市泰山區大科里,115/09/03,黃金進,無,
新北市泰山區大科里,115/09/04,許鈞迪,無,
新北市泰山區黎明里,115/09/03,施呈林,無,
新北市泰山區山腳里,115/09/03,王國超,無,
新北市泰山區福泰里,115/08/31,柳建福,無,
新北市泰山區福泰里,115/09/02,劉丁源,無,
新北市泰山區楓樹里,115/09/02,劉淑玲,無,
新北市泰山區楓樹里,115/09/02,陳余寶蓮,無,
新北市泰山區同榮里,115/09/02,馬豫軍,無,
新北市泰山區同榮里,115/09/03,李尚庭,無,
新北市泰山區同榮里,115/09/03,陳芃,無,
新北市泰山區義學里,115/09/03,陳和榮,無,
新北市泰山區明志里,115/08/31,陳春祈,無,
新北市泰山區貴子里,115/08/31,陳志祥,無,
新北市泰山區貴子里,115/09/02,梁綉珠,無,
新北市泰山區貴和里,115/09/03,余碧玉,無,
新北市泰山區同興里,115/09/02,詹明德,無,
新北市泰山區義仁里,115/08/31,許火炎,無,
新北市泰山區泰友里,115/08/31,陳筱蕾,無,
新北市泰山區泰友里,115/09/01,温來居,無,
新北市泰山區新明里,115/09/01,林柏融,無,
新北市泰山區貴賢里,115/08/31,陳岳宏,無,
新北市泰山區福興里,115/08/31,張玉琴,中國國民黨,
新北市泰山區全興里,115/09/02,趙木山,無,
新北市林口區東林里,115/09/02,陳洪賓,無,
新北市林口區林口里,115/09/02,蘇夏宗,無,
新北市林口區西林里,115/09/02,王國華,無,
新北市林口區菁湖里,115/09/02,陳建宏,無,
新北市林口區菁湖里,115/09/03,李秀姻,無,
新北市林口區中湖里,115/09/02,蔡仁傑,無,
新北市林口區中湖里,115/09/02,陳國珍,無,
新北市林口區湖北里,115/09/02,張文清,無,
新北市林口區湖南里,115/09/02,黃清龍,無,
新北市林口區南勢里,115/09/02,陳國烝,無,
新北市林口區東勢里,115/09/02,李文基,無,
新北市林口區頂福里,115/09/02,錢錦彬,無,
新北市林口區下福里,115/09/02,李美玉,無,
新北市林口區嘉寶里,115/09/02,黃建邦,無,
新北市林口區瑞平里,115/09/02,洪淑芬,無,
新北市林口區太平里,115/09/02,謝玉祥,無,
新北市林口區仁愛里,115/09/03,劉鴻橋,無,
新北市林口區麗林里,115/09/03,薛純良,無,
新北市林口區麗園里,115/09/02,黃添福,無,
新北市林口區麗園里,115/09/04,劉家豪,無,
新北市林口區新林里,115/08/31,周建雄,無,
新北市林口區新林里,115/09/02,廖偉仲,無,
新北市林口區新林里,115/09/02,陳美世,無,
新北市林口區新林里,115/09/02,蘇怡方,無,
新北市林口區新林里,115/09/04,謝誌謙,無,
新北市林口區新林里,115/09/04,陳雲龍,無,
新北市林口區力行里,115/09/04,張郁,無,
新北市林口區力行里,115/09/04,周明慧,無,
新北市林口區頭湖里,115/09/01,洪嘉興,無,
新北市林口區頭湖里,115/09/02,陳昆諒,無,
新北市林口區文湖里,115/09/02,張欽哲,中國國民黨,
新北市林口區文湖里,115/09/02,洪一瑞,無,
新北市林口區文湖里,115/09/03,莊政裕,無,
新北市林口區文湖里,115/09/04,張晉寶,無,
新北市深坑區深坑里,115/09/02,黃建強,無,
新北市深坑區深坑里,115/09/04,張世諭,無,
新北市深坑區萬順里,115/08/31,林志賢,無,
新北市深坑區萬順里,115/09/02,鄭啟賢,無,
新北市深坑區萬順里,115/09/02,楊凱鈞,無,
新北市深坑區土庫里,115/09/03,高太郎,無,
新北市深坑區昇高里,115/09/03,李傳震,無,
新北市深坑區阿柔里,115/09/02,陳錦煌,無,
新北市深坑區阿柔里,115/09/02,羅定國,無,
新北市深坑區阿柔里,115/09/02,黃美雪,無,
新北市深坑區阿柔里,115/09/02,陳雅萍,無,
新北市深坑區埔新里,115/09/02,洪松根,無,
新北市深坑區埔新里,115/09/03,林玉婷,無,
新北市深坑區埔新里,115/09/04,游貫中,中國國民黨,
新北市深坑區萬福里,115/09/03,鄭宗良,無,
新北市深坑區萬福里,115/09/04,張家鎮,無,
新北市深坑區賴仲里,115/09/03,蕭麗玉,無,
新北市深坑區賴仲里,115/09/04,黃森田,無,
新北市石碇區石碇里,115/09/02,王銘勇,中國國民黨,
新北市石碇區潭邊里,115/09/02,王萬紫,無,
新北市石碇區隆盛里,115/08/31,謝根林,無,
新北市石碇區隆盛里,115/08/31,謝文乾,無,
新北市石碇區烏塗里,115/09/02,林却,無,
新北市石碇區彭山里,115/08/31,許建長,無,
新北市石碇區彭山里,115/08/31,魏久斌,無,
新北市石碇區豐田里,115/09/01,林毅呈,無,
新北市石碇區豐田里,115/09/02,黃種奇,無,
新北市石碇區豐田里,115/09/04,陳萬長,無,
新北市石碇區豐田里,115/09/04,黃雅芳,無,
新北市石碇區永定里,115/09/02,王金洞,無,
新北市石碇區中民里,115/09/02,郭滄樑,無,
新北市石碇區光明里,115/09/02,陳榮豐,無,
新北市石碇區豐林里,115/09/03,李煌義,無,
新北市石碇區永安里,115/08/31,羅榮裕,無,
新北市石碇區永安里,115/09/02,蕭敏玲,無,
新北市石碇區格頭里,115/08/31,高國泰,無,
新北市坪林區粗窟里,115/09/03,林發利,無,
新北市坪林區粗窟里,115/08/31,李志忠,無,
新北市坪林區坪林里,115/09/01,陳錦發,無,
新北市坪林區大林里,115/08/31,李秋勝,無,
新北市坪林區石𥕢里,115/09/02,張秀霞,無,
新北市坪林區上德里,115/08/31,陳金山,無,
新北市坪林區水德里,115/09/04,李美霞,無,
新北市坪林區水德里,115/08/31,鐘國賓,無,
新北市坪林區漁光里,115/09/04,林儒源,無,
新北市坪林區漁光里,115/09/01,白明堂,無,
新北市坪林區漁光里,115/08/31,詹承得,無,
新北市三芝區八賢里,115/09/02,楊振蜂,無,
新北市三芝區埔頭里,115/09/02,簡錦隆,無,
新北市三芝區古庄里,115/09/02,葉秋蓮,無,
新北市三芝區新庄里,115/08/31,江澄波,無,
新北市三芝區新庄里,115/09/02,林文章,無,
新北市三芝區埔坪里,115/09/02,曾玉珍,無,
新北市三芝區茂長里,115/09/02,陳秀蘭,無,
新北市三芝區橫山里,115/09/02,余振興,無,
新北市三芝區橫山里,115/09/03,黃麗玲,無,
新北市三芝區錫板里,115/09/02,陳燕國,無,
新北市三芝區後厝里,115/09/02,楊秀彥,中國國民黨,
新北市三芝區後厝里,115/09/03,鐘利益,無,
新北市三芝區福德里,115/08/31,陳誌強,中國國民黨,
新北市三芝區福德里,115/09/02,李子熙,無,
新北市三芝區圓山里,115/09/03,許火中,無,
新北市三芝區店子里,115/09/02,戴文福,無,
新北市三芝區興華里,115/08/31,杜國偵,無,
新北市石門區德茂里,115/09/03,花文發,無,
新北市石門區德茂里,115/09/02,沈素梅,無,
新北市石門區富基里,115/09/02,曾進興,無,
新北市石門區老梅里,115/09/04,鄭慶鋒,無,
新北市石門區老梅里,115/09/03,許寶祿,無,
新北市石門區山溪里,115/09/02,鍾阿海,無,
新北市石門區山溪里,115/09/02,許阿煌,無,
新北市石門區石門里,115/09/02,劉啟祥,無,
新北市石門區尖鹿里,115/09/02,邱朝欉,無,
新北市石門區乾華里,115/09/04,曾銘鑒,無,
新北市石門區茂林里,115/09/03,練曾月娥,無,
新北市石門區茂林里,115/09/02,潘清山,無,
新北市石門區草里里,115/09/02,邱志曉,無,
新北市八里區龍源里,115/09/02,林俊德,無,
新北市八里區米倉里,115/09/02,徐偉勛,無,
新北市八里區大崁里,115/08/31,林秀眞,無,
新北市八里區大崁里,115/09/04,林玟伶,無,
新北市八里區埤頭里,115/08/31,曾志國,無,
新北市八里區頂罟里,115/09/02,洪志成,無,
新北市八里區舊城里,115/09/01,傅鳳琴,無,
新北市八里區舊城里,115/09/03,陳天發,無,
新北市八里區訊塘里,115/09/03,張金貴,無,
新北市八里區荖阡里,115/09/02,楊萬福,無,
新北市八里區長坑里,115/08/31,汪青彥,無,
新北市八里區長坑里,115/09/03,洪煜豪,無,
新北市八里區下罟里,115/09/02,汪金傳,無,
新北市平溪區薯榔里,115/08/31,潘隆裕,無,
新北市平溪區菁桐里,115/09/02,胡秀金,無,
新北市平溪區菁桐里,115/09/03,張經虢,無,
新北市平溪區白石里,115/09/01,賴明焜,無,
新北市平溪區石底里,115/08/31,楊鄭財,無,
新北市平溪區石底里,115/09/03,黃一銘,無,
新北市平溪區石底里,115/09/04,郭聰能,無,
新北市平溪區平溪里,115/08/31,高文城,無,
新北市平溪區嶺腳里,115/09/02,陳銘哲,無,
新北市平溪區嶺腳里,115/09/03,蘇冠臻,無,
新北市平溪區東勢里,115/09/02,李明宏,無,
新北市平溪區望古里,115/09/02,林寶玫,無,
新北市平溪區南山里,115/08/31,林再來,無,
新北市平溪區平湖里,115/09/01,林燈源,無,
新北市平溪區十分里,115/09/02,王瑞麟,無,
新北市平溪區十分里,115/09/04,陳元君,無,
新北市平溪區新寮里,115/08/31,胡兩泉,無,
新北市雙溪區雙溪里,115/08/31,盧燈煌,無,
新北市雙溪區共和里,115/09/02,李蓁芳,無,
新北市雙溪區新基里,115/09/02,蘇虹如,無,
新北市雙溪區魚行里,115/09/03,許桂花,無,
新北市雙溪區魚行里,115/09/03,蔡世緯,無,
新北市雙溪區三港里,115/08/31,葉德昌,無,
新北市雙溪區三港里,115/09/02,康俐瑩,無,
新北市雙溪區牡丹里,115/08/31,游坤信,無,
新北市雙溪區牡丹里,115/09/04,沈儒益,無,
新北市雙溪區三貂里,115/09/02,游柏川,無,
新北市雙溪區三貂里,115/09/03,楊秋燕,無,
新北市雙溪區平林里,115/09/02,黃添松,無,
新北市雙溪區上林里,115/09/02,簡德福,無,
新北市雙溪區上林里,115/09/04,簡枝校,無,
新北市雙溪區外柑里,115/09/02,賴明賢,無,
新北市雙溪區外柑里,115/09/02,江阿城,無,
新北市雙溪區長源里,115/09/02,陳資郎,無,
新北市雙溪區泰平里,115/09/03,方敏珍,無,
新北市貢寮區貢寮里,115/09/02,吳雅奇,無,
新北市貢寮區貢寮里,115/09/02,鄭文豪,無,
新北市貢寮區吉林里,115/09/04,蕭春益,無,
新北市貢寮區吉林里,115/09/03,簡束卿,無,
新北市貢寮區雙玉里,115/09/03,吳永彬,無,
新北市貢寮區龍崗里,115/09/03,黃朝銘,無,
新北市貢寮區龍門里,115/09/03,吳世揚,無,
新北市貢寮區福隆里,115/09/01,吳憲彰,無,
新北市貢寮區仁里里,115/09/03,紀志樺,無,
新北市貢寮區仁里里,115/09/03,吳勝福,無,
新北市貢寮區真理里,115/09/03,李勝興,無,
新北市貢寮區真理里,115/09/02,趙瑞昌,無,
新北市貢寮區真理里,115/09/01,蔡家源,無,
新北市貢寮區福連里,115/08/31,吳文益,無,
新北市貢寮區美豐里,115/09/02,周貝芳,無,
新北市貢寮區和美里,115/09/04,許金桂,無,
新北市貢寮區和美里,115/09/02,賴益世,無,
新北市貢寮區和美里,115/08/31,吳金發,無,
新北市金山區和平里,115/09/02,林進財,無,
新北市金山區和平里,115/09/04,張楊素琴,無,
新北市金山區大同里,115/09/02,許振煌,無,
新北市金山區豐漁里,115/09/03,許吉興,無,
新北市金山區磺港里,115/09/02,許明熙,無,
新北市金山區美田里,115/09/01,何文發,無,
新北市金山區五湖里,115/09/03,李進發,無,
新北市金山區五湖里,115/09/02,李文俊,無,
新北市金山區五湖里,115/09/02,張欽郎,無,
新北市金山區重和里,115/09/02,曹正雄,無,
新北市金山區重和里,115/09/03,賴蔡標,無,
新北市金山區兩湖里,115/09/02,張金火,無,
新北市金山區六股里,115/09/03,鐘鼎平,無,
新北市金山區六股里,115/09/02,陳柏志,無,
新北市金山區三界里,115/08/31,李清,無,
新北市金山區三界里,115/09/02,李益成,無,
新北市金山區清泉里,115/09/02,陳麗蘭,無,
新北市金山區萬壽里,115/09/02,劉俊錦,無,
新北市金山區萬壽里,115/09/02,李崇德,無,
新北市金山區西湖里,115/09/02,賴聰明,無,
新北市金山區永興里,115/09/02,謝棟樑,無,
新北市金山區永興里,115/09/02,許瑞林,無,
新北市金山區金美里,115/09/02,蔡龍豪,無,
新北市萬里區萬里里,115/09/03,王傑倫,無,
新北市萬里區萬里里,115/09/01,郭明忠,無,
新北市萬里區龜吼里,115/08/31,曾基成,中國國民黨,
新北市萬里區野柳里,115/08/31,黃長生,無,
新北市萬里區大鵬里,115/09/04,蔡鴻源,無,
新北市萬里區大鵬里,115/09/02,李建才,無,
新北市萬里區大鵬里,115/09/02,李文斌,無,
新北市萬里區大鵬里,115/09/01,陳紫彤,無,
新北市萬里區磺潭里,115/09/02,張宗基,中國國民黨,
新北市萬里區雙興里,115/09/03,郭鄧發,無,
新北市萬里區雙興里,115/09/03,郭嘉書,無,
新北市萬里區溪底里,115/08/31,吳連財,無,
新北市萬里區崁脚里,115/09/02,吳光耀,無,
新北市萬里區中幅里,115/08/31,謝嘉陽,無,
新北市萬里區北基里,115/08/31,鄧月嬌,中國國民黨,
新北市烏來區烏來里,115/09/02,楊健福,無,
新北市烏來區烏來里,115/09/01,周瑞祺,無,
新北市烏來區烏來里,115/09/01,林春雄,無,
新北市烏來區忠治里,115/09/01,黃忠信,無,
新北市烏來區忠治里,115/09/01,顏貴華,無,
新北市烏來區福山里,115/09/03,張世強,無,
新北市烏來區福山里,115/09/02,林慧貞,無,
新北市烏來區福山里,115/09/02,王俊雄,無,
新北市烏來區信賢里,115/09/04,鄭相勇 Ayun Wakayei,無,
新北市烏來區信賢里,115/09/01,簡凱健,無,
新北市烏來區孝義里,115/09/02,周進長,無,
新北市烏來區孝義里,115/09/02,廖明,無,
桃園市桃園區文化里,115/09/03,歐陽瀚,無,
桃園市桃園區文明里,115/09/02,邱紫彤,無,
桃園市桃園區文明里,115/09/04,張坤曜,天一黨,
桃園市桃園區武陵里,115/08/31,江派隆,無,
桃園市桃園區武陵里,115/09/04,謝翔安,無,
桃園市桃園區武陵里,115/09/04,余清安,無,
桃園市桃園區大林里,115/09/03,牛阡源,中國國民黨,
桃園市桃園區大林里,115/09/04,柳美子,無,
桃園市桃園區忠義里,115/09/02,陳淑珮,無,
桃園市桃園區忠義里,115/09/04,彭許妙貞,無,
桃園市桃園區忠義里,115/09/04,范佳欣,無,
桃園市桃園區會稽里,115/09/02,鄭麗花,中國國民黨,
桃園市桃園區長美里,115/08/31,林秀貞,無,
桃園市桃園區長美里,115/09/03,劉哲男,無,
桃園市桃園區長美里,115/09/03,林岳德,無,
桃園市桃園區民生里,115/09/03,陳羑臻,無,
桃園市桃園區民生里,115/09/03,簡寬毅,無,
桃園市桃園區永興里,115/09/03,葉昆展,無,
桃園市桃園區汴洲里,115/09/02,楊鑫坤,無,
桃園市桃園區永安里,115/08/31,莊育達,無,
桃園市桃園區永安里,115/09/04,黃帟維,無,
桃園市桃園區東埔里,115/08/31,江慶尚,無,
桃園市桃園區東門里,115/09/02,徐順欽,中國國民黨,
桃園市桃園區東山里,115/08/31,游文章,無,
桃園市桃園區東山里,115/08/31,呂雅淇,無,
桃園市桃園區萬壽里,115/09/03,張桃,無,
桃園市桃園區長安里,115/09/02,許湘榆,無,
桃園市桃園區長安里,115/09/02,陳俊亨,無,
桃園市桃園區中埔里,115/09/03,李冠勳,無,
桃園市桃園區中埔里,115/09/03,陳訓誠,無,
桃園市桃園區西埔里,115/08/31,呂春琪,無,
桃園市桃園區西門里,115/09/02,江琇莉,無,
桃園市桃園區西門里,115/09/02,陳美卿,中國國民黨,
桃園市桃園區中和里,115/09/02,許水來,無,
桃園市桃園區中和里,115/09/03,黃瑞誌,無,
桃園市桃園區文昌里,115/08/31,王珉南,無,
桃園市桃園區文昌里,115/09/02,呂佳奇,無,
桃園市桃園區新埔里,115/09/02,李珮瑜,無,
桃園市桃園區新埔里,115/09/04,羅翊嘉,無,
桃園市桃園區中山里,115/08/31,張國輝,無,
桃園市桃園區中山里,115/09/03,張文宗,無,
桃園市桃園區慈文里,115/09/02,錡春發,無,
桃園市桃園區西湖里,115/09/02,呂淑靜,無,
桃園市桃園區南門里,115/08/31,吳宣興,無,
桃園市桃園區南華里,115/09/03,林獻堂,無,
桃園市桃園區玉山里,115/09/02,林于翔,無,
桃園市桃園區中成里,115/09/02,姜明月,無,
桃園市桃園區中成里,115/09/03,黃建源,家庭基本收入,
桃園市桃園區中成里,115/09/04,吳幸眉,無,
桃園市桃園區中正里,115/09/02,賴莉莉,無,
桃園市桃園區北門里,115/08/31,蕭國章,無,
桃園市桃園區雲林里,115/09/02,翁啟桓,無,
桃園市桃園區雲林里,115/09/03,游春德,無,
桃園市桃園區福林里,115/09/03,李瑞航,無,
桃園市桃園區光興里,115/09/02,邱秀,無,
桃園市桃園區龍山里,115/08/31,宋保源,無,
桃園市桃園區龍山里,115/08/31,柯嘉榮,無,
桃園市桃園區龍岡里,115/09/04,周志皇,無,
桃園市桃園區成功里,115/09/01,關雲少,無,
桃園市桃園區成功里,115/09/02,李秀蓮,無,
桃園市桃園區青溪里,115/09/02,黃慈諭,無,
桃園市桃園區青溪里,115/09/04,簡鏡還,無,
桃園市桃園區朝陽里,115/09/03,卓正斌,無,
桃園市桃園區中興里,115/09/02,游進福,無,
桃園市桃園區中興里,115/09/02,邱辰勇,無,
桃園市桃園區豐林里,115/09/02,簡士強,無,
桃園市桃園區豐林里,115/09/02,卓益任,無,
桃園市桃園區建國里,115/09/02,郭秋城,無,
桃園市桃園區建國里,115/09/02,楊德源,無,
桃園市桃園區建國里,115/09/02,楊智宇,無,
桃園市桃園區大豐里,115/09/02,謝春杉,無,
桃園市桃園區福安里,115/09/02,鄭西元,無,
桃園市桃園區三民里,115/08/31,康進旺,無,
桃園市桃園區大興里,115/08/31,黃勝斌,無,
桃園市桃園區大興里,115/09/03,高承洋,無,
桃園市桃園區春日里,115/09/02,徐契育,無,
桃園市桃園區春日里,115/09/02,游詠成,無,
桃園市桃園區春日里,115/09/02,簡郁陞,無,
桃園市桃園區信光里,115/09/03,胡富景,無,
桃園市桃園區中寧里,115/09/02,陳明輝,無,
桃園市桃園區同安里,115/08/31,游淑峯,無,
桃園市桃園區同安里,115/09/02,吳烈裕,無,
桃園市桃園區莊敬里,115/09/02,林峻宇,無,
桃園市桃園區文中里,115/09/02,陳武卿,無,
桃園市桃園區文中里,115/09/03,柯文明,無,
桃園市桃園區泰山里,115/09/01,游輝居,無,
桃園市桃園區泰山里,115/09/02,陳保源,無,
桃園市桃園區中路里,115/09/02,温麗芳,無,
桃園市桃園區中德里,115/09/02,蔡秀星,無,
桃園市桃園區中德里,115/09/04,顏嘉琪,無,
桃園市桃園區中德里,115/09/04,王瑞堂,無,
桃園市桃園區龍祥里,115/08/31,李玲娟,中國國民黨,
桃園市桃園區大有里,115/08/31,陳振輝,無,
桃園市桃園區大有里,115/09/02,陳姵樺,無,
桃園市桃園區大有里,115/09/04,鄧清元,無,
桃園市桃園區寶山里,115/09/04,黃寬量,無,
桃園市桃園區龍鳳里,115/09/03,郭晉良,無,
桃園市桃園區龍鳳里,115/09/04,黃進仕,無,
桃園市桃園區龍安里,115/09/03,蕭卉君,無,
桃園市桃園區自強里,115/09/03,楊順益,無,
桃園市桃園區中信里,115/08/31,李欽文,無,
桃園市桃園區中信里,115/08/31,王震宇,無,
桃園市桃園區中信里,115/09/04,劉琪政,無,
桃園市桃園區中信里,115/09/04,林國政,無,
桃園市桃園區長德里,115/09/02,雷淑華,無,
桃園市桃園區長德里,115/09/03,彭沛妤,無,
桃園市桃園區中平里,115/09/03,顏秀錦,無,
桃園市桃園區中平里,115/09/03,陳義佑,無,
桃園市桃園區中原里,115/09/02,王秀璞,無,
桃園市桃園區中泰里,115/08/31,陳仕泓,無,
桃園市桃園區中泰里,115/09/02,陳信棠,無,
桃園市桃園區南埔里,115/09/02,陳春蓮,無,
桃園市桃園區南埔里,115/09/03,黃靖程,無,
桃園市桃園區南埔里,115/09/03,張漢清,無,
桃園市桃園區寶慶里,115/09/03,耿玉敏,無,
桃園市桃園區寶慶里,115/09/03,丁柔淳,無,
桃園市桃園區北埔里,115/09/02,張馨嬪,無,
桃園市桃園區北埔里,115/09/02,衛佳文,無,
桃園市桃園區中聖里,115/08/31,簡上竣,無,
桃園市桃園區中聖里,115/09/04,崔美瑛,無,
桃園市桃園區龍壽里,115/09/03,張玉華,無,
桃園市桃園區同德里,115/09/02,張秀好,無,
桃園市桃園區明德里,115/09/03,廖坤徽,無,
桃園市桃園區明德里,115/09/04,詹斯傑,無,
桃園市桃園區寶安里,115/09/02,陳月花,無,
桃園市桃園區瑞慶里,115/09/01,黃欣韻,無,
桃園市桃園區三元里,115/09/02,陳章立,無,
桃園市桃園區三元里,115/09/04,鄭銀貴,無,
桃園市桃園區大樹里,115/09/02,楊文進,無,
桃園市桃園區大業里,115/08/31,李訓賓,無,
桃園市桃園區大業里,115/09/01,陳吉發,無,
桃園市桃園區福元里,115/09/03,楊瑞麟,無,
桃園市桃園區福元里,115/09/04,朱智菁,無,
桃園市桃園區經國里,115/09/03,官正平,無,
桃園市桃園區經國里,115/09/03,陳俊豪,無,
桃園市桃園區檜樂里,115/09/02,葉國柱,無,
桃園市桃園區檜樂里,115/09/02,洪愷懌,無,
桃園市桃園區檜樂里,115/09/04,莊蔡枝蓮,無,
桃園市桃園區寶民里,115/09/02,劉宗樺,無,
桃園市桃園區寶民里,115/09/03,徐秋傑,無,
桃園市桃園區藝文里,115/08/31,柳文智,無,
桃園市桃園區藝文里,115/09/04,楊璨維,無,
桃園市桃園區幸福里,115/08/31,薛秀鳳,無,
桃園市桃園區幸福里,115/09/02,李新萬,無,
桃園市桃園區幸福里,115/09/03,高淞泰,無,
桃園市桃園區民有里,115/09/02,劉叔南,無,
桃園市桃園區民有里,115/09/03,柯錦寬,無,
桃園市桃園區民有里,115/09/04,楊瑄品,無,
桃園市中壢區龍平里,115/09/03,李維忠,無,
桃園市中壢區龍平里,115/09/03,李慶融,無,
桃園市中壢區龍昌里,115/08/31,戎政成,無,
桃園市中壢區龍昌里,115/08/31,全宏志,無,
桃園市中壢區龍昌里,115/08/31,范金水,中國國民黨,
桃園市中壢區仁德里,115/09/02,吳導君,中國國民黨,
桃園市中壢區仁德里,115/09/03,陳伊信,無,
桃園市中壢區永興里,115/09/02,方明裕,無,
桃園市中壢區內壢里,115/08/31,林勝傑,中國國民黨,
桃園市中壢區成功里,115/09/02,張文政,無,
桃園市中壢區成功里,115/09/02,卓聖紋,無,
桃園市中壢區光明里,115/09/02,林坤泉,中國國民黨,
桃園市中壢區自立里,115/09/02,黃麗芬,中國國民黨,
桃園市中壢區自強里,115/09/02,黃省慶,無,
桃園市中壢區中堅里,115/08/31,譚茂仁,無,
桃園市中壢區中堅里,115/09/02,吳瑞柱,中國國民黨,
桃園市中壢區龍興里,115/09/02,徐秋妲,無,
桃園市中壢區龍興里,115/09/03,嚴億晉,無,
桃園市中壢區龍興里,115/09/04,陳順坤,無,
桃園市中壢區仁美里,115/09/02,洪文吉,無,
桃園市中壢區仁美里,115/09/03,邱珍玲,無,
桃園市中壢區仁愛里,115/08/31,鄧立敦,無,
桃園市中壢區新街里,115/09/02,莊金泉,無,
桃園市中壢區中央里,115/09/02,楊萬焙,無,
桃園市中壢區普仁里,115/09/03,張鳳凰,無,
桃園市中壢區普仁里,115/09/04,鍾明徨,無,
桃園市中壢區普義里,115/09/02,陳文宗,無,
桃園市中壢區普義里,115/09/03,黃崇修,無,
桃園市中壢區忠義里,115/08/31,陳基能,無,
桃園市中壢區忠義里,115/09/01,劉世弘,無,
桃園市中壢區中正里,115/09/02,王財得,無,
桃園市中壢區興仁里,115/09/02,李振榮,中國國民黨,
桃園市中壢區東興里,115/09/02,莊英起,無,
桃園市中壢區東興里,115/09/02,周衍國,無,
桃園市中壢區東興里,115/09/04,鄭家安,無,
桃園市中壢區洽溪里,115/09/02,游家興,無,
桃園市中壢區洽溪里,115/09/04,蔡佩燊,無,
桃園市中壢區篤行里,115/08/31,楊翊堂,無,
桃園市中壢區新明里,115/08/31,盧肇興,中國國民黨,
桃園市中壢區新明里,115/09/04,吳睿彥,無,
桃園市中壢區新明里,115/09/04,吳欣怡,無,
桃園市中壢區新興里,115/08/31,李偉民,無,
桃園市中壢區中原里,115/09/02,沈清進,無,
桃園市中壢區內定里,115/09/02,劉家順,無,
桃園市中壢區中壢里,115/09/01,官鍾秀鳳,無,
桃園市中壢區龍岡里,115/09/02,吳淑情,中國國民黨,
桃園市中壢區仁祥里,115/09/02,陳秀菁,中國國民黨,
桃園市中壢區仁祥里,115/09/03,張傳杰,無,
桃園市中壢區水尾里,115/09/02,温永達,無,
桃園市中壢區青埔里,115/09/02,張茂土,無,
桃園市中壢區青埔里,115/09/04,陳則匡,無,
桃園市中壢區復興里,115/09/04,朱承恩,無,
桃園市中壢區文化里,115/09/02,張文釧,無,
桃園市中壢區興國里,115/09/02,彭政銘,無,
桃園市中壢區忠福里,115/09/02,謝光輝,無,
桃園市中壢區信義里,115/09/02,王一玲,無,
桃園市中壢區信義里,115/09/02,邱仁德,無,
桃園市中壢區石頭里,115/09/02,劉柏成,無,
桃園市中壢區龍東里,115/09/02,陳家豐,中國國民黨,
桃園市中壢區龍東里,115/09/02,張永隆,中國國民黨,
桃園市中壢區中建里,115/09/02,李應偉,無,
桃園市中壢區興南里,115/08/31,劉國恩,無,
桃園市中壢區興南里,115/09/02,葉青旺,無,
桃園市中壢區興南里,115/09/02,范盛賢,無,
桃園市中壢區後寮里,115/09/01,吳昇發,無,
桃園市中壢區後寮里,115/09/03,陳秀珠,無,
桃園市中壢區過嶺里,115/08/31,陳永有,無,
桃園市中壢區過嶺里,115/09/04,邱本源,無,
桃園市中壢區五權里,115/08/31,謝浩炎,無,
桃園市中壢區五權里,115/09/02,彭添洤,無,
桃園市中壢區舊明里,115/08/31,游義欽,無,
桃園市中壢區舊明里,115/09/02,羅善婷,無,
桃園市中壢區芝芭里,115/09/01,黃連應,無,
桃園市中壢區月眉里,115/09/02,邱垂宏,無,
桃園市中壢區三民里,115/09/02,陳富豐,無,
桃園市中壢區三民里,115/09/03,葉瀚婷,無,
桃園市中壢區三民里,115/09/04,邱威霖,無,
桃園市中壢區山東里,115/08/31,蘇詠倫,無,
桃園市中壢區山東里,115/08/31,吳孟龍,無,
桃園市中壢區山東里,115/09/01,吳振槖,無,
桃園市中壢區山東里,115/09/03,陳益卿,無,
桃園市中壢區中榮里,115/09/01,劉文正,無,
桃園市中壢區中榮里,115/09/02,許惠美,無,
桃園市中壢區內厝里,115/09/02,劉綵螢,無,
桃園市中壢區內厝里,115/09/02,陳富勇,無,
桃園市中壢區內厝里,115/09/03,張千貴,無,
桃園市中壢區振興里,115/09/02,董文昌,無,
桃園市中壢區普慶里,115/09/02,鍾洪玉女,無,
桃園市中壢區興和里,115/08/31,薛麗惠,無,
桃園市中壢區興和里,115/09/02,吳淑儀,無,
桃園市中壢區興和里,115/09/03,劉巫銀梅,無,
桃園市中壢區永光里,115/08/31,蘇正忠,無,
桃園市中壢區永光里,115/09/02,陳廉聖,無,
桃園市中壢區永光里,115/09/03,劉莉玲,無,
桃園市中壢區永光里,115/09/03,黃雪珍,無,
桃園市中壢區復華里,115/08/31,謝俊彥,無,
桃園市中壢區復華里,115/09/02,曾榮煥,無,
桃園市中壢區忠孝里,115/09/02,游緣如,無,
桃園市中壢區福德里,115/09/03,王菁華,無,
桃園市中壢區和平里,115/09/03,宋昀蓁,無,
桃園市中壢區和平里,115/09/03,呂泓毅,無,
桃園市中壢區普忠里,115/08/31,許志煒,無,
桃園市中壢區普忠里,115/09/04,吳俊峯,無,
桃園市中壢區普忠里,115/09/04,陳威羽,無,
桃園市中壢區明德里,115/08/31,王派泉,無,
桃園市中壢區明德里,115/09/01,李正明,無,
桃園市中壢區明德里,115/09/02,陳朝福,無,
桃園市中壢區明德里,115/09/02,游新榮,無,
桃園市中壢區至善里,115/09/02,梁惠鈴,無,
桃園市中壢區五福里,115/09/02,林賴玉英,無,
桃園市中壢區龍德里,115/09/02,邱文正,無,
桃園市中壢區龍德里,115/09/04,徐塘美,無,
桃園市中壢區正義里,115/08/31,林進吉,無,
桃園市中壢區正義里,115/09/01,高銀祝,無,
桃園市中壢區正義里,115/09/04,賴紀光,無,
桃園市中壢區龍安里,115/09/02,楊敬德,中國國民黨,
桃園市中壢區中山里,115/09/02,徐忠進,無,
桃園市中壢區中山里,115/09/02,王寧政,中國國民黨,
桃園市中壢區德義里,115/09/02,楊建雲,無,
桃園市中壢區仁義里,115/09/02,張正忠,無,
桃園市中壢區華勛里,115/09/02,朱夢奇,中國國民黨,
桃園市中壢區仁福里,115/09/02,李秀琴,中國國民黨,
桃園市中壢區仁福里,115/09/02,喻榮興,無,
桃園市中壢區幸福里,115/09/02,陳耀金,無,
桃園市中壢區永福里,115/09/02,黃寶貞,無,
桃園市中壢區永福里,115/09/03,邱榮正,中國國民黨,
桃園市中壢區仁和里,115/09/03,陳長來,中國國民黨,
桃園市中壢區華愛里,115/09/02,陳能娟,無,
桃園市中壢區莊敬里,115/09/02,劉邦茂,中國國民黨,
桃園市中壢區自治里,115/09/01,許麗英,中國國民黨,
桃園市中壢區自治里,115/09/01,劉希望,無,
桃園市中壢區自治里,115/09/02,黃柏儒,無,
桃園市中壢區自治里,115/09/03,譚玉春,無,
桃園市中壢區健行里,115/09/02,劉邦笙,無,
桃園市中壢區興平里,115/09/02,沈騰雲,無,
桃園市中壢區興平里,115/09/02,劉明賢,無,
桃園市中壢區中興里,115/09/02,黎莉莉,無,
桃園市中壢區中興里,115/09/04,温素君,無,
桃園市中壢區龍慈里,115/09/02,宋化森,中國國民黨,
桃園市中壢區自信里,115/09/03,徐瑞珍,中國國民黨,
桃園市中壢區林森里,115/09/02,郭蓮金,無,
桃園市中壢區林森里,115/09/04,江文煌,無,
桃園市中壢區金華里,115/09/03,奚潔珍,無,
桃園市中壢區金華里,115/09/03,謝岩介,無,
桃園市中壢區青溪里,115/08/31,李詠芳,無,
桃園市中壢區興華里,115/09/02,陳俊諺,無,
桃園市中壢區興福里,115/08/31,劉元,無,
桃園市中壢區興福里,115/09/03,廖國光,無,
桃園市中壢區青航里,115/09/01,許勝傑,無,
桃園市中壢區青航里,115/09/01,廖緹瑄,無,
桃園市中壢區青航里,115/09/03,謝偉孝,無,
桃園市中壢區青航里,115/09/04,陳政文,無,
桃園市中壢區青航里,115/09/04,許柏清,無,
桃園市中壢區青航里,115/09/04,羅珩瑋,無,
桃園市中壢區青園里,115/09/03,林牧葶,無,
桃園市中壢區青園里,115/09/04,李尚謙,無,
桃園市中壢區松嶺里,115/09/02,徐美芳,無,
桃園市中壢區松嶺里,115/09/02,賴蓁蓁,無,
桃園市大溪區興和里,115/09/01,林澤昇,無,
桃園市大溪區興和里,115/09/02,邱財榮,無,
桃園市大溪區福仁里,115/09/03,黃春成,無,
桃園市大溪區一心里,115/08/31,江榮寶,無,
桃園市大溪區一心里,115/09/03,黃進賢,無,
桃園市大溪區一德里,115/09/02,趙郁珊,無,
桃園市大溪區一德里,115/09/02,呂理民,無,
桃園市大溪區月眉里,115/09/02,黃文中,無,
桃園市大溪區月眉里,115/09/04,簡銘鍾,無,
桃園市大溪區永福里,115/08/31,黃有義,無,
桃園市大溪區永福里,115/08/31,徐瑋輿,無,
桃園市大溪區永福里,115/09/01,廖芊樺,無,
桃園市大溪區永福里,115/09/02,蔡志偉,無,
桃園市大溪區美華里,115/08/31,徐曉宣,無,
桃園市大溪區美華里,115/09/02,簡為清,無,
桃園市大溪區美華里,115/09/03,簡麗緹,無,
桃園市大溪區福安里,115/09/03,許漢宗,無,
桃園市大溪區復興里,115/09/02,邱焯勳,無,
桃園市大溪區復興里,115/09/04,邱垂發,無,
桃園市大溪區新峰里,115/09/02,林信宏,無,
桃園市大溪區新峰里,115/09/02,葉建宜,無,
桃園市大溪區康安里,115/09/02,廖學淵,無,
桃園市大溪區康安里,115/09/02,呂福田,無,
桃園市大溪區義和里,115/09/02,李瑞山,無,
桃園市大溪區義和里,115/09/02,簡淵川,無,
桃園市大溪區義和里,115/09/03,廖宜傑,無,
桃園市大溪區瑞興里,115/09/02,林瑞興,無,
桃園市大溪區中新里,115/09/02,尤宗柏,無,
桃園市大溪區中新里,115/09/03,陳莎莉,無,
桃園市大溪區仁義里,115/08/31,張振源,無,
桃園市大溪區仁義里,115/09/03,詹幸萓,無,
桃園市大溪區僑愛里,115/09/02,陳品謙,中國國民黨,
桃園市大溪區仁善里,115/09/02,曲煥朋,無,
桃園市大溪區仁愛里,115/08/31,藍英中,無,
桃園市大溪區仁愛里,115/09/03,歐陽鴻英,無,
桃園市大溪區仁武里,115/08/31,邱聰明,無,
桃園市大溪區員林里,115/09/01,尤連慶,無,
桃園市大溪區南興里,115/08/31,黃榮耀,無,
桃園市大溪區南興里,115/09/02,徐福全,無,
桃園市大溪區南興里,115/09/02,楊成雙,無,
桃園市大溪區南興里,115/09/03,陳俊乾,無,
桃園市大溪區瑞源里,115/09/03,江朝陽,無,
桃園市大溪區光明里,115/09/02,黃永龍,中國國民黨,
桃園市大溪區光明里,115/09/02,黃連明,中國國民黨,
桃園市大溪區光明里,115/09/02,張麗雲,無,
桃園市大溪區三元里,115/09/03,黃永林,無,
桃園市大溪區三元里,115/09/04,徐惠珍,無,
桃園市大溪區田心里,115/09/03,游秋蓉,無,
桃園市大溪區仁文里,115/09/02,邱素月,中國國民黨,
桃園市大溪區仁文里,115/09/03,巫村田,無,
桃園市大溪區仁和里,115/09/02,魏創志,無,
桃園市大溪區仁和里,115/09/04,林聖珉,無,
桃園市大溪區仁和里,115/09/04,張皓瑋,無,
桃園市大溪區仁美里,115/09/02,曾月娥,無,
桃園市楊梅區楊梅里,115/09/02,葉星秀,無,
桃園市楊梅區楊梅里,115/09/02,吳增福,無,
桃園市楊梅區楊江里,115/09/02,陳淑慧,無,
桃園市楊梅區楊江里,115/09/04,葉春蘭,無,
桃園市楊梅區紅梅里,115/09/02,胡兆臺,無,
桃園市楊梅區紅梅里,115/09/02,杜政霖,無,
桃園市楊梅區永寧里,115/09/02,黃耀昌,無,
桃園市楊梅區永寧里,115/09/04,張乾坤,無,
桃園市楊梅區大平里,115/09/03,劉德源,無,
桃園市楊梅區大平里,115/09/04,巫雙春,無,
桃園市楊梅區東流里,115/09/02,葉雲城,無,
桃園市楊梅區東流里,115/09/02,鍾享達,無,
桃園市楊梅區水美里,115/09/03,卓聖樺,無,
桃園市楊梅區水美里,115/09/04,林智忠,無,
桃園市楊梅區水美里,115/09/04,黃榮龍,無,
桃園市楊梅區上田里,115/09/02,黃勻畇,無,
桃園市楊梅區上田里,115/09/03,温安章,無,
桃園市楊梅區梅新里,115/09/01,范姜彬鈔,無,
桃園市楊梅區梅新里,115/09/02,林芷綾,無,
桃園市楊梅區大同里,115/09/02,謝伯鴻,無,
桃園市楊梅區大同里,115/09/02,江芷鈴,無,
桃園市楊梅區埔心里,115/08/31,張仁森,無,
桃園市楊梅區金龍里,115/09/01,朱金泰,中國國民黨,
桃園市楊梅區金龍里,115/09/02,洪榮富,中國國民黨,
桃園市楊梅區瑞塘里,115/09/02,王興福,無,
桃園市楊梅區瑞塘里,115/09/04,林向良,無,
桃園市楊梅區四維里,115/08/31,羅文明,中國國民黨,
桃園市楊梅區梅溪里,115/09/02,吳錦鴻,無,
桃園市楊梅區高山里,115/09/02,鄭豐慶,無,
桃園市楊梅區高山里,115/09/04,江崇嚴,無,
桃園市楊梅區高榮里,115/09/01,陳秀雲,無,
桃園市楊梅區高榮里,115/09/02,黎燕星,無,
桃園市楊梅區仁美里,115/09/03,花國章,無,
桃園市楊梅區光華里,115/09/02,徐逢漳,中國國民黨,
桃園市楊梅區富岡里,115/09/02,彭惠怡,無,
桃園市楊梅區富岡里,115/09/02,李玉文,無,
桃園市楊梅區豐野里,115/09/03,梁華君,無,
桃園市楊梅區員本里,115/09/03,陳奕霖,無,
桃園市楊梅區瑞原里,115/09/02,黃定宏,無,
桃園市楊梅區瑞原里,115/09/02,葉佐陸,無,
桃園市楊梅區瑞原里,115/09/03,游素珠,無,
桃園市楊梅區三湖里,115/09/02,張修源,無,
桃園市楊梅區三湖里,115/09/03,鄧敦仁,無,
桃園市楊梅區上湖里,115/09/02,詹前佑,無,
桃園市楊梅區上湖里,115/09/02,張名斌,無,
桃園市楊梅區中山里,115/09/02,黃朱秀娥,無,
桃園市楊梅區楊明里,115/09/02,鍾能錦,無,
桃園市楊梅區楊明里,115/09/02,趙雅齡,無,
桃園市楊梅區楊明里,115/09/04,李沛姞,無,
桃園市楊梅區金溪里,115/09/03,彭慧蓮,無,
桃園市楊梅區裕成里,115/09/03,李昱宏,無,
桃園市楊梅區裕成里,115/09/03,吳仕賢,無,
桃園市楊梅區裕成里,115/09/04,陳隆義,無,
桃園市楊梅區秀才里,115/09/01,涂慶雄,無,
桃園市楊梅區青山里,115/09/02,葉福州,中國國民黨,
桃園市楊梅區青山里,115/09/03,吳水登,無,
桃園市楊梅區新榮里,115/09/02,林子齡,無,
桃園市楊梅區雙榮里,115/09/02,許時炫,無,
桃園市楊梅區雙榮里,115/09/03,黎泰山,無,
桃園市楊梅區瑞坪里,115/09/02,呂芳盛,無,
桃園市楊梅區瑞坪里,115/09/02,沈文秀,無,
桃園市楊梅區瑞坪里,115/09/04,吳孟芬,無,
桃園市楊梅區永平里,115/09/02,陶其瑞,無,
桃園市楊梅區瑞溪里,115/08/31,劉秀玲,無,
桃園市楊梅區瑞溪里,115/09/02,林美慧,無,
桃園市楊梅區高上里,115/08/31,李永財,無,
桃園市楊梅區高上里,115/09/02,江宏緯,無,
桃園市楊梅區高上里,115/09/02,傅從學,無,
桃園市楊梅區高上里,115/09/02,梁彥敏,無,
桃園市楊梅區高上里,115/09/02,鍾紋綺,中國國民黨,
桃園市楊梅區富豐里,115/09/02,許水佐,無,
桃園市楊梅區富豐里,115/09/03,徐石全,無,
桃園市楊梅區裕新里,115/09/01,謝金輝,無,
桃園市楊梅區裕新里,115/09/02,蔡進園,中國國民黨,
桃園市楊梅區裕新里,115/09/02,陳葉菊,無,
桃園市楊梅區裕新里,115/09/02,張鈺婷,無,
桃園市楊梅區三民里,115/08/31,高芷若,無,
桃園市楊梅區三民里,115/09/02,黃金枝,無,
桃園市楊梅區頭湖里,115/08/31,郝文會,無,
桃園市楊梅區頭湖里,115/09/02,楊文霖,無,
桃園市楊梅區頭湖里,115/09/02,鄭芸晴,無,
桃園市楊梅區頭湖里,115/09/03,郭昌育,無,
桃園市蘆竹區新興里,115/09/02,呂書言,無,
桃園市蘆竹區新興里,115/09/02,李宜潤,無,
桃園市蘆竹區新興里,115/09/02,王金月,無,
桃園市蘆竹區新興里,115/09/03,賴嘉壽,無,
桃園市蘆竹區中福里,115/09/02,詹益青,無,
桃園市蘆竹區新莊里,115/08/31,陳佑祥,無,
桃園市蘆竹區新莊里,115/09/02,王淑華,無,
桃園市蘆竹區新莊里,115/09/04,王金榮,無,
桃園市蘆竹區大竹里,115/09/02,黃榮祈,中國國民黨,
桃園市蘆竹區大竹里,115/09/03,王靖崴,無,
桃園市蘆竹區蘆竹里,115/08/31,蔡清雲,無,
桃園市蘆竹區蘆竹里,115/09/02,郭曉蓉,無,
桃園市蘆竹區南崁里,115/09/02,邱顯助,民主進步黨,
桃園市蘆竹區南崁里,115/09/04,錢政順,無,
桃園市蘆竹區錦興里,115/09/04,林延珠,無,
桃園市蘆竹區五福里,115/09/01,葉祥鏗,無,
桃園市蘆竹區五福里,115/09/02,廖定川,無,
桃園市蘆竹區內厝里,115/09/02,黃孟麗,無,
桃園市蘆竹區內厝里,115/09/02,簡義峰,無,
桃園市蘆竹區山鼻里,115/09/03,張寶龍,無,
桃園市蘆竹區山鼻里,115/09/04,陳秀菁,無,
桃園市蘆竹區山腳里,115/09/03,徐慶堂,無,
桃園市蘆竹區山腳里,115/09/04,陳文村,無,
桃園市蘆竹區外社里,115/09/02,高碧玲,無,
桃園市蘆竹區外社里,115/09/02,陳政權,無,
桃園市蘆竹區外社里,115/09/02,陳四軍,無,
桃園市蘆竹區外社里,115/09/03,余適霖,經濟黨,
桃園市蘆竹區外社里,115/09/04,陳志超,無,
桃園市蘆竹區坑子里,115/09/01,許緖殿,無,
桃園市蘆竹區坑子里,115/09/01,游象益,無,
桃園市蘆竹區坑口里,115/08/31,徐志峰,無,
桃園市蘆竹區坑口里,115/09/02,徐嘉慧,無,
桃園市蘆竹區海湖里,115/09/02,王家慶,無,
桃園市蘆竹區海湖里,115/09/03,徐式甫,無,
桃園市蘆竹區南榮里,115/09/02,卓宗賢,無,
桃園市蘆竹區南興里,115/09/02,謝佳秀,無,
桃園市蘆竹區南興里,115/09/04,馮春香,無,
桃園市蘆竹區長興里,115/09/04,呂理粲,無,
桃園市蘆竹區錦中里,115/08/31,徐文隆,無,
桃園市蘆竹區錦中里,115/09/04,王韋智,無,
桃園市蘆竹區富竹里,115/09/03,李衍湦,無,
桃園市蘆竹區上竹里,115/09/02,李阿清,中國國民黨,
桃園市蘆竹區上竹里,115/09/02,劉淑芬,無,
桃園市蘆竹區宏竹里,115/09/04,黃國林,無,
桃園市蘆竹區瓦窯里,115/09/01,吳國勝,無,
桃園市蘆竹區營盤里,115/09/02,陳鈞康,無,
桃園市蘆竹區營盤里,115/09/03,黃秀鳳,無,
桃園市蘆竹區羊稠里,115/09/02,李纘騰,無,
桃園市蘆竹區順興里,115/09/02,陳淑媛,無,
桃園市蘆竹區福昌里,115/09/02,林翁秀蘭,無,
桃園市蘆竹區福昌里,115/09/02,謝巧築,無,
桃園市蘆竹區福興里,115/09/02,林沐暘,無,
桃園市蘆竹區福興里,115/09/02,陳太陽,無,
桃園市蘆竹區蘆興里,115/09/03,邱顯乾,無,
桃園市蘆竹區長壽里,115/09/01,陳文安,無,
桃園市蘆竹區長壽里,115/09/02,樊彩雲,無,
桃園市蘆竹區長壽里,115/09/04,張國泰,無,
桃園市蘆竹區吉祥里,115/09/02,游建忠,無,
桃園市蘆竹區中山里,115/09/02,黃淑芬,無,
桃園市蘆竹區福祿里,115/09/02,李勝輝,無,
桃園市蘆竹區福祿里,115/09/04,朱兆程,無,
桃園市蘆竹區興榮里,115/08/31,郭永清,無,
桃園市蘆竹區興榮里,115/09/04,郭世經,無,
桃園市蘆竹區中興里,115/08/31,張月娥,無,
桃園市蘆竹區上興里,115/09/02,蕭富全,無,
桃園市蘆竹區上興里,115/09/03,江松銘,無,
桃園市蘆竹區營福里,115/09/02,夏榮發,中國國民黨,
桃園市蘆竹區正興里,115/09/02,梁坤寶,無,
桃園市蘆竹區濱海里,115/09/03,林錦昌,無,
桃園市大園區大園里,115/09/02,林文川,無,
桃園市大園區田心里,115/09/02,黃興隆,無,
桃園市大園區田心里,115/09/02,蕭文宗,無,
桃園市大園區溪海里,115/09/02,劉健勲,無,
桃園市大園區溪海里,115/09/03,賴俊仲,無,
桃園市大園區和平里,115/09/02,劉鈺貞,無,
桃園市大園區和平里,115/09/04,許朝童,無,
桃園市大園區橫峰里,115/08/31,徐振坤,無,
桃園市大園區五權里,115/09/02,游振輝,無,
桃園市大園區埔心里,115/09/02,盧宜芳,無,
桃園市大園區大海里,115/09/01,陳雲清,無,
桃園市大園區三石里,115/08/31,張世良,無,
桃園市大園區菓林里,115/09/03,陳錫達,無,
桃園市大園區菓林里,115/09/04,劉美玲,無,
桃園市大園區竹圍里,115/09/02,黃有錫,無,
桃園市大園區竹圍里,115/09/02,陳惠蘭,無,
桃園市大園區竹圍里,115/09/03,陳清榮,無,
桃園市大園區海口里,115/09/01,鄭宇成,無,
桃園市大園區海口里,115/09/03,陳宥涵,無,
桃園市大園區沙崙里,115/09/02,游素珠,無,
桃園市大園區後厝里,115/09/02,林有財,無,
桃園市大園區圳頭里,115/08/31,卓榮騰,無,
桃園市大園區內海里,115/09/01,許程睿,無,
桃園市大園區內海里,115/09/04,許常旭,無,
桃園市大園區北港里,115/09/02,蔡烱烈,無,
桃園市大園區南港里,115/09/02,許茂,無,
桃園市大園區青峰里,115/09/01,劉秋霞,無,
桃園市大園區青山里,115/08/31,李吳彩月,無,
桃園市大園區新南里,115/09/02,蕭智強,無,
桃園市大園區新南里,115/09/03,汪京翰,無,
桃園市大園區新南里,115/09/03,陳暘,無,
桃園市大園區新南里,115/09/04,劉一虎,無,
桃園市大園區新南里,115/09/04,簡立宏,無,
桃園市大園區仁德里,115/09/01,江錦春,無,
桃園市大園區仁德里,115/09/02,李阿川,無,
桃園市大園區仁德里,115/09/03,江銘群,無,
桃園市龜山區楓樹里,115/09/01,陳樹源,無,
桃園市龜山區楓樹里,115/09/03,卓秋琴,無,
桃園市龜山區龜山里,115/09/02,董立琪,無,
桃園市龜山區龜山里,115/09/04,陳國銓,無,
桃園市龜山區龜山里,115/09/04,詹昇發,無,
桃園市龜山區兔坑里,115/09/03,簡志宏,無,
桃園市龜山區兔坑里,115/09/03,劉定國,無,
桃園市龜山區大同里,115/09/02,鄭清木,無,
桃園市龜山區大同里,115/09/04,陳萬榮,無,
桃園市龜山區山福里,115/08/31,陳昱銘,無,
桃園市龜山區山福里,115/09/02,施國華,無,
桃園市龜山區山頂里,115/09/02,黃呈科,無,
桃園市龜山區陸光里,115/08/31,聶哲淵,中國國民黨,
桃園市龜山區精忠里,115/08/31,干金城,無,
桃園市龜山區精忠里,115/09/04,張孫宥心,中國國民黨,
桃園市龜山區公西里,115/08/31,陳銀河,無,
桃園市龜山區樂善里,115/09/02,黃錦芳,無,
桃園市龜山區南上里,115/09/02,陳鼎景,無,
桃園市龜山區南上里,115/09/02,陳黃淑霞,無,
桃園市龜山區大坑里,115/09/02,游輝鐘,無,
桃園市龜山區中興里,115/08/31,卓淑美,無,
桃園市龜山區中興里,115/09/02,林智亨,無,
桃園市龜山區中興里,115/09/02,王得權,無,
桃園市龜山區山德里,115/09/02,鄭晟,無,
桃園市龜山區山德里,115/09/03,李健祿,無,
桃園市龜山區新路里,115/09/02,張忠發,無,
桃園市龜山區新路里,115/09/03,呂學東,中國國民黨,
桃園市龜山區嶺頂里,115/09/02,陳秀美,無,
桃園市龜山區嶺頂里,115/09/03,劉黃淑梅,無,
桃園市龜山區龍壽里,115/09/04,陳水賓,無,
桃園市龜山區舊路里,115/09/01,李相鑑,無,
桃園市龜山區大崗里,115/09/04,陳清華,無,
桃園市龜山區文化里,115/09/02,黃明助,無,
桃園市龜山區南美里,115/09/02,黃雅蓉,無,
桃園市龜山區南美里,115/09/04,何騰翔,無,
桃園市龜山區幸福里,115/09/02,張素伶,無,
桃園市龜山區幸福里,115/09/02,趙建輝,左翼聯盟,
桃園市龜山區幸福里,115/09/03,洪峻傑,無,
桃園市龜山區福源里,115/09/02,顏福來,無,
桃園市龜山區福源里,115/09/02,邱創德,無,
桃園市龜山區福源里,115/09/04,黃宏洋,無,
桃園市龜山區龍華里,115/09/03,王玨,無,
桃園市龜山區迴龍里,115/09/02,徐麗月,無,
桃園市龜山區新嶺里,115/08/31,陳文慶,無,
桃園市龜山區新嶺里,115/09/02,李孟荻,無,
桃園市龜山區大湖里,115/09/02,蔡招治,無,
桃園市龜山區大華里,115/09/02,潘素秋,無,
桃園市龜山區長庚里,115/09/01,高雅君,無,
桃園市龜山區長庚里,115/09/02,曾琴文,無,
桃園市龜山區長庚里,115/09/02,魏文盛,無,
桃園市龜山區新興里,115/08/31,陳洲輝,中國國民黨,
桃園市龜山區新興里,115/09/02,張家君,無,
桃園市龜山區文青里,115/09/02,吳美妱,無,
桃園市龜山區文青里,115/09/02,吳淑貞,無,
桃園市龜山區文青里,115/09/04,謝嘉仁,無,
桃園市龜山區楓福里,115/08/31,薛仁岳,無,
桃園市龜山區楓福里,115/09/02,吳世雍,無,
桃園市龜山區文藝里,115/08/31,張錦芳,無,
桃園市龜山區文藝里,115/09/02,簡僑亨,無,
桃園市龜山區文藝里,115/09/03,陳秋花,無,
桃園市龜山區文桃里,115/09/02,楊峻榮,無,
桃園市龜山區文桃里,115/09/03,林沛晴,無,
桃園市龜山區文桃里,115/09/04,金永春,無,
桃園市龜山區文樂里,115/08/31,李惠群,無,
桃園市龜山區文樂里,115/09/01,鄭仲傑,無,
桃園市龜山區文樂里,115/09/02,魏宏鈞,無,
桃園市龜山區長樂里,115/09/02,陳渼娟,無,
桃園市龜山區長樂里,115/09/02,王思安,無,
桃園市八德區興仁里,115/08/31,簡玉芳,無,
桃園市八德區興仁里,115/09/04,郭展誠,無,
桃園市八德區福興里,115/09/02,姚成達,無,
桃園市八德區福興里,115/09/04,張家誠,無,
桃園市八德區瑞豐里,115/09/02,呂學琪,無,
桃園市八德區瑞發里,115/09/01,王國棟,中國國民黨,
桃園市八德區瑞發里,115/09/03,詹琇媖,無,
桃園市八德區瑞德里,115/08/31,康秀雲,中國國民黨,
桃園市八德區瑞祥里,115/09/02,張是華,中國國民黨,
桃園市八德區瑞祥里,115/09/02,李秀梅,無,
桃園市八德區廣興里,115/08/31,呂理瑋,無,
桃園市八德區廣興里,115/09/02,呂理亮,無,
桃園市八德區廣隆里,115/09/02,蘇臻宥,中國國民黨,
桃園市八德區廣隆里,115/09/02,李淑貞,無,
桃園市八德區竹園里,115/09/02,劉榮貴,無,
桃園市八德區竹園里,115/09/02,徐成瑋,無,
桃園市八德區竹園里,115/09/02,楊聯曜,無,
桃園市八德區竹園里,115/09/04,王陳玉雪,無,
桃園市八德區霄裡里,115/09/02,温玉紅,無,
桃園市八德區茄苳里,115/09/03,賴弘毅,無,
桃園市八德區高明里,115/09/02,呂峻安,無,
桃園市八德區白鷺里,115/09/02,黃慶玉,無,
桃園市八德區大湳里,115/09/02,鄭桂林,無,
桃園市八德區大安里,115/09/02,姜佩萱,無,
桃園市八德區大安里,115/09/03,江朝雄,無,
桃園市八德區大興里,115/09/02,呂理章,無,
桃園市八德區大興里,115/09/02,張政雄,無,
桃園市八德區大和里,115/09/02,鄭秀英,無,
桃園市八德區大和里,115/09/03,夏發勝,中國國民黨,
桃園市八德區大同里,115/09/02,王錫文,無,
桃園市八德區大成里,115/09/02,邱得盛,無,
桃園市八德區大義里,115/09/02,尤金源,無,
桃園市八德區大忠里,115/09/02,劉銘勲,中國國民黨,
桃園市八德區大忠里,115/09/02,粘勝智,無,
桃園市八德區大忠里,115/09/03,邱和華,無,
桃園市八德區大福里,115/09/03,唐瑋璘,無,
桃園市八德區大福里,115/09/03,呂學昌,中國國民黨,
桃園市八德區大勇里,115/09/02,蔡文賜,無,
桃園市八德區大勇里,115/09/03,劉東昇,無,
桃園市八德區大信里,115/09/01,方青雲,無,
桃園市八德區大信里,115/09/02,王沛靜,中國國民黨,
桃園市八德區大信里,115/09/04,陳虹樺,無,
桃園市八德區大華里,115/09/03,王心薇,無,
桃園市八德區大仁里,115/09/02,張國平,無,
桃園市八德區大智里,115/09/02,謝啟生,無,
桃園市八德區大智里,115/09/02,鄭淑霞,無,
桃園市八德區瑞泰里,115/09/02,褚明賢,無,
桃園市八德區瑞泰里,115/09/02,李秀雯,無,
桃園市八德區大昌里,115/09/03,黃弘易,無,
桃園市八德區大正里,115/08/31,郭明法,無,
桃園市八德區大強里,115/09/02,李明賢,無,
桃園市八德區大發里,115/09/02,李東標,中國國民黨,
桃園市八德區大明里,115/09/02,呂新添,無,
桃園市八德區大竹里,115/09/02,鄭榮輝,無,
桃園市八德區大慶里,115/09/02,李建銘,無,
桃園市八德區大千里,115/09/01,呂黎靜,無,
桃園市八德區大榮里,115/09/02,楊兆強,無,
桃園市八德區茄明里,115/09/02,曾慶麟,無,
桃園市八德區茄明里,115/09/02,張坤良,中國國民黨,
桃園市八德區高城里,115/09/02,呂彥樽,無,
桃園市八德區高城里,115/09/04,江龍喜,無,
桃園市八德區瑞興里,115/09/03,林昆德,無,
桃園市八德區大愛里,115/09/01,陳淑美,無,
桃園市八德區大愛里,115/09/03,段麗滿,無,
桃園市八德區大宏里,115/09/01,鍾定昌,無,
桃園市八德區大宏里,115/09/03,楊萬得,無,
桃園市八德區大宏里,115/09/04,黃子淮,無,
桃園市八德區大漢里,115/09/03,吳建浩,無,
桃園市八德區大漢里,115/09/03,陳朝全,無,
桃園市八德區廣德里,115/08/31,吳在能,無,
桃園市八德區龍友里,115/09/02,姜因龍,無,
桃園市八德區龍友里,115/09/02,張修文,中國國民黨,
桃園市八德區陸光里,115/08/31,湯慕寒,無,
桃園市八德區陸光里,115/09/02,何金鳳,中國國民黨,
桃園市八德區永豐里,115/09/02,趙令城,無,
桃園市八德區大順里,115/08/31,張麗珍,無,
桃園市八德區大順里,115/09/02,簡浚哲,中國國民黨,
桃園市八德區大順里,115/09/02,陳約西,無,
桃園市八德區大順里,115/09/03,徐顥晉,無,
桃園市八德區福元里,115/09/02,林含芳,無,
桃園市八德區福元里,115/09/03,楊順富,無,
桃園市八德區福德里,115/09/03,呂宜政,無,
桃園市八德區興中里,115/09/02,高資穎,無,
桃園市八德區興中里,115/09/03,劉昆哲,無,
桃園市八德區大盛里,115/08/31,許雅琦,無,
桃園市八德區大盛里,115/09/01,徐孟澤,無,
桃園市八德區大盛里,115/09/02,翁振恩,無,
桃園市龍潭區黃唐里,115/09/02,劉修增,無,
桃園市龍潭區中山里,115/09/02,黃承隆,無,
桃園市龍潭區中山里,115/09/03,鄧文瑀,無,
桃園市龍潭區烏林里,115/09/03,李鳳芝,無,
桃園市龍潭區高平里,115/09/02,蘇朝文,無,
桃園市龍潭區凌雲里,115/08/31,陳振漢,無,
桃園市龍潭區八德里,115/09/01,葉來旺,無,
桃園市龍潭區三水里,115/08/31,張双貴,無,
桃園市龍潭區上林里,115/09/02,黃承藩,無,
桃園市龍潭區上林里,115/09/02,鍾泉芳,無,
桃園市龍潭區中正里,115/09/03,張閔捷,無,
桃園市龍潭區龍潭里,115/09/02,徐泰江,無,
桃園市龍潭區龍潭里,115/09/03,鍾朝麟,無,
桃園市龍潭區高原里,115/09/03,涂雅淳,無,
桃園市龍潭區高原里,115/09/04,蕭家亮,無,
桃園市龍潭區九龍里,115/09/02,陳新榮,無,
桃園市龍潭區中興里,115/09/03,彭石松,無,
桃園市龍潭區佳安里,115/09/02,江李桂春,無,
桃園市龍潭區佳安里,115/09/03,劉湘華,無,
桃園市龍潭區三和里,115/09/03,李麗珍,無,
桃園市龍潭區三和里,115/09/03,廖緗翎,無,
桃園市龍潭區三坑里,115/09/02,黃遠達,無,
桃園市龍潭區三坑里,115/09/02,徐美惠,無,
桃園市龍潭區三坑里,115/09/04,邱創煥,無,
桃園市龍潭區大平里,115/09/02,鍾妙瑄,無,
桃園市龍潭區大平里,115/09/03,鍾淦豐,無,
桃園市龍潭區大平里,115/09/03,唐淑英,無,
桃園市龍潭區三林里,115/09/02,陳國佑,無,
桃園市龍潭區三林里,115/09/02,楊仕鉦,中國國民黨,
桃園市龍潭區永興里,115/08/31,范品發,無,
桃園市龍潭區烏樹林里,115/09/02,翁茂榮,無,
桃園市龍潭區烏樹林里,115/09/03,葉佳良,無,
桃園市龍潭區百年里,115/08/31,彭彥瑋,無,
桃園市龍潭區百年里,115/09/02,陳亮伃,無,
桃園市龍潭區百年里,115/09/04,王偉權,無,
桃園市龍潭區百年里,115/09/04,鄭鴻益,無,
桃園市龍潭區百年里,115/09/04,朱春龍,無,
桃園市龍潭區龍祥里,115/09/03,彭春蘭,中國國民黨,
桃園市龍潭區聖德里,115/09/02,徐春淼,無,
桃園市龍潭區聖德里,115/09/03,鍾吉洪,無,
桃園市龍潭區龍星里,115/09/03,張金財,無,
桃園市龍潭區上華里,115/09/03,龍畇慈,無,
桃園市龍潭區上華里,115/09/03,王漾,無,
桃園市龍潭區武漢里,115/08/31,簡孝宗,中國國民黨,
桃園市龍潭區武漢里,115/09/04,范煥港,無,
桃園市龍潭區東興里,115/08/31,張健華,中國國民黨,
桃園市龍潭區北興里,115/08/31,秦永楠,中國國民黨,
桃園市龍潭區建林里,115/08/31,張淑美,中國國民黨,
桃園市龍潭區富林里,115/09/02,魏榮貴,中國國民黨,
桃園市龍潭區富林里,115/09/03,王睿均,無,
桃園市龍潭區祥和里,115/09/02,林鴻斌,無,
桃園市龍潭區渴望里,115/09/02,陳文鵬,無,
桃園市龍潭區渴望里,115/09/02,洪揚才,無,
桃園市龍潭區渴望里,115/09/03,詹淑華,無,
桃園市平鎮區雙連里,115/09/01,張明生,無,
桃園市平鎮區雙連里,115/09/03,賴沛承,無,
桃園市平鎮區高雙里,115/09/02,袁鳳珠,無,
桃園市平鎮區復旦里,115/09/02,劉貴銘,無,
桃園市平鎮區復旦里,115/09/03,陳振華,無,
桃園市平鎮區廣興里,115/09/02,吳明香,無,
桃園市平鎮區廣興里,115/09/03,魯豫恒,無,
桃園市平鎮區義民里,115/09/02,吳尚融,無,
桃園市平鎮區宋屋里,115/09/01,劉邦岑,無,
桃園市平鎮區宋屋里,115/09/02,魏寶蘭,無,
桃園市平鎮區新勢里,115/09/02,李金興,無,
桃園市平鎮區新富里,115/09/02,梁瑞其,無,
桃園市平鎮區北勢里,115/09/03,鍾權州,無,
桃園市平鎮區北勢里,115/09/04,張寶鈿,無,
桃園市平鎮區北興里,115/09/04,莊訓城,中國國民黨,
桃園市平鎮區北貴里,115/09/04,張寶珠,無,
桃園市平鎮區平鎮里,115/09/02,王耀棟,無,
桃園市平鎮區南勢里,115/09/02,謝禎偉,無,
桃園市平鎮區莊敬里,115/08/31,吳誠昀,無,
桃園市平鎮區莊敬里,115/09/02,任啓棟,無,
桃園市平鎮區莊敬里,115/09/02,邱堡櫻,無,
桃園市平鎮區山峰里,115/09/03,黃楚平,無,
桃園市平鎮區山峰里,115/09/03,陳進宏,無,
桃園市平鎮區山峰里,115/09/04,曾毓海,無,
桃園市平鎮區山峰里,115/09/04,劉爾宏,無,
桃園市平鎮區湧光里,115/09/02,黃志仁,無,
桃園市平鎮區龍恩里,115/09/03,彭鼎淵,無,
桃園市平鎮區龍恩里,115/09/03,胡惠欣,無,
桃園市平鎮區東社里,115/09/02,劉秀英,無,
桃園市平鎮區東社里,115/09/02,陳武平,無,
桃園市平鎮區龍興里,115/09/02,許金新,無,
桃園市平鎮區貿易里,115/09/02,易蔚燕,無,
桃園市平鎮區貿易里,115/09/03,宋季恒,無,
桃園市平鎮區貿易里,115/09/04,鞠坤棋,無,
桃園市平鎮區忠貞里,115/09/01,尹黃愛紅,中國國民黨,
桃園市平鎮區忠貞里,115/09/03,蘇智凱,無,
桃園市平鎮區忠貞里,115/09/03,黃秀柱,無,
桃園市平鎮區中正里,115/08/31,邱芳蘋,無,
桃園市平鎮區中正里,115/09/02,孫右義,中國國民黨,
桃園市平鎮區建安里,115/08/31,葉姜双鳳,無,
桃園市平鎮區東勢里,115/09/02,魏道榮,無,
桃園市平鎮區東安里,115/09/02,徐德華,無,
桃園市平鎮區新安里,115/09/02,葉佳凌,無,
桃園市平鎮區新安里,115/09/04,陳吟媛,無,
桃園市平鎮區鎮興里,115/09/03,黃志杰,無,
桃園市平鎮區義興里,115/09/02,詹瑞梅,無,
桃園市平鎮區義興里,115/09/03,姜春霞,無,
桃園市平鎮區湧豐里,115/09/02,嚴偉英,無,
桃園市平鎮區湧安里,115/09/02,陳金福,無,
桃園市平鎮區湧安里,115/09/04,張鶴騰,無,
桃園市平鎮區廣達里,115/09/02,鄒碧珠,無,
桃園市平鎮區廣達里,115/09/03,黃坤圳,無,
桃園市平鎮區福林里,115/09/02,彭士益,無,
桃園市平鎮區福林里,115/09/03,陳進忠,無,
桃園市平鎮區金星里,115/08/31,江沂鍹,無,
桃園市平鎮區金星里,115/09/04,程明泉,無,
桃園市平鎮區廣仁里,115/08/31,黃惠君,無,
桃園市平鎮區廣仁里,115/09/03,范志爐,無,
桃園市平鎮區新貴里,115/09/02,李駿南,無,
桃園市平鎮區新貴里,115/09/02,劉玉蓮,無,
桃園市平鎮區北富里,115/09/02,游振乾,無,
桃園市平鎮區北富里,115/09/02,黃照仁,無,
桃園市平鎮區北富里,115/09/04,陳品丞,無,
桃園市平鎮區新榮里,115/08/31,簡世恆,無,
桃園市平鎮區新榮里,115/09/03,鄧秀真,無,
桃園市平鎮區華安里,115/08/31,王可仁,中國國民黨,
桃園市平鎮區金陵里,115/09/02,藍凱威,無,
桃園市平鎮區金陵里,115/09/03,高秀妮,無,
桃園市平鎮區金陵里,115/09/03,莊英隆,無,
桃園市平鎮區北安里,115/09/01,吳振春,無,
桃園市平鎮區北安里,115/09/02,呂理漳,無,
桃園市平鎮區北華里,115/09/02,陳軍元,無,
桃園市平鎮區北華里,115/09/02,鄧爕墩,無,
桃園市平鎮區復興里,115/09/02,彭恭偉,無,
桃園市平鎮區復興里,115/09/03,林坤霖,無,
桃園市平鎮區平興里,115/09/02,王煥恕,無,
桃園市平鎮區平興里,115/09/02,陳金容,無,
桃園市平鎮區平興里,115/09/03,余民宗,無,
桃園市平鎮區新英里,115/09/04,秦耀舜,無,
桃園市平鎮區平安里,115/09/02,林志癸,無,
桃園市平鎮區平安里,115/09/03,彭意菱,無,
桃園市平鎮區平南里,115/09/02,江珮瑩,無,
桃園市新屋區新屋里,115/09/02,黃振坤,無,
桃園市新屋區新屋里,115/09/03,徐智遠,無,
桃園市新屋區新生里,115/09/03,彭煥鈿,無,
桃園市新屋區後湖里,115/09/02,劉慶昌,無,
桃園市新屋區後湖里,115/09/03,徐玉春,無,
桃園市新屋區後湖里,115/09/04,徐同權,無,
桃園市新屋區清華里,115/09/02,謝浩來,無,
桃園市新屋區清華里,115/09/02,陳貞龍,無,
桃園市新屋區清華里,115/09/03,宋文琪,無,
桃園市新屋區頭洲里,115/09/02,姜歐秀美,無,
桃園市新屋區埔頂里,115/09/02,許德鴻,無,
桃園市新屋區埔頂里,115/09/02,李美玉,無,
桃園市新屋區九斗里,115/09/02,田煥興,無,
桃園市新屋區九斗里,115/09/02,羅煥屏,無,
桃園市新屋區社子里,115/08/31,周仕明,無,
桃園市新屋區社子里,115/09/04,楊品潔,無,
桃園市新屋區東明里,115/09/02,姜義泉,無,
桃園市新屋區東明里,115/09/02,李祥和,無,
桃園市新屋區石磊里,115/09/01,楊莘玫,無,
桃園市新屋區石磊里,115/09/02,羅伊廷,無,
桃園市新屋區石磊里,115/09/03,鍾桂梅,無,
桃園市新屋區下埔里,115/09/02,黃量煌,無,
桃園市新屋區下埔里,115/09/02,葉倫嵩,無,
桃園市新屋區下田里,115/09/04,黃福禮,無,
桃園市新屋區石牌里,115/09/02,劉得亮,無,
桃園市新屋區赤欄里,115/09/02,彭成泉,無,
桃園市新屋區永興里,115/09/02,葉國傑,無,
桃園市新屋區永安里,115/09/02,郭先彰,無,
桃園市新屋區笨港里,115/09/02,盧漢泉,無,
桃園市新屋區笨港里,115/09/03,黃金本,無,
桃園市新屋區深圳里,115/08/31,李子維,無,
桃園市新屋區深圳里,115/09/02,徐李玉桂,無,
桃園市新屋區蚵間里,115/09/04,續高陽,無,
桃園市新屋區槺榔里,115/09/02,羅鴻霖,無,
桃園市新屋區後庄里,115/09/02,姜吉隆,無,
桃園市新屋區大坡里,115/08/31,彭建興,無,
桃園市新屋區大坡里,115/09/02,陳俊良,無,
桃園市新屋區望間里,115/09/03,彭勝來,無,
桃園市觀音區觀音里,115/09/02,葉澄淼,無,
桃園市觀音區觀音里,115/09/02,廖慶光,無,
桃園市觀音區觀音里,115/09/02,彭智榮,無,
桃園市觀音區白玉里,115/09/02,黃謀境,無,
桃園市觀音區廣興里,115/08/31,林裕鑫,無,
桃園市觀音區大潭里,115/08/31,劉明珠,無,
桃園市觀音區武威里,115/09/02,廖榮福,無,
桃園市觀音區武威里,115/09/03,廖辰運,無,
桃園市觀音區保生里,115/09/02,黃秀娥,無,
桃園市觀音區保生里,115/09/04,謝文謙,無,
桃園市觀音區三和里,115/09/02,廖文雄,無,
桃園市觀音區三和里,115/09/02,莊崇坊,無,
桃園市觀音區三和里,115/09/03,廖經順,無,
桃園市觀音區新興里,115/09/02,林秀蓮,無,
桃園市觀音區新興里,115/09/03,姜禮松,無,
桃園市觀音區坑尾里,115/09/02,徐添華,無,
桃園市觀音區坑尾里,115/09/03,向春榮,無,
桃園市觀音區金湖里,115/09/02,李茂松,無,
桃園市觀音區藍埔里,115/09/02,陳奕欽,無,
桃園市觀音區藍埔里,115/09/02,徐桂本,無,
桃園市觀音區大同里,115/09/03,邱德貴,無,
桃園市觀音區大同里,115/09/03,劉秀華,無,
桃園市觀音區大堀里,115/09/02,莊志評,無,
桃園市觀音區大堀里,115/09/02,陳志孝,無,
桃園市觀音區崙坪里,115/08/31,羅時禎,無,
桃園市觀音區崙坪里,115/09/02,蔡姍妘,無,
桃園市觀音區富源里,115/09/03,余奕增,無,
桃園市觀音區富源里,115/09/03,張賢坤,無,
桃園市觀音區富源里,115/09/04,邱柄皓,無,
桃園市觀音區上大里,115/08/31,宋士林,無,
桃園市觀音區上大里,115/08/31,卓聖禪,無,
桃園市觀音區上大里,115/09/02,徐永福,無,
桃園市觀音區上大里,115/09/03,魏秀有,無,
桃園市觀音區新坡里,115/09/02,陳詩詠,無,
桃園市觀音區新坡里,115/09/03,馮彩庭,無,
桃園市觀音區廣福里,115/09/02,許麗卿,無,
桃園市觀音區廣福里,115/09/02,王文進,無,
桃園市觀音區塔腳里,115/09/04,郭朝明,無,
桃園市觀音區保障里,115/09/02,簡春梅,無,
桃園市觀音區草漯里,115/09/02,呂坤遠,無,
桃園市觀音區草漯里,115/09/04,李鎰如,無,
桃園市觀音區樹林里,115/09/02,黃文章,無,
桃園市觀音區富林里,115/09/03,莊彩鑾,無,
桃園市觀音區富林里,115/09/03,葉文隆,無,
桃園市觀音區草新里,115/09/02,莊萬寶,無,
桃園市觀音區草新里,115/09/03,梁信文,無,
桃園市觀音區草新里,115/09/03,楊芳明,無,
桃園市復興區三民里,115/09/02,鍾照光,無,
桃園市復興區三民里,115/09/02,薛榮裕,無,
桃園市復興區澤仁里,115/08/31,陽國禎,無,
桃園市復興區澤仁里,115/08/31,謝羽璿,無,
桃園市復興區澤仁里,115/09/04,楊唯傑,無,
桃園市復興區義盛里,115/08/31,宗維良,無,
桃園市復興區義盛里,115/08/31,呂百加,無,
桃園市復興區義盛里,115/09/01,森源緯,無,
桃園市復興區義盛里,115/09/03,阮麗華,無,
桃園市復興區霞雲里,115/09/01,林慶勝,無,
桃園市復興區霞雲里,115/09/03,洪明德,無,
桃園市復興區長興里,115/09/02,黃再福,無,
桃園市復興區長興里,115/09/03,黃民,無,
桃園市復興區三光里,115/08/31,高英傑,無,
桃園市復興區三光里,115/08/31,林光志,無,
桃園市復興區三光里,115/09/02,高有志,無,
桃園市復興區三光里,115/09/04,高定,無,
桃園市復興區奎輝里,115/08/31,李學益,無,
桃園市復興區奎輝里,115/09/03,李香蘭,無,
桃園市復興區華陵里,115/08/31,梁雅惠,無,
桃園市復興區華陵里,115/09/03,林雪玫,無,
桃園市復興區羅浮里,115/09/01,李進福,無,
桃園市復興區羅浮里,115/09/02,廖國達,無,
桃園市復興區高義里,115/08/31,姜裕福,無,
臺中市中區繼光里,115/08/31,吳禎耀,中國國民黨,
臺中市中區繼光里,115/09/04,林坤福,無,
臺中市中區大墩里,115/09/02,張文華,中國國民黨,
臺中市中區大墩里,115/09/04,紀文清,無,
臺中市中區綠川里,115/09/02,郭孟姬,中國國民黨,
臺中市中區綠川里,115/09/02,楊文宏,無,
臺中市中區綠川里,115/09/04,張克任,無,
臺中市中區公園里,115/09/02,邱婉玲,無,
臺中市中區光復里,115/08/31,張富星,中國國民黨,
臺中市中區柳川里,115/09/02,蔡翠碧,中國國民黨,
臺中市中區大誠里,115/08/31,林志隆,中國國民黨,
臺中市中區中華里,115/09/02,廖榮中,中國國民黨,
臺中市東區新庄里,115/09/03,洪宗毅,無,
臺中市東區振興里,115/09/02,林欣穎,無,
臺中市東區振興里,115/09/02,曾秀珠,無,
臺中市東區振興里,115/09/03,劉作文,無,
臺中市東區東橋里,115/09/02,何冠緯,無,
臺中市東區東橋里,115/09/04,邱森春,無,
臺中市東區東興里,115/09/03,陳淑玲,無,
臺中市東區東興里,115/09/03,鄭伊伶,無,
臺中市東區干城里,115/09/02,張碧芝,無,
臺中市東區干城里,115/09/02,呂亭瑩,無,
臺中市東區泉源里,115/09/02,鄭紹頡,無,
臺中市東區泉源里,115/09/03,羅文甫,無,
臺中市東區泉源里,115/09/03,邱仕榮,無,
臺中市東區旱溪里,115/09/02,郭松益,無,
臺中市東區旱溪里,115/09/04,高秀鳳,無,
臺中市東區樂成里,115/09/02,曾仁杰,無,
臺中市東區東門里,115/08/31,莊錦聰,無,
臺中市東區東門里,115/09/03,徐慕怡,無,
臺中市東區東門里,115/09/03,林坤熙,無,
臺中市東區十甲里,115/09/03,林昑照,無,
臺中市東區十甲里,115/09/03,林熲珉,無,
臺中市東區東南里,115/09/02,王瑞發,無,
臺中市東區東勢里,115/09/02,張財良,中國國民黨,
臺中市東區東勢里,115/09/02,彭維俊,無,
臺中市東區東勢里,115/09/02,蔡余祿,無,
臺中市東區合作里,115/09/02,曾建成,中國國民黨,
臺中市東區富台里,115/09/02,石國勳,中國國民黨,
臺中市東區富仁里,115/09/01,王詣凱,中國國民黨,
臺中市東區富仁里,115/09/02,施文海,中國國民黨,
臺中市東區東信里,115/09/02,郭承學,無,
臺中市東區東信里,115/09/02,洪榮吉,無,
臺中市東區東英里,115/08/31,林文仲,無,
臺中市東區東英里,115/09/02,王秋福,無,
臺中市東區東英里,115/09/02,惠銘煌,無,
臺中市東區東英里,115/09/02,蔡卉怡,無,
臺中市南區城隍里,115/09/02,林炳儀,無,
臺中市南區國光里,115/09/01,廖胤凱,無,
臺中市南區國光里,115/09/03,曾綵希,無,
臺中市南區南門里,115/09/01,何湞惠,無,
臺中市南區南門里,115/09/02,邱鴻章,中國國民黨,
臺中市南區德義里,115/09/02,阮俊浩,無,
臺中市南區德義里,115/09/03,林金忠,無,
臺中市南區德義里,115/09/04,林佳瑩,無,
臺中市南區積善里,115/09/03,余惠貞,無,
臺中市南區江川里,115/09/02,江鴻志,無,
臺中市南區江川里,115/09/03,楊明俊,無,
臺中市南區新榮里,115/09/03,陳宏誌,無,
臺中市南區福興里,115/09/02,陳友龍,無,
臺中市南區福興里,115/09/03,賴宗義,無,
臺中市南區福平里,115/09/02,張啓龍,中國國民黨,
臺中市南區和平里,115/09/01,魏光輝,無,
臺中市南區和平里,115/09/02,蕭意珊,無,
臺中市南區和平里,115/09/02,張敏生,中國國民黨,
臺中市南區和平里,115/09/03,林錦成,無,
臺中市南區永興里,115/09/02,陳松鶴,無,
臺中市南區樹義里,115/09/02,王馨苓,無,
臺中市南區樹義里,115/09/04,徐鳳娟,無,
臺中市南區樹德里,115/09/04,余銘記,無,
臺中市南區西川里,115/09/03,葉家宏,無,
臺中市南區長春里,115/09/02,林姍汝,無,
臺中市南區長榮里,115/09/03,林政蒼,無,
臺中市南區福順里,115/08/31,鄭正叡,無,
臺中市南區平和里,115/09/03,柯永宏,無,
臺中市南區南和里,115/09/03,黃寶蓮,無,
臺中市南區永和里,115/09/01,李起綸 Baquaz· Madiklan,無,
臺中市南區永和里,115/09/02,屠曉倫,無,
臺中市南區永和里,115/09/02,石乃欣,台澎黨,
臺中市南區工學里,115/09/03,王文明,無,
臺中市南區崇倫里,115/09/03,劉滄棋,無,
臺中市南區崇倫里,115/09/03,曾素貞,無,
臺中市西區民生里,115/09/02,李旻燁,無,
臺中市西區利民里,115/09/02,陳敏祥,中國國民黨,
臺中市西區三民里,115/09/01,廖吳芬芳,無,
臺中市西區東昇里,115/09/02,楊憲智,無,
臺中市西區東昇里,115/09/03,陳寶珠,無,
臺中市西區東昇里,115/09/03,李正安,無,
臺中市西區廣民里,115/08/31,林水順,中國國民黨,
臺中市西區廣民里,115/09/03,彭昱琛,無,
臺中市西區平和里,115/09/01,朱秀切,無,
臺中市西區平和里,115/09/02,張怡婷,無,
臺中市西區公民里,115/09/02,蔡秀滿,無,
臺中市西區公民里,115/09/04,林鈞陶,無,
臺中市西區藍興里,115/08/31,丁致良,無,
臺中市西區藍興里,115/08/31,黃富榮,中國國民黨,
臺中市西區公舘里,115/09/02,謝偉騰,無,
臺中市西區公舘里,115/09/03,李晧平,無,
臺中市西區和龍里,115/09/03,孟慶華,無,
臺中市西區民龍里,115/08/31,吳國楨,中國國民黨,
臺中市西區後龍里,115/09/01,林聖翰,無,
臺中市西區後龍里,115/09/03,郭耀泉,中國國民黨,
臺中市西區安龍里,115/09/04,賴梁松,中國國民黨,
臺中市西區吉龍里,115/09/03,李國禎,無,
臺中市西區吉龍里,115/09/04,李岳峰,無,
臺中市西區昇平里,115/09/01,蕭行凱,無,
臺中市西區忠明里,115/09/03,賴瑞滄,無,
臺中市西區公正里,115/09/01,黃鈺琪,無,
臺中市西區公正里,115/09/02,王春生,無,
臺中市西區土庫里,115/08/31,劉正隆,無,
臺中市西區土庫里,115/09/02,粟藍倩,無,
臺中市西區忠誠里,115/09/02,田玉蓮,無,
臺中市西區忠誠里,115/09/02,趙瑞豐,無,
臺中市西區忠誠里,115/09/02,張美莉,無,
臺中市西區公益里,115/08/31,劉興峰,無,
臺中市西區中興里,115/09/02,湯鈞任,中國國民黨,
臺中市西區公平里,115/09/02,魏素眞,中國國民黨,
臺中市西區公德里,115/09/02,楊博文,中國國民黨,
臺中市西區双龍里,115/09/02,林坤泉,中國國民黨,
臺中市西區双龍里,115/09/02,王世杰,無,
臺中市西區大忠里,115/09/01,張智權,無,
臺中市北區光大里,115/09/01,賴怡君,無,
臺中市北區光大里,115/09/02,陳惟心,無,
臺中市北區光大里,115/09/02,張堡清,無,
臺中市北區文莊里,115/08/31,劉継勇,中國國民黨,
臺中市北區文莊里,115/09/04,李育兆,無,
臺中市北區五常里,115/09/02,林玉惠,無,
臺中市北區新興里,115/08/31,曹中萍,中國國民黨,
臺中市北區新北里,115/08/31,陳信志,中國國民黨,
臺中市北區新北里,115/09/02,廖俊傑,無,
臺中市北區樂英里,115/08/31,劉玉琦,中國國民黨,
臺中市北區樂英里,115/09/01,陸美君,無,
臺中市北區樂英里,115/09/04,戴龍寺,無,
臺中市北區錦村里,115/09/02,吳榮益,中國國民黨,
臺中市北區建成里,115/09/02,林寬仁,無,
臺中市北區建成里,115/09/04,陳怡儒,無,
臺中市北區錦洲里,115/09/02,吳啓彰,無,
臺中市北區錦洲里,115/09/02,周進雄,無,
臺中市北區金華里,115/08/31,蘇福安,無,
臺中市北區金龍里,115/09/02,楊文欽,無,
臺中市北區邱厝里,115/08/31,白文信,無,
臺中市北區邱厝里,115/08/31,張大興,無,
臺中市北區邱厝里,115/09/02,劉家翔,無,
臺中市北區建興里,115/09/02,王平河,無,
臺中市北區頂厝里,115/08/31,呂理宗,無,
臺中市北區賴厝里,115/08/31,許自在,民主進步黨,
臺中市北區賴厝里,115/09/02,賴有德,中國國民黨,
臺中市北區賴村里,115/09/02,鄧福財,無,
臺中市北區賴村里,115/09/04,廖羽婷,無,
臺中市北區育德里,115/08/31,黃志銘,無,
臺中市北區淡溝里,115/09/02,何文正,中國國民黨,
臺中市北區中達里,115/08/31,林清福,中國國民黨,
臺中市北區中達里,115/09/04,賴文進,無,
臺中市北區錦祥里,115/09/04,林美玉,無,
臺中市北區錦祥里,115/09/04,廖一上,無,
臺中市北區健行里,115/09/02,何文宏,中國國民黨,
臺中市北區明德里,115/09/02,林麗芬,無,
臺中市北區長青里,115/09/02,陳如玲,中國國民黨,
臺中市北區長青里,115/09/04,陳錦松,無,
臺中市北區賴明里,115/08/31,賴茂庭,中國國民黨,
臺中市北區賴興里,115/09/03,盧冬松,無,
臺中市北區中正里,115/09/01,張陳美雲,無,
臺中市北區中正里,115/09/04,林麗卿,無,
臺中市北區六合里,115/08/31,陳豐誠,民主進步黨,
臺中市北區大湖里,115/09/01,林麗玲,無,
臺中市北區大湖里,115/09/04,紀國華,無,
臺中市北區錦平里,115/09/03,游金隆,無,
臺中市北區建德里,115/09/02,鄭凱鶴,無,
臺中市北區建德里,115/09/03,林錦賢,無,
臺中市北區崇德里,115/09/04,呂佳維,無,
臺中市北區賴旺里,115/08/31,黃育嘉,無,
臺中市北區賴旺里,115/08/31,廖三慶,無,
臺中市北區明新里,115/09/02,洪平東,無,
臺中市北區立人里,115/09/02,黃韻化,無,
臺中市北區梅川里,115/08/31,吳孟修,無,
臺中市北區梅川里,115/09/01,賴家增,中國國民黨,
臺中市北區賴福里,115/09/02,黃灑晴,中國國民黨,
臺中市西屯區西安里,115/09/01,林泰緯,無,
臺中市西屯區西安里,115/09/02,徐文電,中國國民黨,
臺中市西屯區西安里,115/09/02,賴德榮,無,
臺中市西屯區西墩里,115/09/02,廖家慧,無,
臺中市西屯區西墩里,115/09/04,張凱傑,無,
臺中市西屯區潮洋里,115/09/02,陳素貞,無,
臺中市西屯區潮洋里,115/09/04,王柄弦,無,
臺中市西屯區龍潭里,115/09/02,張清文,無,
臺中市西屯區惠來里,115/09/02,廖慶麟,無,
臺中市西屯區惠來里,115/09/02,楊智仁,無,
臺中市西屯區惠來里,115/09/03,黃建嘉,無,
臺中市西屯區惠來里,115/09/04,呂盈蓉,無,
臺中市西屯區上石里,115/09/02,廖年新,無,
臺中市西屯區上石里,115/09/02,馮華昌,無,
臺中市西屯區逢甲里,115/09/01,廖婉菁,無,
臺中市西屯區鵬程里,115/09/03,陳文聿,中國國民黨,
臺中市西屯區何安里,115/09/04,何唐文鈴,無,
臺中市西屯區何厝里,115/09/02,何劉美玲,無,
臺中市西屯區何厝里,115/09/02,楊竣宇,無,
臺中市西屯區何厝里,115/09/02,李嘉澤,無,
臺中市西屯區大河里,115/09/02,杜金晋,無,
臺中市西屯區大河里,115/09/02,梁月玲,無,
臺中市西屯區大河里,115/09/04,陳資源,無,
臺中市西屯區大石里,115/09/03,王孟平,無,
臺中市西屯區大石里,115/09/03,張永吉,無,
臺中市西屯區大石里,115/09/04,吳忠華,中國國民黨,
臺中市西屯區大福里,115/08/31,高信增,中國國民黨,
臺中市西屯區大鵬里,115/09/03,邱清涼,中國國民黨,
臺中市西屯區大鵬里,115/09/04,黃永昌,無,
臺中市西屯區港尾里,115/09/02,楊忠義,無,
臺中市西屯區廣福里,115/08/31,吳賢龍,無,
臺中市西屯區林厝里,115/09/02,賴壽星,無,
臺中市西屯區林厝里,115/09/02,余進卿,中國國民黨,
臺中市西屯區永安里,115/09/02,張阿淑,中國國民黨,
臺中市西屯區永安里,115/09/04,邱淑婷,無,
臺中市西屯區福安里,115/09/02,張清和,無,
臺中市西屯區協和里,115/08/31,張志旭,無,
臺中市西屯區協和里,115/09/01,陳靖益,無,
臺中市西屯區協和里,115/09/03,張憲戴,無,
臺中市西屯區何仁里,115/09/02,蔡翔宇,無,
臺中市西屯區何德里,115/09/02,楊素香,無,
臺中市西屯區何德里,115/09/03,陳振甫,無,
臺中市西屯區何德里,115/09/03,林育賢,無,
臺中市西屯區何源里,115/09/02,彭琴安,中國國民黨,
臺中市西屯區西平里,115/09/02,廖建森,中國國民黨,
臺中市西屯區西平里,115/09/04,張水金,無,
臺中市西屯區何南里,115/09/02,劉光琳,中國國民黨,
臺中市西屯區何南里,115/09/02,曹洧莉,無,
臺中市西屯區至善里,115/09/02,洪芳仙,無,
臺中市西屯區至善里,115/09/02,陳金鈴,無,
臺中市西屯區至善里,115/09/02,鄭文昌,中國國民黨,
臺中市西屯區上安里,115/09/02,賴耀熙,無,
臺中市西屯區上德里,115/09/03,洪頊晿,無,
臺中市西屯區逢福里,115/09/02,張文平,無,
臺中市西屯區逢福里,115/09/03,蔡鴦茹,無,
臺中市西屯區何明里,115/09/03,趙淑妙,無,
臺中市西屯區何成里,115/08/31,廖麗香,無,
臺中市西屯區何成里,115/09/01,田貴玉,無,
臺中市西屯區何成里,115/09/04,蔣兆謀,無,
臺中市西屯區何福里,115/09/02,詹清如,民主進步黨,
臺中市西屯區何福里,115/09/02,林茂華,中國國民黨,
臺中市西屯區何福里,115/09/02,錢育濠,中國國民黨,
臺中市西屯區福和里,115/09/03,李鳳珍,無,
臺中市西屯區福和里,115/09/03,蔡雲龍,無,
臺中市西屯區福和里,115/09/03,林寅利,無,
臺中市西屯區福中里,115/09/02,廖阿月,中國國民黨,
臺中市西屯區福恩里,115/09/02,張保德,無,
臺中市西屯區福恩里,115/09/02,陳桂香,中國國民黨,
臺中市西屯區福聯里,115/09/02,馮進通,無,
臺中市西屯區福瑞里,115/09/02,林添憶,中國國民黨,
臺中市西屯區福瑞里,115/09/03,蘇乃莉,無,
臺中市西屯區福林里,115/08/31,林柏翰,無,
臺中市西屯區福林里,115/09/01,丁國雄,無,
臺中市西屯區福雅里,115/09/04,歐碧鳳,無,
臺中市南屯區南屯里,115/09/02,林秋潭,無,
臺中市南屯區豐樂里,115/09/02,林忠楠,無,
臺中市南屯區豐樂里,115/09/02,蔡奇洲,無,
臺中市南屯區豐樂里,115/09/03,陳勁翰,無,
臺中市南屯區豐樂里,115/09/04,王鉦錡,無,
臺中市南屯區楓樹里,115/09/02,陳伯仲,無,
臺中市南屯區楓樹里,115/09/03,余泮欽,無,
臺中市南屯區中和里,115/09/01,蔡德勇,無,
臺中市南屯區春社里,115/08/31,廖慧菁,無,
臺中市南屯區春社里,115/08/31,李志洋,無,
臺中市南屯區春安里,115/08/31,潘浿琳,無,
臺中市南屯區春安里,115/09/02,顏慶義,無,
臺中市南屯區春安里,115/09/02,許金賢,無,
臺中市南屯區文山里,115/09/02,何中信,無,
臺中市南屯區文山里,115/09/04,游舒婷,無,
臺中市南屯區新生里,115/08/31,黃文婷,無,
臺中市南屯區新生里,115/09/02,盧坤炳,無,
臺中市南屯區永定里,115/08/31,賴榮斌,無,
臺中市南屯區永定里,115/09/02,陳志源,無,
臺中市南屯區三厝里,115/09/02,黃俊銘,無,
臺中市南屯區溝墘里,115/09/02,郭錦興,無,
臺中市南屯區田心里,115/08/31,葉耀隆,無,
臺中市南屯區田心里,115/09/03,黃元甫,無,
臺中市南屯區田心里,115/09/04,吳碧珣,無,
臺中市南屯區黎明里,115/09/02,呂靖雯,無,
臺中市南屯區黎明里,115/09/03,廖福田,中國國民黨,
臺中市南屯區鎮平里,115/09/02,廖秀麗,無,
臺中市南屯區大同里,115/09/02,陳信宏,無,
臺中市南屯區大同里,115/09/02,游月珠,無,
臺中市南屯區大同里,115/09/04,洪維駿,無,
臺中市南屯區文心里,115/09/02,王國在,中國國民黨,
臺中市南屯區文心里,115/09/03,林錦章,無,
臺中市南屯區同心里,115/09/03,蔡保秀,無,
臺中市南屯區向心里,115/09/01,蕭惠丰,無,
臺中市南屯區大誠里,115/09/02,王宗裕,無,
臺中市南屯區大興里,115/09/02,陳美玉,無,
臺中市南屯區大興里,115/09/03,李富堂,無,
臺中市南屯區大業里,115/09/02,賴樹杉,無,
臺中市南屯區惠中里,115/09/02,沈呈融,無,
臺中市南屯區惠中里,115/09/03,詹伯宸,無,
臺中市南屯區惠中里,115/09/03,田震凱,無,
臺中市南屯區寶山里,115/09/03,陳莉美,無,
臺中市南屯區寶山里,115/09/04,廖榮達,無,
臺中市南屯區三和里,115/09/03,張家蓉,無,
臺中市南屯區三義里,115/09/03,張振益,無,
臺中市北屯區北興里,115/09/02,廖玉森,無,
臺中市北屯區北屯里,115/08/31,歐真宗,無,
臺中市北屯區北屯里,115/08/31,黃申易,無,
臺中市北屯區三光里,115/09/02,林瑞芳,中國國民黨,
臺中市北屯區平田里,115/09/01,陳麗鶯,無,
臺中市北屯區平田里,115/09/02,潘玉洪,中國國民黨,
臺中市北屯區平和里,115/09/02,林煜舜,無,
臺中市北屯區平和里,115/09/02,陳宗和,無,
臺中市北屯區東光里,115/08/31,吳宗翰,無,
臺中市北屯區東光里,115/09/02,賴宥澄,無,
臺中市北屯區東光里,115/09/02,陳俊諺,無,
臺中市北屯區舊社里,115/08/31,嚴翊方,無,
臺中市北屯區舊社里,115/09/02,謝秉憲,無,
臺中市北屯區舊社里,115/09/03,程凱力,中華保台反共復國黨,
臺中市北屯區水景里,115/09/02,何明坤,無,
臺中市北屯區水景里,115/09/03,張家豐,無,
臺中市北屯區軍功里,115/09/03,黃銘河,無,
臺中市北屯區和平里,115/09/02,王翔,無,
臺中市北屯區和平里,115/09/02,陳煜崴,無,
臺中市北屯區和平里,115/09/03,張又仁,中國國民黨,
臺中市北屯區東山里,115/09/02,邱財源,民主進步黨,
臺中市北屯區民政里,115/09/02,黃明華,無,
臺中市北屯區廍子里,115/09/02,董銘成,無,
臺中市北屯區廍子里,115/09/02,黃楓仁,無,
臺中市北屯區廍子里,115/09/03,莊晴全,無,
臺中市北屯區大坑里,115/09/01,廖上億,無,
臺中市北屯區大坑里,115/09/02,曾朝瑝,無,
臺中市北屯區民德里,115/08/31,江承鴻,無,
臺中市北屯區松竹里,115/09/02,洪嘉澤,無,
臺中市北屯區松竹里,115/09/02,簡禎緯,無,
臺中市北屯區仁和里,115/09/03,張永漢,中國國民黨,
臺中市北屯區仁美里,115/09/02,朱清華,無,
臺中市北屯區仁美里,115/09/03,陳士銘,無,
臺中市北屯區四民里,115/09/02,游天機,中國國民黨,
臺中市北屯區四民里,115/09/02,徐沛瀠,無,
臺中市北屯區后庄里,115/09/02,張瓊月,中國國民黨,
臺中市北屯區同榮里,115/09/02,王煌照,中國國民黨,
臺中市北屯區仁愛里,115/09/03,張耀祖,中國國民黨,
臺中市北屯區仁愛里,115/09/04,孔令民,無,
臺中市北屯區水湳里,115/08/31,賴進堂,中國國民黨,
臺中市北屯區水湳里,115/09/02,朱璟宥,無,
臺中市北屯區陳平里,115/08/31,林家峯,中國國民黨,
臺中市北屯區新平里,115/09/02,李良仁,中國國民黨,
臺中市北屯區平安里,115/09/02,吳亞君,無,
臺中市北屯區平安里,115/09/02,賴靜馨,無,
臺中市北屯區平安里,115/09/03,林啟正,無,
臺中市北屯區平順里,115/09/03,賴錫鏗,無,
臺中市北屯區平德里,115/09/03,歐志隆,無,
臺中市北屯區松安里,115/09/02,賴仕翰,無,
臺中市北屯區松安里,115/09/03,劉育華,無,
臺中市北屯區松茂里,115/09/01,何志恆,無,
臺中市北屯區松茂里,115/09/02,張恩綜,無,
臺中市北屯區大德里,115/08/31,李必勝,中國國民黨,
臺中市北屯區松強里,115/09/02,李峻銘,無,
臺中市北屯區松強里,115/09/02,魏清鏘,無,
臺中市北屯區松勇里,115/09/02,王嘉君,中國國民黨,
臺中市北屯區松勇里,115/09/02,賴連發,無,
臺中市北屯區北京里,115/09/02,蘇乙青,無,
臺中市北屯區平心里,115/09/01,李杰芳,無,
臺中市北屯區平心里,115/09/02,陳文欽,無,
臺中市北屯區平福里,115/09/03,張振治,無,
臺中市北屯區松和里,115/08/31,賴天權,無,
臺中市北屯區平陽里,115/09/02,張連進,無,
臺中市北屯區平興里,115/09/02,黃彰國,無,
臺中市北屯區平興里,115/09/03,陳世宗,無,
臺中市北屯區平昌里,115/09/02,劉慶雲,無,
臺中市北屯區三和里,115/09/02,許勝雄,無,
臺中市北屯區忠平里,115/08/31,許秀蓉,中國國民黨,
臺中市豐原區豐原里,115/08/31,黃陳建聲,無,
臺中市豐原區豐原里,115/09/01,陳家玄,無,
臺中市豐原區豐原里,115/09/03,黃明杰,無,
臺中市豐原區頂街里,115/08/31,蔣志浩,無,
臺中市豐原區頂街里,115/09/03,吳令儀,無,
臺中市豐原區中山里,115/09/02,林榮一,無,
臺中市豐原區豐榮里,115/09/01,林金玉,無,
臺中市豐原區下街里,115/09/02,吳麗慧,無,
臺中市豐原區下街里,115/09/02,曾訓祺,無,
臺中市豐原區下街里,115/09/03,林貴榮,無,
臺中市豐原區富春里,115/09/02,陳麗鳳,無,
臺中市豐原區葫蘆里,115/09/03,王彥閔,無,
臺中市豐原區豐西里,115/09/01,陳品僑,無,
臺中市豐原區豐西里,115/09/02,葉明昌,無,
臺中市豐原區西安里,115/09/02,羅茂榮,無,
臺中市豐原區西安里,115/09/02,蔡呈瑞,無,
臺中市豐原區西勢里,115/09/02,王建清,無,
臺中市豐原區西勢里,115/09/03,劉慶輝,無,
臺中市豐原區東勢里,115/09/03,胡慧玲,無,
臺中市豐原區民生里,115/09/02,吳俊德,無,
臺中市豐原區民生里,115/09/03,蘇玥潔,無,
臺中市豐原區民生里,115/09/04,廖志偉,無,
臺中市豐原區大湳里,115/09/02,張鳳茹,無,
臺中市豐原區北湳里,115/09/02,黃文亮,無,
臺中市豐原區北湳里,115/09/03,張靜宜,無,
臺中市豐原區東湳里,115/09/02,唐志勇,無,
臺中市豐原區西湳里,115/09/02,蔣年峯,無,
臺中市豐原區西湳里,115/09/04,羅文隆,無,
臺中市豐原區圳寮里,115/08/31,陳坤湖,無,
臺中市豐原區圳寮里,115/09/03,游宗敏,無,
臺中市豐原區豐圳里,115/08/31,熊振達,無,
臺中市豐原區豐圳里,115/09/02,林峻達,無,
臺中市豐原區社皮里,115/09/01,陳金美,無,
臺中市豐原區社皮里,115/09/03,涂力旋,中國國民黨,
臺中市豐原區三村里,115/08/31,許全木,無,
臺中市豐原區三村里,115/09/03,黃世明,無,
臺中市豐原區中興里,115/09/02,魏丞章,無,
臺中市豐原區田心里,115/09/03,徐倍基,無,
臺中市豐原區豐田里,115/08/31,林萬結,無,
臺中市豐原區豐田里,115/09/02,盧軍佑,無,
臺中市豐原區豐田里,115/09/03,羅文垚,中國國民黨,
臺中市豐原區豐田里,115/09/03,林承葳,無,
臺中市豐原區鎌村里,115/08/31,楊宗勳,無,
臺中市豐原區鎌村里,115/09/02,林隆源,無,
臺中市豐原區鎌村里,115/09/03,尤正欽,無,
臺中市豐原區南陽里,115/08/31,楊國勝,無,
臺中市豐原區南陽里,115/09/02,王大豪,無,
臺中市豐原區南陽里,115/09/03,劉演湧,無,
臺中市豐原區陽明里,115/08/31,鄧年益,無,
臺中市豐原區陽明里,115/09/03,林汶垚,無,
臺中市豐原區北陽里,115/09/02,林清水,無,
臺中市豐原區北陽里,115/09/02,林昆民,無,
臺中市豐原區中陽里,115/09/02,廖瑞釗,無,
臺中市豐原區中陽里,115/09/02,黃英瑜,無,
臺中市豐原區東陽里,115/09/02,周琦翌,無,
臺中市豐原區東陽里,115/09/03,張德勲,無,
臺中市豐原區南村里,115/09/02,謝見忠,無,
臺中市豐原區南村里,115/09/02,詹文榮,無,
臺中市豐原區南村里,115/09/04,張弘岳,無,
臺中市豐原區南田里,115/09/02,劉醇權,無,
臺中市豐原區南嵩里,115/08/31,蔡韻茹,無,
臺中市豐原區南嵩里,115/08/31,劉玉玲,無,
臺中市豐原區翁明里,115/09/01,鄧博元,無,
臺中市豐原區翁明里,115/09/02,高銘傳,無,
臺中市豐原區翁子里,115/08/31,陳錦,無,
臺中市豐原區翁子里,115/08/31,鄭文平,無,
臺中市豐原區翁子里,115/09/02,劉秋虹,無,
臺中市豐原區翁社里,115/08/31,尤俊發,無,
臺中市豐原區翁社里,115/08/31,廖易昭,無,
臺中市豐原區翁社里,115/09/02,吳安修,無,
臺中市豐原區朴子里,115/09/01,陳文啓,無,
臺中市豐原區朴子里,115/09/02,張錦順,無,
臺中市豐原區朴子里,115/09/02,魏助維,無,
臺中市東勢區北興里,115/09/02,李德興,無,
臺中市東勢區中寧里,115/09/02,杜榮庭,無,
臺中市東勢區中寧里,115/09/03,廖𫎇歆,無,
臺中市東勢區東安里,115/09/03,楊嘉裕,無,
臺中市東勢區南平里,115/09/02,賴建宏,無,
臺中市東勢區南平里,115/09/02,鄭裕寶,無,
臺中市東勢區延平里,115/09/02,吳文龍,無,
臺中市東勢區上新里,115/09/01,張運松,無,
臺中市東勢區上新里,115/09/01,王綉滿,無,
臺中市東勢區廣興里,115/08/31,廖紫台,無,
臺中市東勢區廣興里,115/09/02,劉彩雲,無,
臺中市東勢區泰昌里,115/09/02,徐鎮富,無,
臺中市東勢區中嵙里,115/08/31,,無,
臺中市東勢區中嵙里,115/09/03,劉根誌,無,
臺中市東勢區福隆里,115/09/03,劉丞浩,無,
臺中市東勢區福隆里,115/09/04,林品巧,無,
臺中市東勢區隆興里,115/09/02,余鈞原,無,
臺中市東勢區隆興里,115/09/03,張松桂,無,
臺中市東勢區隆興里,115/09/04,邱美圓,無,
臺中市東勢區新盛里,115/09/02,吳進聰,無,
臺中市東勢區詒福里,115/09/02,郭丞漢,無,
臺中市東勢區上城里,115/09/01,魏淼源,無,
臺中市東勢區上城里,115/09/02,張玉雲,無,
臺中市東勢區下城里,115/09/01,劉海湖,無,
臺中市東勢區慶東里,115/09/02,黃國修,無,
臺中市東勢區慶東里,115/09/03,羅阡容,無,
臺中市東勢區慶福里,115/09/01,邱阿九,無,
臺中市東勢區慶福里,115/09/02,林金泉,無,
臺中市東勢區東新里,115/09/02,余運來,無,
臺中市東勢區粵寧里,115/09/02,詹德旺,無,
臺中市東勢區粵寧里,115/09/02,鍾復理,無,
臺中市東勢區下新里,115/08/31,劉哲夫,無,
臺中市東勢區下新里,115/08/31,詹建文,無,
臺中市東勢區下新里,115/09/02,詹前貴,無,
臺中市東勢區興隆里,115/09/02,徐錦全,無,
臺中市東勢區興隆里,115/09/02,潘尚美,無,
臺中市東勢區興隆里,115/09/02,,無,
臺中市東勢區興隆里,115/09/03,賴志育,無,
臺中市東勢區茂興里,115/09/02,劉文中,無,
臺中市東勢區茂興里,115/09/02,傅琪芳,無,
臺中市東勢區泰興里,115/09/02,江國豐,無,
臺中市東勢區埤頭里,115/09/01,林坤詮,無,
臺中市東勢區明正里,115/08/31,吳萬明,無,
臺中市東勢區明正里,115/09/03,盧永基,無,
臺中市大甲區朝陽里,115/09/03,林立偉,無,
臺中市大甲區大甲里,115/09/01,黃勝裕,無,
臺中市大甲區順天里,115/08/31,洪裕隆,無,
臺中市大甲區順天里,115/08/31,陳威宇,無,
臺中市大甲區孔門里,115/09/04,吳柏坤,中國國民黨,
臺中市大甲區孔門里,115/09/04,周文隆,無,
臺中市大甲區孔門里,115/09/04,楊惠鵑,無,
臺中市大甲區平安里,115/09/02,周寶惜,無,
臺中市大甲區平安里,115/09/03,劉有傑,無,
臺中市大甲區平安里,115/09/04,蔡芊蘋,無,
臺中市大甲區庄美里,115/08/31,王柏霖,無,
臺中市大甲區庄美里,115/08/31,林家賢,無,
臺中市大甲區庄美里,115/09/02,林傳淵,無,
臺中市大甲區新美里,115/09/01,王生源,無,
臺中市大甲區岷山里,115/09/03,林清良,無,
臺中市大甲區中山里,115/09/01,廖嘉佐,中國國民黨,
臺中市大甲區南陽里,115/09/01,陳美琪,無,
臺中市大甲區南陽里,115/09/02,黃火塗,無,
臺中市大甲區薰風里,115/09/03,王秋芬,無,
臺中市大甲區義和里,115/09/02,黃惠琴,無,
臺中市大甲區義和里,115/09/03,洪黃素貞,無,
臺中市大甲區武陵里,115/09/02,李金旺,無,
臺中市大甲區武陵里,115/09/02,劉忠雄,無,
臺中市大甲區武陵里,115/09/03,方如玉,無,
臺中市大甲區文曲里,115/09/03,林寶彩,無,
臺中市大甲區武曲里,115/09/02,王瑞發,無,
臺中市大甲區武曲里,115/09/03,蘇月鳳,無,
臺中市大甲區文武里,115/09/03,葉淑惠,民主進步黨,
臺中市大甲區奉化里,115/09/02,白見發,無,
臺中市大甲區奉化里,115/09/03,陳昭裕,無,
臺中市大甲區德化里,115/09/03,李柄杉,無,
臺中市大甲區德化里,115/09/04,林國賢,無,
臺中市大甲區江南里,115/08/31,李文登,無,
臺中市大甲區頂店里,115/09/02,梁福昌,無,
臺中市大甲區頂店里,115/09/04,李家卉,無,
臺中市大甲區太白里,115/09/02,游招滿,民主進步黨,
臺中市大甲區孟春里,115/08/31,黃湘榕,無,
臺中市大甲區孟春里,115/09/03,鄭正坤,無,
臺中市大甲區孟春里,115/09/03,郭家明,無,
臺中市大甲區幸福里,115/09/02,林晨彬,無,
臺中市大甲區日南里,115/08/31,張焜榮,無,
臺中市大甲區日南里,115/09/02,邱大豪,無,
臺中市大甲區龍泉里,115/09/02,李瑞興,無,
臺中市大甲區龍泉里,115/09/02,陳廷旺,無,
臺中市大甲區西岐里,115/09/02,羅永宗,無,
臺中市大甲區西岐里,115/09/02,薛茂霖,無,
臺中市大甲區西岐里,115/09/02,王慧娟,台灣民眾黨,
臺中市大甲區銅安里,115/09/02,林玉生,無,
臺中市大甲區銅安里,115/09/03,王燕山,無,
臺中市大甲區銅安里,115/09/04,李定濂,無,
臺中市大甲區福德里,115/09/02,莊金波,無,
臺中市大甲區建興里,115/08/31,李家政,無,
臺中市大甲區建興里,115/09/03,蔡明河,無,
臺中市清水區鰲峰里,115/09/03,林其財,無,
臺中市清水區鰲峰里,115/09/03,蔡裕生,無,
臺中市清水區靈泉里,115/09/02,顏貽松,無,
臺中市清水區靈泉里,115/09/02,陳秋霖,無,
臺中市清水區清水里,115/08/31,袁菁梅,無,
臺中市清水區清水里,115/09/03,葉晴雯,無,
臺中市清水區文昌里,115/09/01,朱柏勲,無,
臺中市清水區文昌里,115/09/02,王師賢,無,
臺中市清水區文昌里,115/09/04,張介明,無,
臺中市清水區南寧里,115/08/31,蘇龍生,無,
臺中市清水區南寧里,115/09/02,高志勇,無,
臺中市清水區西寧里,115/09/03,王慶源,無,
臺中市清水區北寧里,115/09/03,紀文來,中國國民黨,
臺中市清水區中興里,115/09/02,蔡興達,無,
臺中市清水區西社里,115/09/02,陳建騰,無,
臺中市清水區西社里,115/09/04,楊世哲,無,
臺中市清水區南社里,115/08/31,崔惠國,無,
臺中市清水區裕嘉里,115/09/04,陳瑞欽,無,
臺中市清水區臨江里,115/09/02,洪敏哲,無,
臺中市清水區秀水里,115/09/02,陳月娟,無,
臺中市清水區武鹿里,115/09/02,陳家聖,無,
臺中市清水區武鹿里,115/09/04,陳意和,無,
臺中市清水區海濱里,115/08/31,陳山林,無,
臺中市清水區槺榔里,115/09/02,卓永祿,無,
臺中市清水區槺榔里,115/09/02,蔡篤昆,無,
臺中市清水區槺榔里,115/09/03,許宗元,無,
臺中市清水區槺榔里,115/09/04,唐晉峰,無,
臺中市清水區中社里,115/09/02,鄭明峰,中國國民黨,
臺中市清水區中社里,115/09/02,陳國龍,無,
臺中市清水區中社里,115/09/04,鄭繼光,無,
臺中市清水區中社里,115/09/04,梁詠瑄,無,
臺中市清水區高西里,115/09/02,洪曜南,無,
臺中市清水區高南里,115/08/31,楊忠銘,無,
臺中市清水區高南里,115/09/02,蔡金樹,無,
臺中市清水區高東里,115/09/02,王界皇,無,
臺中市清水區高東里,115/09/03,蔡榮聰,無,
臺中市清水區高北里,115/09/01,白銀堂,無,
臺中市清水區高美里,115/09/02,洪瑞晟,無,
臺中市清水區國姓里,115/09/03,黃秀英,無,
臺中市清水區菁埔里,115/09/02,林子清,無,
臺中市清水區菁埔里,115/09/02,陳清龍,無,
臺中市清水區菁埔里,115/09/03,梁宇辰,無,
臺中市清水區頂湳里,115/09/02,王景收,無,
臺中市清水區田寮里,115/09/04,許進興,無,
臺中市清水區橋頭里,115/09/02,黃羽喬,無,
臺中市清水區橋頭里,115/09/03,林瑶卿,無,
臺中市清水區橋頭里,115/09/04,林黃美惠,無,
臺中市清水區下湳里,115/08/31,李王玉蘭,無,
臺中市清水區東山里,115/09/01,王正宗,無,
臺中市清水區東山里,115/09/04,王偉權,無,
臺中市清水區楊厝里,115/09/02,曾弘利,無,
臺中市清水區海風里,115/09/02,黃堉睿,無,
臺中市清水區吳厝里,115/09/04,吳水通,無,
臺中市沙鹿區居仁里,115/09/03,陳世芳,無,
臺中市沙鹿區洛泉里,115/09/02,郭水明,無,
臺中市沙鹿區洛泉里,115/09/03,阮騰輝,無,
臺中市沙鹿區洛泉里,115/09/03,廖原章,無,
臺中市沙鹿區沙鹿里,115/08/31,蔡曉婷,無,
臺中市沙鹿區美仁里,115/09/02,陳建良,無,
臺中市沙鹿區興仁里,115/09/02,劉驊慶,無,
臺中市沙鹿區興仁里,115/09/04,陳維坤,無,
臺中市沙鹿區斗抵里,115/08/31,何品廉,無,
臺中市沙鹿區斗抵里,115/09/02,王宏書,無,
臺中市沙鹿區鹿峰里,115/09/01,白淞元,無,
臺中市沙鹿區鹿峰里,115/09/02,林東誼,無,
臺中市沙鹿區鹿寮里,115/09/04,王榮正,無,
臺中市沙鹿區竹林里,115/09/01,吳秀琴,無,
臺中市沙鹿區竹林里,115/09/02,陳吉成,無,
臺中市沙鹿區犁分里,115/09/02,陳金龍,無,
臺中市沙鹿區犁分里,115/09/03,陳文宜,無,
臺中市沙鹿區北勢里,115/09/01,鄭笙傑,無,
臺中市沙鹿區北勢里,115/09/02,陳科求,無,
臺中市沙鹿區北勢里,115/09/02,李姸青,無,
臺中市沙鹿區北勢里,115/09/02,謝森慶,無,
臺中市沙鹿區北勢里,115/09/03,童香蘭,無,
臺中市沙鹿區福興里,115/09/01,白仁均,無,
臺中市沙鹿區福興里,115/09/02,蔣木林,無,
臺中市沙鹿區晉江里,115/09/02,李瑞珍,無,
臺中市沙鹿區六路里,115/08/31,陳國文,無,
臺中市沙鹿區六路里,115/09/01,鄭啟霖,無,
臺中市沙鹿區南勢里,115/09/01,王愷,無,
臺中市沙鹿區埔子里,115/09/01,蔡伶青,無,
臺中市沙鹿區公明里,115/08/31,吳培育,無,
臺中市沙鹿區公明里,115/09/02,蔡水松,無,
臺中市沙鹿區清泉里,115/09/02,蔡國欣,無,
臺中市沙鹿區西勢里,115/09/03,蔡坤地,無,
臺中市沙鹿區興安里,115/09/02,白來清,無,
臺中市沙鹿區興安里,115/09/02,黃賜專,無,
臺中市沙鹿區三鹿里,115/09/02,顏清通,無,
臺中市梧棲區頂寮里,115/08/31,鐘金水,無,
臺中市梧棲區下寮里,115/09/02,許福順,無,
臺中市梧棲區中正里,115/08/31,林祝女,無,
臺中市梧棲區中和里,115/09/02,林淑貞,無,
臺中市梧棲區文化里,115/09/01,蔡傳枝,無,
臺中市梧棲區安仁里,115/09/01,薛志富,無,
臺中市梧棲區草湳里,115/09/04,林槐庭,無,
臺中市梧棲區草湳里,115/09/04,王秀仁,無,
臺中市梧棲區南簡里,115/09/03,蔡佳君,無,
臺中市梧棲區南簡里,115/09/03,蕭正忠,無,
臺中市梧棲區福德里,115/08/31,紀建豪,無,
臺中市梧棲區福德里,115/09/04,何忠耕,無,
臺中市梧棲區大庄里,115/09/02,楊維勝,無,
臺中市梧棲區大庄里,115/09/04,楊維智,無,
臺中市梧棲區大庄里,115/09/04,陳景全,無,
臺中市梧棲區大村里,115/09/03,陳昆廷,無,
臺中市梧棲區興農里,115/08/31,李榮富,無,
臺中市梧棲區永寧里,115/08/31,李皆得,無,
臺中市梧棲區永安里,115/09/02,王建民,無,
臺中市梧棲區永安里,115/09/03,王連松,無,
臺中市后里區廣福里,115/08/31,林俊宇,無,
臺中市后里區廣福里,115/09/02,郭明洲,中國國民黨,
臺中市后里區廣福里,115/09/02,王文斌,無,
臺中市后里區仁里里,115/09/02,鍾玲利,無,
臺中市后里區仁里里,115/09/02,張鈞棠,無,
臺中市后里區仁里里,115/09/03,余春治,無,
臺中市后里區仁里里,115/09/04,陳金池,無,
臺中市后里區義里里,115/08/31,陳振輝,無,
臺中市后里區義里里,115/09/02,林東成,無,
臺中市后里區后里里,115/08/31,楊春明,無,
臺中市后里區厚里里,115/08/31,黃金益,無,
臺中市后里區墩東里,115/09/03,傅鈺婷,無,
臺中市后里區墩東里,115/09/03,張建湖,無,
臺中市后里區墩西里,115/09/02,紀廷芳,無,
臺中市后里區墩南里,115/09/02,郭瀚陽,民主進步黨,
臺中市后里區墩南里,115/09/02,張惠,無,
臺中市后里區墩南里,115/09/04,吳佳昱,無,
臺中市后里區墩北里,115/09/03,羅金浩,無,
臺中市后里區墩北里,115/09/03,李雨庭,無,
臺中市后里區中和里,115/09/02,陳炘炫,無,
臺中市后里區中和里,115/09/02,陳水波,無,
臺中市后里區舊社里,115/09/02,卓青松,無,
臺中市后里區舊社里,115/09/02,林有盛,無,
臺中市后里區聯合里,115/09/01,王雲彥,無,
臺中市后里區聯合里,115/09/02,,無,
臺中市后里區太平里,115/09/02,黃士瑋,無,
臺中市后里區太平里,115/09/03,柳嘉偉,無,
臺中市后里區眉山里,115/08/31,潘錦致,無,
臺中市后里區眉山里,115/09/03,陳韋廷,無,
臺中市后里區泰安里,115/08/31,謝學和,無,
臺中市后里區泰安里,115/09/02,江慶南,無,
臺中市后里區公館里,115/09/02,馮詠淮,無,
臺中市后里區月眉里,115/09/02,盂麗寧,無,
臺中市后里區月眉里,115/09/03,張戊標,無,
臺中市后里區月眉里,115/09/04,吳兆祥,無,
臺中市后里區義德里,115/09/02,謝榮慶,無,
臺中市后里區義德里,115/09/02,廖韻晴,無,
臺中市神岡區神岡里,115/09/02,王百灜,無,
臺中市神岡區庄前里,115/09/03,張鎮正,無,
臺中市神岡區北庄里,115/09/01,彭貴昌,民主進步黨,
臺中市神岡區北庄里,115/09/02,林孟佑,無,
臺中市神岡區北庄里,115/09/02,林瑞輝,無,
臺中市神岡區北庄里,115/09/03,王秋生,無,
臺中市神岡區北庄里,115/09/04,陳衍州,無,
臺中市神岡區庄後里,115/09/02,林素玉,無,
臺中市神岡區社口里,115/08/31,陳金地,無,
臺中市神岡區社口里,115/09/03,陳清濱,無,
臺中市神岡區社南里,115/09/03,藍耀庭,無,
臺中市神岡區社南里,115/09/04,楊春福,民主進步黨,
臺中市神岡區三角里,115/09/04,江炳煌,無,
臺中市神岡區岸裡里,115/09/02,張金居,無,
臺中市神岡區岸裡里,115/09/02,謝繼潭,無,
臺中市神岡區大社里,115/09/03,高元平,無,
臺中市神岡區豐洲里,115/09/03,林沛甄,無,
臺中市神岡區豐洲里,115/09/03,王文松,無,
臺中市神岡區豐洲里,115/09/03,洪妮慧,中華民族致公黨,
臺中市神岡區神洲里,115/09/02,陳大燿,無,
臺中市神岡區神洲里,115/09/02,陳銘崑,無,
臺中市神岡區溪洲里,115/09/03,王明洲,無,
臺中市神岡區圳前里,115/09/04,陳木生,中國國民黨,
臺中市神岡區新庄里,115/09/02,張育豪,無,
臺中市神岡區新庄里,115/09/04,藍秀惠,無,
臺中市神岡區新庄里,115/09/04,王名賜,無,
臺中市神岡區圳堵里,115/09/02,鄭秀燕,無,
臺中市神岡區圳堵里,115/09/03,王鴻福,無,
臺中市神岡區山皮里,115/08/31,陳勝泧,無,
臺中市潭子區潭陽里,115/08/31,楊仲傑,無,
臺中市潭子區潭陽里,115/09/03,林國華,無,
臺中市潭子區潭秀里,115/09/02,陳健峯,無,
臺中市潭子區潭秀里,115/09/03,楊明智,無,
臺中市潭子區潭北里,115/09/03,林俊堂,無,
臺中市潭子區福仁里,115/09/03,游豐瑋,無,
臺中市潭子區福仁里,115/09/04,郭玉翠,無,
臺中市潭子區頭家里,115/09/03,黃聖明,中國國民黨,
臺中市潭子區甘蔗里,115/09/01,黃正堯,中國國民黨,
臺中市潭子區東寶里,115/09/02,林銘泉,無,
臺中市潭子區東寶里,115/09/04,謝定廉,無,
臺中市潭子區大富里,115/09/02,林啓彬,無,
臺中市潭子區大豐里,115/08/31,廖張玉梅,無,
臺中市潭子區大豐里,115/09/02,吳俊霖,無,
臺中市潭子區栗林里,115/08/31,簡順雄,無,
臺中市潭子區栗林里,115/09/01,吳銘麟,無,
臺中市潭子區嘉仁里,115/09/03,林瑞文,無,
臺中市潭子區新田里,115/09/02,李念梅,無,
臺中市潭子區新田里,115/09/02,吳政潭,無,
臺中市潭子區聚興里,115/09/02,楊裕美,無,
臺中市潭子區聚興里,115/09/03,黃沛綺,無,
臺中市潭子區頭家東里,115/08/31,劉進福,中國國民黨,
臺中市潭子區頭家東里,115/09/01,林成立,無,
臺中市潭子區頭家東里,115/09/03,陳麗琴,無,
臺中市潭子區頭家東里,115/09/04,許喻絜,無,
臺中市潭子區家興里,115/09/02,莊世雄,無,
臺中市潭子區家興里,115/09/03,魏清龍,無,
臺中市潭子區家福里,115/09/02,賴美芳,中國國民黨,
臺中市潭子區家福里,115/09/03,李新妹,無,
臺中市大雅區大雅里,115/09/02,曾文潭,無,
臺中市大雅區大雅里,115/09/03,李玲珍,無,
臺中市大雅區員林里,115/09/03,張本侒,無,
臺中市大雅區六寶里,115/09/01,張嘉榮,無,
臺中市大雅區六寶里,115/09/03,黃建維,無,
臺中市大雅區六寶里,115/09/03,蕭呈蒙,中國國民黨,
臺中市大雅區秀山里,115/09/01,張嘉宏,無,
臺中市大雅區秀山里,115/09/03,吳士生,無,
臺中市大雅區秀山里,115/09/03,蔡錦瑭,無,
臺中市大雅區忠義里,115/09/03,林義木,中國國民黨,
臺中市大雅區橫山里,115/09/03,張聖河,無,
臺中市大雅區三和里,115/09/03,廖顯彬,無,
臺中市大雅區三和里,115/09/03,陳邦安,無,
臺中市大雅區西寶里,115/09/03,劉孝民,無,
臺中市大雅區西寶里,115/09/03,巫明輝,無,
臺中市大雅區上楓里,115/09/03,鄧兆堂,無,
臺中市大雅區上楓里,115/09/03,劉森彬,無,
臺中市大雅區二和里,115/09/03,陳明村,無,
臺中市大雅區二和里,115/09/04,何宗翰,無,
臺中市大雅區四德里,115/09/03,呂啟勳,無,
臺中市大雅區上雅里,115/09/02,彭湘婷,無,
臺中市大雅區上雅里,115/09/03,李國隆,無,
臺中市大雅區文雅里,115/09/03,張晏彬,無,
臺中市大雅區文雅里,115/09/03,林清龍,無,
臺中市大雅區文雅里,115/09/03,劉亦銘,無,
臺中市大雅區大楓里,115/09/02,張建欽,無,
臺中市大雅區大楓里,115/09/03,蔡界地,無,
臺中市大雅區雅楓里,115/09/02,江秉輝,無,
臺中市大雅區雅楓里,115/09/03,張東開,無,
臺中市新社區新社里,115/09/02,黃正光,無,
臺中市新社區新社里,115/09/02,詹璿臻,無,
臺中市新社區復盛里,115/09/02,魏群蒝,無,
臺中市新社區復盛里,115/09/02,張志程,無,
臺中市新社區中正里,115/09/02,張鳳梅,無,
臺中市新社區月湖里,115/09/02,高清源,無,
臺中市新社區崑山里,115/09/02,廖銘洲,無,
臺中市新社區大南里,115/08/31,黃逸峯,無,
臺中市新社區大南里,115/09/04,王洲星,無,
臺中市新社區永源里,115/08/31,劉克彥,無,
臺中市新社區永源里,115/09/01,張辰祺,無,
臺中市新社區永源里,115/09/02,徐明宏,無,
臺中市新社區中興里,115/09/02,李劉秀雲,中國國民黨,
臺中市新社區中興里,115/09/03,王寶華,無,
臺中市新社區協成里,115/09/01,呂順榮,無,
臺中市新社區協成里,115/09/02,王再興,無,
臺中市新社區東興里,115/08/31,何光枝,無,
臺中市新社區東興里,115/09/02,張文明,無,
臺中市新社區東興里,115/09/03,彭玄法,無,
臺中市新社區慶西里,115/09/02,蔡嘉宜,無,
臺中市新社區中和里,115/08/31,鄭文章,無,
臺中市新社區中和里,115/09/03,廖明通,無,
臺中市新社區福興里,115/09/02,劉春財,無,
臺中市新社區福興里,115/09/03,陳發明,無,
臺中市石岡區石岡里,115/08/31,陸永晟,無,
臺中市石岡區萬安里,115/09/02,林子晏,無,
臺中市石岡區萬安里,115/09/03,張富,無,
臺中市石岡區九房里,115/09/02,張鴻斌,無,
臺中市石岡區金星里,115/09/01,張世松,無,
臺中市石岡區金星里,115/09/01,黃益銘,無,
臺中市石岡區金星里,115/09/03,李淑惠,無,
臺中市石岡區龍興里,115/08/31,黃清標,無,
臺中市石岡區萬興里,115/08/31,羅益洲,無,
臺中市石岡區萬興里,115/09/01,梁詠豪,無,
臺中市石岡區萬興里,115/09/02,林美玉,無,
臺中市石岡區梅子里,115/08/31,郭光勇,無,
臺中市石岡區梅子里,115/09/01,朱明雄,無,
臺中市石岡區土牛里,115/08/31,劉光榮,無,
臺中市石岡區土牛里,115/08/31,管德財,無,
臺中市石岡區德興里,115/08/31,林獎益,無,
臺中市石岡區德興里,115/08/31,連裡福,無,
臺中市石岡區德興里,115/08/31,劉紀雄,無,
臺中市石岡區和盛里,115/08/31,何賴財桂,無,
臺中市石岡區和盛里,115/09/04,鍾報耀,無,
臺中市外埔區永豐里,115/09/02,洪俊義,無,
臺中市外埔區六分里,115/09/02,劉黃碧霞,無,
臺中市外埔區三崁里,115/08/31,曾銘郎,無,
臺中市外埔區三崁里,115/09/02,林月草,無,
臺中市外埔區大同里,115/09/02,姚朝元,無,
臺中市外埔區大同里,115/09/02,林益年,無,
臺中市外埔區水美里,115/09/02,莊鎮瑋,無,
臺中市外埔區水美里,115/09/02,陳建錩,無,
臺中市外埔區大東里,115/09/03,高芳春,無,
臺中市外埔區大東里,115/09/04,黃正約,無,
臺中市外埔區馬鳴里,115/09/02,顏慶慰,無,
臺中市外埔區中山里,115/09/01,洪雪晶,無,
臺中市外埔區中山里,115/09/02,張素惠,無,
臺中市外埔區中山里,115/09/03,黃采潔,無,
臺中市外埔區中山里,115/09/03,吳春完,無,
臺中市外埔區中山里,115/09/04,郭福榮,無,
臺中市外埔區鐵山里,115/09/03,劉圳,無,
臺中市外埔區土城里,115/09/03,鄭興川,無,
臺中市外埔區土城里,115/09/04,洪聖淵,無,
臺中市外埔區廍子里,115/09/03,廖郁林,無,
臺中市大安區南埔里,115/09/02,莊智欽,無,
臺中市大安區南埔里,115/09/03,林恭,無,
臺中市大安區南庄里,115/08/31,陳炳煌,無,
臺中市大安區南庄里,115/09/03,陳許皓翔,無,
臺中市大安區中庄里,115/09/02,莊明堯,無,
臺中市大安區中庄里,115/09/04,李承憲,無,
臺中市大安區,115/09/02,洪正義,無,
臺中市大安區,115/09/04,余連銓,無,
臺中市大安區福興里,115/08/31,林正岳,無,
臺中市大安區福興里,115/09/02,陳明芳,無,
臺中市大安區東安里,115/09/02,黃為德,無,
臺中市大安區頂安里,115/09/02,陳麗涓,無,
臺中市大安區頂安里,115/09/04,葉振堂,無,
臺中市大安區永安里,115/09/02,卓春源,無,
臺中市大安區永安里,115/09/03,謝綢,無,
臺中市大安區福住里,115/09/02,鄭澐孺,無,
臺中市大安區福住里,115/09/02,陳金隆,無,
臺中市大安區福住里,115/09/02,吳添福,無,
臺中市大安區海墘里,115/09/02,王勝宗,無,
臺中市大安區西安里,115/09/02,紀木淵,無,
臺中市大安區松雅里,115/08/31,張鐿騰,無,
臺中市烏日區烏日里,115/09/02,陳新安,無,
臺中市烏日區烏日里,115/09/03,陳錦玉,無,
臺中市烏日區烏日里,115/09/03,趙恭信,無,
臺中市烏日區湖日里,115/09/03,楊來成,無,
臺中市烏日區湖日里,115/09/03,張正,無,
臺中市烏日區三和里,115/09/02,楊添和,無,
臺中市烏日區三和里,115/09/03,王菘平,無,
臺中市烏日區榮泉里,115/08/31,廖思佳,無,
臺中市烏日區榮泉里,115/09/03,何聰智,無,
臺中市烏日區學田里,115/09/02,廖明宗,無,
臺中市烏日區學田里,115/09/03,邱翌展,無,
臺中市烏日區學田里,115/09/04,劉枝銓,無,
臺中市烏日區學田里,115/09/04,孫禾昀,無,
臺中市烏日區九德里,115/09/02,林玉盆,無,
臺中市烏日區九德里,115/09/04,陳美香,無,
臺中市烏日區仁德里,115/09/02,洪龍旭,無,
臺中市烏日區仁德里,115/09/03,廖榮添,無,
臺中市烏日區前竹里,115/09/03,林東潭,無,
臺中市烏日區五光里,115/09/04,林榮源,無,
臺中市烏日區五光里,115/09/04,洪明珠,無,
臺中市烏日區光明里,115/09/02,賴信忠,無,
臺中市烏日區光明里,115/09/03,凌龍國,無,
臺中市烏日區東園里,115/09/01,何永池,無,
臺中市烏日區東園里,115/09/02,張有城,無,
臺中市烏日區溪埧里,115/09/02,陳南雄,無,
臺中市烏日區溪埧里,115/09/02,陳建宏,無,
臺中市烏日區溪埧里,115/09/02,陳登正,無,
臺中市烏日區溪埧里,115/09/04,林晋源,無,
臺中市烏日區螺潭里,115/09/03,林國貞,無,
臺中市烏日區螺潭里,115/09/04,賴馨韻,無,
臺中市烏日區北里里,115/09/04,魏周森,無,
臺中市烏日區南里里,115/09/01,蔡敏陽,無,
臺中市烏日區溪尾里,115/09/03,高淑眞,無,
臺中市烏日區溪尾里,115/09/04,顏寶玉,無,
臺中市大肚區王田里,115/09/01,郭家豪,無,
臺中市大肚區王田里,115/09/02,孫清海,無,
臺中市大肚區王田里,115/09/03,陳宥霖,無,
臺中市大肚區王田里,115/09/03,林庭語,無,
臺中市大肚區中和里,115/09/02,陳怡均,無,
臺中市大肚區福山里,115/09/02,廖吉鈴,無,
臺中市大肚區福山里,115/09/02,林弘岳,無,
臺中市大肚區營埔里,115/09/01,聞儷嫆,無,
臺中市大肚區營埔里,115/09/02,楊宗吉,無,
臺中市大肚區社腳里,115/09/01,陳榮銀,無,
臺中市大肚區社腳里,115/09/04,張志豪,無,
臺中市大肚區新興里,115/09/02,林華龍,無,
臺中市大肚區大東里,115/09/03,趙政忠,無,
臺中市大肚區大肚里,115/09/02,陳銘潭,無,
臺中市大肚區永和里,115/09/02,劉文芳,無,
臺中市大肚區磺溪里,115/09/02,趙奕忻,無,
臺中市大肚區永順里,115/09/02,陳秋益,無,
臺中市大肚區永順里,115/09/04,吳淑東,無,
臺中市大肚區成功里,115/09/04,陳聖文,無,
臺中市大肚區山陽里,115/09/03,黃冠陽,無,
臺中市大肚區頂街里,115/08/31,陳武徹,無,
臺中市大肚區瑞井里,115/09/03,劉廷華,無,
臺中市大肚區瑞井里,115/09/04,洪忠祿,無,
臺中市大肚區蔗廍里,115/09/02,童麗香,無,
臺中市大肚區蔗廍里,115/09/04,游桂涵,無,
臺中市大肚區自強里,115/09/02,林順安,中國國民黨,
臺中市龍井區竹坑里,115/09/02,許麗珠,無,
臺中市龍井區竹坑里,115/09/03,李錦忠,無,
臺中市龍井區龍東里,115/08/31,林金鍊,無,
臺中市龍井區龍西里,115/09/02,黃碧林,無,
臺中市龍井區田中里,115/09/02,張文慶,無,
臺中市龍井區福田里,115/08/31,歐錦墩,無,
臺中市龍井區福田里,115/08/31,蔡政文,無,
臺中市龍井區麗水里,115/08/31,陳耀墩,無,
臺中市龍井區龍津里,115/09/02,紀少偉,無,
臺中市龍井區龍津里,115/09/04,張坤雄,無,
臺中市龍井區三德里,115/09/02,楊易明,無,
臺中市龍井區忠和里,115/09/03,林聰海,無,
臺中市龍井區山腳里,115/09/02,陳春雄,無,
臺中市龍井區山腳里,115/09/04,林畇秀,無,
臺中市龍井區龍泉里,115/09/02,黃聖龍,無,
臺中市龍井區龍泉里,115/09/03,楊寶村,無,
臺中市龍井區龍崗里,115/09/02,林朝清,無,
臺中市龍井區龍崗里,115/09/03,紀舜川,無,
臺中市龍井區新庄里,115/09/02,陳清甲,無,
臺中市龍井區新庄里,115/09/04,陳進爵,無,
臺中市龍井區南寮里,115/09/02,林志強,無,
臺中市龍井區南寮里,115/09/03,林增貴,無,
臺中市龍井區新東里,115/08/31,劉克俊,無,
臺中市龍井區東海里,115/09/02,詹淑美,無,
臺中市龍井區東海里,115/09/02,林秋蘭,中國國民黨,
臺中市霧峰區桐林里,115/09/02,呂玉山,無,
臺中市霧峰區桐林里,115/09/03,林國安,無,
臺中市霧峰區吉峰里,115/09/02,張龍雄,無,
臺中市霧峰區吉峰里,115/09/03,林政逸,無,
臺中市霧峰區甲寅里,115/09/02,陳居芳,無,
臺中市霧峰區甲寅里,115/09/03,陳麒翔,無,
臺中市霧峰區甲寅里,115/09/03,李明忠,無,
臺中市霧峰區本鄉里,115/09/02,林揚展,無,
臺中市霧峰區本鄉里,115/09/02,王炳輝,無,
臺中市霧峰區中正里,115/09/02,林進生,無,
臺中市霧峰區中正里,115/09/02,楊偉浚,無,
臺中市霧峰區錦榮里,115/08/31,陳進達,無,
臺中市霧峰區錦榮里,115/09/02,張永昇,無,
臺中市霧峰區錦榮里,115/09/03,姚瑞芳,無,
臺中市霧峰區萊園里,115/09/02,唐青山,無,
臺中市霧峰區本堂里,115/09/02,林錦池,無,
臺中市霧峰區坑口里,115/08/31,王中興,無,
臺中市霧峰區坑口里,115/09/03,簡嘉右,無,
臺中市霧峰區北柳里,115/09/02,林銘祿,無,
臺中市霧峰區北柳里,115/09/02,王淑貞,無,
臺中市霧峰區北柳里,115/09/02,吳儒親,無,
臺中市霧峰區南柳里,115/08/31,楊國忠,無,
臺中市霧峰區四德里,115/09/02,廖德源,無,
臺中市霧峰區四德里,115/09/04,周朱沛玲,無,
臺中市霧峰區五福里,115/08/31,陳岳彬,無,
臺中市霧峰區萬豐里,115/09/02,林麗真,無,
臺中市霧峰區萬豐里,115/09/03,李瑞騰,無,
臺中市霧峰區舊正里,115/09/02,賴清順,無,
臺中市霧峰區舊正里,115/09/02,張國財,無,
臺中市霧峰區舊正里,115/09/03,宋琰紳,無,
臺中市霧峰區舊正里,115/09/03,林綉汝,無,
臺中市霧峰區峰谷里,115/09/02,黃錦昌,無,
臺中市霧峰區峰谷里,115/09/02,江炎山,無,
臺中市霧峰區六股里,115/09/01,王原祥,無,
臺中市霧峰區丁台里,115/09/02,施豐碧,無,
臺中市霧峰區丁台里,115/09/02,洪耀南,無,
臺中市霧峰區北勢里,115/09/02,洪金生,無,
臺中市霧峰區南勢里,115/09/02,黃清標,無,
臺中市太平區太平里,115/09/02,林龍洲,無,
臺中市太平區太平里,115/09/02,蕭惠琳,無,
臺中市太平區太平里,115/09/04,陳治宇,無,
臺中市太平區長億里,115/09/02,林泳鰡,無,
臺中市太平區長億里,115/09/03,陳櫻如,無,
臺中市太平區長億里,115/09/03,湯智皓,無,
臺中市太平區中平里,115/08/31,林碧森,無,
臺中市太平區中平里,115/09/04,林忠謚,無,
臺中市太平區中興里,115/09/02,林阿爐,無,
臺中市太平區建國里,115/08/31,黃軒樟,無,
臺中市太平區建國里,115/09/02,楊淑眞,無,
臺中市太平區建國里,115/09/03,江德海,中國國民黨,
臺中市太平區東平里,115/09/02,郭和樹,無,
臺中市太平區東平里,115/09/03,張瓊文,無,
臺中市太平區宜欣里,115/09/03,楊登圳,無,
臺中市太平區中山里,115/09/02,廖文正,無,
臺中市太平區中山里,115/09/02,史智文,無,
臺中市太平區中山里,115/09/03,楊欣蓓,中國國民黨,
臺中市太平區坪林里,115/09/02,尤文雄,無,
臺中市太平區坪林里,115/09/02,劉宜儒,中國國民黨,
臺中市太平區光華里,115/08/31,徐永吉,無,
臺中市太平區光華里,115/09/03,黃鐵騫,無,
臺中市太平區新坪里,115/08/31,紀進豐,無,
臺中市太平區新坪里,115/09/03,劉明松,無,
臺中市太平區新光里,115/09/03,游癸龍,無,
臺中市太平區新福里,115/09/02,蔡美慧,無,
臺中市太平區新福里,115/09/04,陳炳森,無,
臺中市太平區頭汴里,115/09/04,江思涵,無,
臺中市太平區東汴里,115/09/02,呂坤龍,無,
臺中市太平區東汴里,115/09/03,湯銘華,無,
臺中市太平區興隆里,115/09/01,張閔南,無,
臺中市太平區光隆里,115/08/31,陳怡婷,無,
臺中市太平區光隆里,115/09/03,張雅芳,無,
臺中市太平區德隆里,115/09/01,廖建揮,無,
臺中市太平區德隆里,115/09/02,楊寶玉,無,
臺中市太平區德隆里,115/09/04,林加元,無,
臺中市太平區黃竹里,115/09/03,林元成,無,
臺中市太平區永成里,115/08/31,陳秋蟬,無,
臺中市太平區永平里,115/08/31,賴義涼,無,
臺中市太平區永平里,115/09/03,李冠瑩,無,
臺中市太平區成功里,115/08/31,洪大鈞,無,
臺中市太平區成功里,115/09/02,何佳穎,無,
臺中市太平區東和里,115/09/01,林沛欣,無,
臺中市太平區東和里,115/09/03,賴來旺,無,
臺中市太平區中政里,115/09/03,林宗慶,無,
臺中市太平區平安里,115/08/31,李月娥,無,
臺中市太平區平安里,115/09/03,張麗真,無,
臺中市太平區平安里,115/09/04,蕭瑋辰,無,
臺中市太平區建興里,115/09/02,胡長志,中國國民黨,
臺中市太平區建興里,115/09/02,黃嘉樂,無,
臺中市太平區新興里,115/09/02,李建民,無,
臺中市太平區新興里,115/09/04,陳明宏,無,
臺中市太平區新高里,115/09/02,江姿樺,無,
臺中市太平區新吉里,115/09/01,唐御軒,無,
臺中市太平區新吉里,115/09/02,黃天財,無,
臺中市太平區新城里,115/08/31,賴冠丞,無,
臺中市太平區新城里,115/09/02,胡錩宏,無,
臺中市太平區宜佳里,115/09/02,張麗眞,無,
臺中市太平區宜佳里,115/09/03,林翠薇,無,
臺中市太平區宜昌里,115/09/03,林進發,無,
臺中市太平區光明里,115/09/01,胥樹文,無,
臺中市太平區光明里,115/09/02,鄭年佑,無,
臺中市太平區豐年里,115/09/02,鄭學謙,無,
臺中市太平區豐年里,115/09/02,劉盈欣,無,
臺中市太平區大興里,115/09/01,蔡滿玉,無,
臺中市太平區大興里,115/09/03,鄭金川,無,
臺中市太平區勤益里,115/09/01,陳桂花,無,
臺中市太平區勤益里,115/09/03,馮耀祖,中國國民黨,
臺中市太平區聖和里,115/08/31,劉佳明,中國和平統一黨,
臺中市太平區福隆里,115/09/02,賴啓誠,無,
臺中市太平區福隆里,115/09/02,黃楷能,無,
臺中市太平區福隆里,115/09/03,廖桂瑩,無,
臺中市太平區永隆里,115/09/02,賴坤榮,無,
臺中市太平區永隆里,115/09/03,張立緯,無,
臺中市大里區大里里,115/09/01,李錫全,無,
臺中市大里區新里里,115/09/02,何世琦,無,
臺中市大里區新里里,115/09/03,林承運,無,
臺中市大里區樹王里,115/08/31,陳俞樺,無,
臺中市大里區樹王里,115/09/03,謝偉華,無,
臺中市大里區東興里,115/08/31,許榮良,無,
臺中市大里區東興里,115/09/03,李健豪,無,
臺中市大里區祥興里,115/09/01,邱三六,無,
臺中市大里區祥興里,115/09/01,謝秉曄,無,
臺中市大里區祥興里,115/09/02,黃財,無,
臺中市大里區祥興里,115/09/03,黃春海,無,
臺中市大里區日新里,115/09/02,顏子,無,
臺中市大里區西榮里,115/09/04,羅文評,無,
臺中市大里區西榮里,115/09/04,蔡尚諭,無,
臺中市大里區內新里,115/09/01,林溢源,無,
臺中市大里區內新里,115/09/03,吳梅鳳,無,
臺中市大里區東昇里,115/08/31,張恩誌,無,
臺中市大里區東昇里,115/09/02,張坤山,無,
臺中市大里區東昇里,115/09/03,譚淇安,無,
臺中市大里區立仁里,115/09/02,林銘娟,無,
臺中市大里區立仁里,115/09/03,孫正宇,無,
臺中市大里區新仁里,115/09/02,洪家裕,無,
臺中市大里區大元里,115/09/03,林瑞興,無,
臺中市大里區夏田里,115/08/31,曾盛琪,無,
臺中市大里區仁化里,115/09/02,陳志明,無,
臺中市大里區仁化里,115/09/02,陳建宏,無,
臺中市大里區仁化里,115/09/02,劉曜仁,無,
臺中市大里區健民里,115/09/02,林進興,無,
臺中市大里區健民里,115/09/02,楊進祿,無,
臺中市大里區塗城里,115/09/02,黃仁耀,中國國民黨,
臺中市大里區塗城里,115/09/04,黃癸林,無,
臺中市大里區瑞城里,115/09/02,蔡承翰,無,
臺中市大里區瑞城里,115/09/04,黃銘志,無,
臺中市大里區金城里,115/09/02,潘國琦,中國國民黨,
臺中市大里區金城里,115/09/02,陳芳翊,無,
臺中市大里區東湖里,115/09/02,曾德源,無,
臺中市大里區東湖里,115/09/03,何天祿,無,
臺中市大里區西湖里,115/09/01,賴加彬,無,
臺中市大里區西湖里,115/09/02,林益正,無,
臺中市大里區西湖里,115/09/02,林鎡華,無,
臺中市大里區國光里,115/09/02,魏益川,無,
臺中市大里區大明里,115/09/03,黃顯堂,無,
臺中市大里區永隆里,115/09/01,黃秀玲,無,
臺中市大里區永隆里,115/09/02,林士元,無,
臺中市大里區永隆里,115/09/03,曾慧玲,無,
臺中市大里區長榮里,115/09/02,洪資源,中國國民黨,
臺中市大里區長榮里,115/09/04,蔡志榮,無,
臺中市大里區中新里,115/09/02,廖榮木,無,
臺中市大里區中新里,115/09/03,杜婉甄,無,
臺中市大里區立德里,115/09/02,江慶賢,無,
臺中市大里區立德里,115/09/04,游阿腰,無,
臺中市大里區仁德里,115/09/02,林志忠,無,
臺中市和平區南勢里,115/09/01,張正謀,無,
臺中市和平區南勢里,115/09/02,蔡陞樺,無,
臺中市和平區南勢里,115/09/03,劉興隆,無,
臺中市和平區天輪里,115/08/31,黃葦庭,無,
臺中市和平區天輪里,115/09/02,張睿碧,無,
臺中市和平區天輪里,115/09/02,吳文海,無,
臺中市和平區博愛里,115/09/01,王結利,無,
臺中市和平區博愛里,115/09/03,范忠文,無,
臺中市和平區中坑里,115/09/02,張嘉豐,無,
臺中市和平區中坑里,115/09/03,李明毅,無,
臺中市和平區中坑里,115/09/03,王志輝,無,
臺中市和平區自由里,115/09/02,黃進祥,無,
臺中市和平區自由里,115/09/02,吳家丞,無,
臺中市和平區自由里,115/09/04,朱迎年Temu Pihaw,無,
臺中市和平區達觀里,115/09/03,李嬋娟,無,
臺中市和平區達觀里,115/09/03,吳振福,無,
臺中市和平區梨山里,115/08/31,賴盛功,無,
臺中市和平區梨山里,115/09/01,陳俊宇,無,
臺中市和平區平等里,115/09/03,林垣妗,無,
臺中市和平區平等里,115/09/03,梁韶陽,無,
臺南市新營區忠政里,115/09/02,程崑藤,中國國民黨,
臺南市新營區民權里,115/09/02,王獻德,無,
臺南市新營區三仙里,115/09/02,范二任,無,
臺南市新營區大宏里,115/09/02,蔡崇名,中國國民黨,
臺南市新營區大宏里,115/09/04,蔡榮章,無,
臺南市新營區王公里,115/09/03,沈崑田,無,
臺南市新營區王公里,115/09/04,顏國富,無,
臺南市新營區中營里,115/08/31,蔡牧謙,無,
臺南市新營區土庫里,115/08/31,林旭清,無,
臺南市新營區南興里,115/09/02,林玫伶,無,
臺南市新營區南興里,115/09/03,賴玟瑾,無,
臺南市新營區興業里,115/09/04,蔡利發,無,
臺南市新營區民生里,115/09/03,陳慶祥,無,
臺南市新營區民生里,115/09/04,王佳慶,無,
臺南市新營區民榮里,115/09/03,黃新義,民主進步黨,
臺南市新營區民榮里,115/09/04,張哲瑋,無,
臺南市新營區埤寮里,115/09/01,趙振興,無,
臺南市新營區埤寮里,115/09/03,林枝安,無,
臺南市新營區護鎮里,115/09/03,陳添龍,無,
臺南市新營區太南里,115/08/31,林德旺,臺灣人民共產黨,
臺南市新營區太南里,115/09/02,林碁詠,無,
臺南市新營區太南里,115/09/02,吳慶義,無,
臺南市新營區太北里,115/09/02,洪進忠,無,
臺南市新營區南紙里,115/09/02,任振源,無,
臺南市新營區南紙里,115/09/02,李穎和,無,
臺南市新營區南紙里,115/09/03,王郁田,無,
臺南市新營區嘉芳里,115/09/03,陳慶章,無,
臺南市新營區嘉芳里,115/09/03,吳正宇,無,
臺南市新營區五興里,115/08/31,郭茂松,無,
臺南市新營區五興里,115/08/31,林鳳凰,無,
臺南市新營區姑爺里,115/09/03,王月順,無,
臺南市新營區新北里,115/08/31,余筱琪,無,
臺南市新營區新北里,115/08/31,陳登山,無,
臺南市新營區新北里,115/09/02,黃宏勝,無,
臺南市新營區新北里,115/09/02,沈振南,無,
臺南市新營區新南里,115/09/03,沈崑寶,無,
臺南市新營區新東里,115/09/02,盧素香,中國國民黨,
臺南市新營區永平里,115/08/31,陳國安,無,
臺南市新營區永平里,115/09/04,黃彩月,無,
臺南市鹽水區水秀里,115/08/31,顏秀盆,無,
臺南市鹽水區橋南里,115/08/31,陳榮斌,無,
臺南市鹽水區汫水里,115/09/03,吳啟漢,無,
臺南市鹽水區汫水里,115/09/04,顏瑞欽,無,
臺南市鹽水區岸內里,115/09/02,蔡婉蓉,無,
臺南市鹽水區岸內里,115/09/02,陳盈利,無,
臺南市鹽水區岸內里,115/09/03,王明泉,無,
臺南市鹽水區歡雅里,115/08/31,趙榮其,無,
臺南市鹽水區津城里,115/09/02,柯永茂,無,
臺南市鹽水區津城里,115/09/03,鄭清山,無,
臺南市鹽水區月港里,115/09/02,白春桐,無,
臺南市鹽水區三明里,115/08/31,陳金印,無,
臺南市鹽水區三明里,115/09/01,余福來,無,
臺南市鹽水區三明里,115/09/02,趙添成,無,
臺南市鹽水區義中里,115/08/31,陳續賢,無,
臺南市鹽水區義中里,115/09/04,翁浚宇,無,
臺南市鹽水區文昌里,115/08/31,郭美月,無,
臺南市鹽水區竹林里,115/09/03,佘美卿,無,
臺南市鹽水區三和里,115/09/01,王坤泉,無,
臺南市鹽水區三和里,115/09/04,洪上仁,無,
臺南市鹽水區坔頭港里,115/08/31,張碩晉,無,
臺南市白河區白河里,115/09/02,黃秀娥,無,
臺南市白河區白河里,115/09/02,沈美菊,無,
臺南市白河區永安里,115/09/02,葉辛芳,無,
臺南市白河區永安里,115/09/04,林裕翔,無,
臺南市白河區外角里,115/09/02,盛偉崇,無,
臺南市白河區外角里,115/09/04,謝定興,無,
臺南市白河區庄內里,115/09/02,張國南,無,
臺南市白河區庄內里,115/09/03,張賜,無,
臺南市白河區庄內里,115/09/04,張清賀,無,
臺南市白河區秀祐里,115/09/01,胡峰誠,無,
臺南市白河區秀祐里,115/09/02,王春棋,無,
臺南市白河區秀祐里,115/09/02,莊小玲,無,
臺南市白河區秀祐里,115/09/03,楊晴期,無,
臺南市白河區河東里,115/09/02,夏明珠,無,
臺南市白河區河東里,115/09/02,劉朝仁,無,
臺南市白河區虎山里,115/09/02,吳建和,無,
臺南市白河區虎山里,115/09/02,吳昕璨,無,
臺南市白河區大林里,115/08/31,吳豐君,無,
臺南市白河區崁頭里,115/09/02,陳惠君,無,
臺南市白河區六溪里,115/08/31,蘇義隆,無,
臺南市白河區六溪里,115/09/03,鐘春城,無,
臺南市白河區六溪里,115/09/03,吳麗娥,無,
臺南市白河區仙草里,115/08/31,陳順進,無,
臺南市白河區仙草里,115/09/02,邱亮億,無,
臺南市白河區仙草里,115/09/02,詹宗梧,無,
臺南市白河區關嶺里,115/09/03,蔡宗羲,無,
臺南市白河區關嶺里,115/09/03,張豪傑,無,
臺南市白河區大竹里,115/09/02,徐偉淞,無,
臺南市白河區大竹里,115/09/02,陳國禎,無,
臺南市白河區大竹里,115/09/03,林正宜,無,
臺南市白河區竹門里,115/09/03,陳新店,無,
臺南市白河區竹門里,115/09/04,陳天富,無,
臺南市白河區崎內里,115/09/02,林志鴻,無,
臺南市白河區昇安里,115/09/02,張春美,無,
臺南市白河區昇安里,115/09/03,鄭佳昉,無,
臺南市白河區汴頭里,115/09/02,鄭雅齡,無,
臺南市白河區汴頭里,115/09/03,李進財,無,
臺南市白河區內角里,115/09/01,黃志銘,無,
臺南市白河區內角里,115/09/02,王志和,無,
臺南市白河區詔豐里,115/09/03,曾中成,無,
臺南市白河區詔豐里,115/09/03,鄭翔中,無,
臺南市白河區廣蓮里,115/09/02,賴俊霖,無,
臺南市白河區廣蓮里,115/09/02,賴建臣,無,
臺南市白河區廣蓮里,115/09/03,包永松,無,
臺南市白河區馬稠後里,115/09/02,李寶珠,無,
臺南市白河區馬稠後里,115/09/02,黃文勇,無,
臺南市柳營區士林里,115/09/02,莊凱婷,無,
臺南市柳營區士林里,115/09/03,蔡嘉賢,無,
臺南市柳營區士林里,115/09/03,林益充,無,
臺南市柳營區光福里,115/08/31,黃招貴,無,
臺南市柳營區光福里,115/08/31,黃啟峰,無,
臺南市柳營區光福里,115/09/02,郭宗矗,無,
臺南市柳營區光福里,115/09/02,林政帆,無,
臺南市柳營區中埕里,115/09/02,王玉葉,無,
臺南市柳營區中埕里,115/09/02,戴玉環,無,
臺南市柳營區中埕里,115/09/03,鄭麗華,無,
臺南市柳營區東昇里,115/09/02,歐吉昇,無,
臺南市柳營區八翁里,115/09/02,林靜芳,無,
臺南市柳營區人和里,115/09/01,林素韻,無,
臺南市柳營區人和里,115/09/03,施明朝,無,
臺南市柳營區太康里,115/08/31,林國明,無,
臺南市柳營區太康里,115/09/02,康書彰,無,
臺南市柳營區重溪里,115/08/31,連証琳,無,
臺南市柳營區重溪里,115/09/02,蔡明宏,無,
臺南市柳營區重溪里,115/09/02,張益誠,無,
臺南市柳營區篤農里,115/09/03,陳献堂,無,
臺南市柳營區大農里,115/09/02,劉清源,無,
臺南市柳營區大農里,115/09/03,連張素珠,無,
臺南市柳營區神農里,115/09/02,蔡明燈,無,
臺南市柳營區神農里,115/09/03,蔡瑞崇,無,
臺南市柳營區神農里,115/09/03,陳慶全,無,
臺南市柳營區果毅里,115/09/02,張順士,無,
臺南市柳營區果毅里,115/09/02,趙振崇,無,
臺南市柳營區旭山里,115/09/02,張文獻,無,
臺南市柳營區旭山里,115/09/03,江瑛純,無,
臺南市後壁區後壁里,115/09/02,陳志成,無,
臺南市後壁區侯伯里,115/09/02,廖俊斌,無,
臺南市後壁區侯伯里,115/09/03,林金鳳,無,
臺南市後壁區嘉苳里,115/09/02,林基成,無,
臺南市後壁區嘉苳里,115/09/03,蔡德聖,無,
臺南市後壁區土溝里,115/08/31,楊國棟,無,
臺南市後壁區土溝里,115/09/02,林木己,無,
臺南市後壁區竹新里,115/09/02,王振銘,無,
臺南市後壁區竹新里,115/09/04,蔡宗哲,無,
臺南市後壁區新東里,115/09/02,徐明瑞,無,
臺南市後壁區新東里,115/09/02,徐育新,無,
臺南市後壁區新東里,115/09/04,徐國程,無,
臺南市後壁區頂安里,115/08/31,林昭雄,無,
臺南市後壁區頂安里,115/09/02,林丁和,無,
臺南市後壁區長安里,115/09/01,王博鴻,無,
臺南市後壁區長安里,115/09/02,黃秀梅,無,
臺南市後壁區長安里,115/09/03,張寶霖,無,
臺南市後壁區長安里,115/09/04,林國成,無,
臺南市後壁區福安里,115/09/01,詹欽棟,無,
臺南市後壁區福安里,115/09/01,林志儒,無,
臺南市後壁區福安里,115/09/02,林琨邦,無,
臺南市後壁區菁寮里,115/09/01,張文哲,無,
臺南市後壁區菁寮里,115/09/02,殷献政,無,
臺南市後壁區菁寮里,115/09/02,黃重仁,無,
臺南市後壁區新嘉里,115/08/31,李崑木,無,
臺南市後壁區新嘉里,115/09/01,張細雲,無,
臺南市後壁區長短樹里,115/09/03,黃麗盆,無,
臺南市後壁區上茄苳里,115/09/02,黃崑茂,無,
臺南市後壁區菁豐里,115/08/31,楊玉年,無,
臺南市後壁區菁豐里,115/09/01,黃啓明,無,
臺南市東山區東山里,115/09/01,卓睿杰,無,
臺南市東山區東中里,115/09/02,蘇木武,無,
臺南市東山區東中里,115/09/03,蘇廖秀仁,無,
臺南市東山區東正里,115/09/03,林素眞,無,
臺南市東山區東正里,115/09/03,蘇明田,無,
臺南市東山區東正里,115/09/04,蘇陳雪香,無,
臺南市東山區三榮里,115/09/01,洪世煌,無,
臺南市東山區三榮里,115/09/03,白進德,無,
臺南市東山區大客里,115/08/31,陳怡倫,無,
臺南市東山區大客里,115/09/03,楊蒼文,無,
臺南市東山區科里里,115/09/03,王元正,無,
臺南市東山區東河里,115/08/31,潘麗民,無,
臺南市東山區東河里,115/09/04,蔡棋模,無,
臺南市東山區南溪里,115/09/02,洪志忠,無,
臺南市東山區水雲里,115/09/02,陳福松,無,
臺南市東山區水雲里,115/09/02,劉庭興,無,
臺南市東山區林安里,115/09/01,楊騏甄,無,
臺南市東山區東原里,115/09/02,曾斐雀,民主進步黨,
臺南市東山區東原里,115/09/04,葉孟亮,無,
臺南市東山區嶺南里,115/08/31,陳慶銘,無,
臺南市東山區嶺南里,115/09/01,陳文財,無,
臺南市東山區南勢里,115/09/02,何致周,無,
臺南市東山區南勢里,115/09/04,蔡坤城,無,
臺南市東山區青山里,115/08/31,沈淑惠,無,
臺南市東山區青山里,115/09/04,張雅玲,無,
臺南市東山區高原里,115/09/02,羅献龍,無,
臺南市東山區高原里,115/09/03,胡安東,無,
臺南市東山區聖賢里,115/08/31,林宗勲,無,
臺南市東山區聖賢里,115/09/02,李美官,無,
臺南市東山區聖賢里,115/09/02,王莨耿,無,
臺南市東山區聖賢里,115/09/03,林俊儀,無,
臺南市麻豆區東角里,115/08/31,林釗洧,無,
臺南市麻豆區東角里,115/09/02,謝清興,無,
臺南市麻豆區東角里,115/09/03,謝芸家,無,
臺南市麻豆區東角里,115/09/03,施姵妏,無,
臺南市麻豆區晋江里,115/09/03,榮志強,無,
臺南市麻豆區巷口里,115/09/03,莊信哲,無,
臺南市麻豆區中興里,115/09/03,吳振和,無,
臺南市麻豆區興農里,115/09/01,孫施秀蘭,無,
臺南市麻豆區興農里,115/09/02,王復源,無,
臺南市麻豆區興農里,115/09/02,黃湘鈞,無,
臺南市麻豆區興農里,115/09/03,孫榮毅,無,
臺南市麻豆區興農里,115/09/04,郭忠榮,無,
臺南市麻豆區油車里,115/09/02,施福春,無,
臺南市麻豆區油車里,115/09/03,黃寶銀,無,
臺南市麻豆區北勢里,115/08/31,蔡明全,無,
臺南市麻豆區北勢里,115/08/31,莊嘉富,無,
臺南市麻豆區大埕里,115/09/02,陳焜儔,民主進步黨,
臺南市麻豆區大埕里,115/09/03,王士賓,無,
臺南市麻豆區大埕里,115/09/03,陳書漢,無,
臺南市麻豆區大埕里,115/09/03,郭文煌,無,
臺南市麻豆區南勢里,115/08/31,陳再福,無,
臺南市麻豆區南勢里,115/09/02,林麗芬,無,
臺南市麻豆區南勢里,115/09/02,張櫻梅,無,
臺南市麻豆區寮廍里,115/08/31,黃煌証,無,
臺南市麻豆區埤頭里,115/09/01,李開通,無,
臺南市麻豆區海埔里,115/08/31,莊宗軒,無,
臺南市麻豆區海埔里,115/09/03,邱建宏,無,
臺南市麻豆區港尾里,115/09/02,蔡淑綢,無,
臺南市麻豆區麻口里,115/09/02,鍾慧琴,無,
臺南市麻豆區安業里,115/08/31,李士博,無,
臺南市麻豆區安正里,115/09/03,李勝忠,無,
臺南市麻豆區新興里,115/09/02,葉侑,無,
臺南市麻豆區新興里,115/09/02,陳慧凱,無,
臺南市麻豆區謝厝寮里,115/09/01,江茂晟,無,
臺南市麻豆區謝厝寮里,115/09/02,謝德道,無,
臺南市麻豆區井東里,115/08/31,王清榮,無,
臺南市麻豆區井東里,115/09/01,王進文,無,
臺南市麻豆區清水里,115/09/02,王志良,無,
臺南市麻豆區清水里,115/09/03,李勝平,無,
臺南市下營區下營里,115/09/03,姜協成,無,
臺南市下營區仁里里,115/09/02,楊侑叡,無,
臺南市下營區仁里里,115/09/03,姜美芬,無,
臺南市下營區宅內里,115/09/02,曾進發,無,
臺南市下營區後街里,115/09/01,洪丙丁,無,
臺南市下營區後街里,115/09/02,洪金澤,無,
臺南市下營區新興里,115/09/03,林秉融,無,
臺南市下營區營前里,115/09/02,姜忠志,無,
臺南市下營區開化里,115/09/03,王清得,無,
臺南市下營區開化里,115/09/04,楊凱傑,無,
臺南市下營區西連里,115/09/02,林文祥,無,
臺南市下營區賀建里,115/09/04,柯玉堂,無,
臺南市下營區茅營里,115/09/03,馮政凱,無,
臺南市下營區大吉里,115/09/02,沈志成,無,
臺南市下營區大吉里,115/09/02,王正亮,無,
臺南市下營區紅甲里,115/09/02,顏榮泰,無,
臺南市六甲區六甲里,115/09/02,李鴻榮,無,
臺南市六甲區六甲里,115/09/03,陳坤佑,無,
臺南市六甲區甲東里,115/09/03,陳子文,無,
臺南市六甲區甲南里,115/09/02,陳柏誌,無,
臺南市六甲區甲南里,115/09/03,胡文慶,無,
臺南市六甲區七甲里,115/09/02,胡國良,無,
臺南市六甲區七甲里,115/09/03,蔡淵湶,無,
臺南市六甲區二甲里,115/09/02,林英慧,無,
臺南市六甲區二甲里,115/09/03,林昆龍,無,
臺南市六甲區水林里,115/08/31,蔡信中,無,
臺南市六甲區水林里,115/09/02,陳淑靜,無,
臺南市六甲區水林里,115/09/03,黃秀珍,無,
臺南市六甲區中社里,115/09/02,李黃阿鳳,無,
臺南市六甲區中社里,115/09/03,何淑華,無,
臺南市六甲區龜港里,115/09/02,郭欽富,無,
臺南市六甲區龜港里,115/09/03,許文祥,無,
臺南市六甲區菁埔里,115/08/31,蔡明賢,無,
臺南市六甲區菁埔里,115/08/31,陳順郎,無,
臺南市六甲區王爺里,115/09/02,許峯榮,無,
臺南市六甲區王爺里,115/09/02,林義雄,無,
臺南市六甲區王爺里,115/09/03,李財任,無,
臺南市六甲區大丘里,115/09/01,何文雄,無,
臺南市六甲區大丘里,115/09/02,林文欽,無,
臺南市官田區官田里,115/09/02,陳泰興,無,
臺南市官田區二鎮里,115/08/31,陳麒麟,無,
臺南市官田區大崎里,115/09/02,陳凱利,無,
臺南市官田區大崎里,115/09/02,陳延海,無,
臺南市官田區隆田里,115/09/03,洪榮典,無,
臺南市官田區隆本里,115/09/02,覃業勛,無,
臺南市官田區隆本里,115/09/03,陳炳勳,無,
臺南市官田區南廍里,115/09/02,李榮吉,無,
臺南市官田區南廍里,115/09/03,李清林,無,
臺南市官田區社子里,115/08/31,涂榮宗,無,
臺南市官田區社子里,115/09/02,陳啓章,無,
臺南市官田區社子里,115/09/03,陳義文,無,
臺南市官田區社子里,115/09/03,林銀來,無,
臺南市官田區社子里,115/09/03,胡成任,無,
臺南市官田區烏山頭里,115/09/01,李宇軒,無,
臺南市官田區烏山頭里,115/09/02,胡宏孟,無,
臺南市官田區渡拔里,115/09/02,,無,
臺南市官田區東庄里,115/09/03,胡漢榮,無,
臺南市官田區西庄里,115/09/02,陳永義,無,
臺南市官田區西庄里,115/09/02,陳振昆,無,
臺南市大內區石湖里,115/09/01,陳立祥,無,
臺南市大內區石湖里,115/09/03,陳燕姿,無,
臺南市大內區石林里,115/09/02,楊士人,無,
臺南市大內區石城里,115/09/02,,無,
臺南市大內區石城里,115/09/03,孫偉翔,無,
臺南市大內區內江里,115/09/02,陳俊佑,無,
臺南市大內區內江里,115/09/04,田振坤,無,
臺南市大內區大內里,115/09/02,楊王鳳嬌,無,
臺南市大內區大內里,115/09/03,沈毓萃,無,
臺南市大內區內郭里,115/09/03,楊清德,無,
臺南市大內區內郭里,115/09/03,楊文三,無,
臺南市大內區內郭里,115/09/03,楊奇峯,無,
臺南市大內區內郭里,115/09/04,蘇明輝,無,
臺南市大內區頭社里,115/09/01,羅文宗,無,
臺南市大內區頭社里,115/09/02,羅進成,無,
臺南市大內區環湖里,115/08/31,李承中,無,
臺南市大內區環湖里,115/09/03,陳義男,無,
臺南市大內區二溪里,115/09/03,葉榮州,無,
臺南市大內區二溪里,115/09/04,郭國柱,無,
臺南市大內區曲溪里,115/09/01,楊春寶,無,
臺南市佳里區東寧里,115/09/02,許秀枝,無,
臺南市佳里區東寧里,115/09/02,林育如,無,
臺南市佳里區忠仁里,115/09/02,楊林錦鴦,無,
臺南市佳里區鎮山里,115/09/02,陳信祿,無,
臺南市佳里區建南里,115/08/31,陳俊銘,無,
臺南市佳里區安西里,115/09/02,黃盈順,無,
臺南市佳里區安西里,115/09/02,林國賓,無,
臺南市佳里區六安里,115/09/02,林佩玲,無,
臺南市佳里區佳化里,115/09/03,張清水,無,
臺南市佳里區海澄里,115/08/31,楊定昌,無,
臺南市佳里區民安里,115/09/02,林淑眞,無,
臺南市佳里區民安里,115/09/03,周天財,無,
臺南市佳里區民安里,115/09/04,徐舜王,無,
臺南市佳里區子龍里,115/09/02,謝清安,無,
臺南市佳里區營溪里,115/09/02,莊榮堯,無,
臺南市佳里區文新里,115/09/02,任文才,無,
臺南市佳里區文新里,115/09/02,柯淑華,無,
臺南市佳里區佳興里,115/09/02,林黃秋香,無,
臺南市佳里區佳興里,115/09/03,曾英傑,無,
臺南市佳里區下營里,115/09/02,林秉達,無,
臺南市佳里區下營里,115/09/02,黃賜農,無,
臺南市佳里區塭內里,115/09/02,黃宥惟,無,
臺南市佳里區塭內里,115/09/03,陳筱綺,無,
臺南市佳里區塭內里,115/09/04,黃明輝,無,
臺南市佳里區南勢里,115/09/03,黃進福,無,
臺南市學甲區仁得里,115/09/03,林嘉雄,無,
臺南市學甲區新榮里,115/09/02,謝佑敏,無,
臺南市學甲區新榮里,115/09/02,陳智耀,無,
臺南市學甲區光華里,115/09/03,邱益在,無,
臺南市學甲區宅港里,115/09/03,莊天明,無,
臺南市學甲區宅港里,115/09/03,丁宗宏,無,
臺南市學甲區慈福里,115/09/02,李明席,無,
臺南市學甲區慈福里,115/09/02,李榮華,無,
臺南市學甲區慈福里,115/09/04,李明城,無,
臺南市學甲區秀昌里,115/09/02,謝金雀,無,
臺南市學甲區秀昌里,115/09/02,朱正利,無,
臺南市學甲區明宜里,115/08/31,李麗娟,無,
臺南市學甲區明宜里,115/08/31,邱福進,無,
臺南市學甲區明宜里,115/09/01,凃志宏,無,
臺南市學甲區豐和里,115/08/31,賴清田,無,
臺南市學甲區豐和里,115/08/31,賴華湖,無,
臺南市學甲區平和里,115/09/02,陳學先,無,
臺南市學甲區新達里,115/09/02,陳敏男,無,
臺南市學甲區大灣里,115/09/02,王登教,無,
臺南市學甲區大灣里,115/09/03,陳姝潢,無,
臺南市學甲區三慶里,115/09/02,郭炳洪,無,
臺南市學甲區三慶里,115/09/03,郭壬貴,無,
臺南市學甲區中洲里,115/09/02,林清發,無,
臺南市學甲區中洲里,115/09/02,陳國華,無,
臺南市西港區西港里,115/09/01,李清田,無,
臺南市西港區西港里,115/09/02,徐國安,無,
臺南市西港區南海里,115/09/02,黃光暉,無,
臺南市西港區港東里,115/09/02,方郭秀雲,無,
臺南市西港區,115/09/02,謝文賢,無,
臺南市西港區後營里,115/09/02,方瑞和,無,
臺南市西港區營西里,115/09/02,方世雄,無,
臺南市西港區金砂里,115/09/02,蔡信賢,無,
臺南市西港區劉厝里,115/09/02,呂慶昇,無,
臺南市西港區劉厝里,115/09/02,劉盈發,無,
臺南市西港區劉厝里,115/09/02,劉宏彥,無,
臺南市西港區劉厝里,115/09/03,楊明璋,無,
臺南市西港區竹林里,115/09/02,郭慶郎,無,
臺南市西港區永樂里,115/09/01,凃育民,無,
臺南市西港區永樂里,115/09/02,郭榮琳,無,
臺南市西港區永樂里,115/09/02,許淑美,無,
臺南市西港區永樂里,115/09/03,郭文賢,無,
臺南市西港區永樂里,115/09/03,郭木田,無,
臺南市西港區永樂里,115/09/03,方士豪,無,
臺南市西港區新復里,115/09/02,黃國文,無,
臺南市西港區慶安里,115/09/02,李錦淑,無,
臺南市西港區慶安里,115/09/02,吳明欽,無,
臺南市七股區後港里,115/08/31,蘇龍標,無,
臺南市七股區大潭里,115/09/02,陳中正,無,
臺南市七股區篤加里,115/08/31,邱秩明,無,
臺南市七股區篤加里,115/09/01,邱煜原,無,
臺南市七股區篤加里,115/09/01,邱炳貴,無,
臺南市七股區頂山里,115/08/31,陳博靜,無,
臺南市七股區頂山里,115/09/01,陳俊德,無,
臺南市七股區西寮里,115/09/02,柯勝强,無,
臺南市七股區塩埕里,115/08/31,謝勝江,無,
臺南市七股區龍山里,115/08/31,王文財,無,
臺南市七股區溪南里,115/09/02,黃郁智,無,
臺南市七股區七股里,115/09/03,黃進士,無,
臺南市七股區玉成里,115/09/03,陳國慶,無,
臺南市七股區大埕里,115/08/31,陳清文,無,
臺南市七股區大埕里,115/09/02,吳明進,無,
臺南市七股區樹林里,115/09/02,黃寶田,無,
臺南市七股區中寮里,115/09/02,許全田,無,
臺南市七股區竹橋里,115/09/04,郭信忠,無,
臺南市七股區義合里,115/08/31,黃文乾,民主進步黨,
臺南市七股區義合里,115/09/02,陳翰笙,無,
臺南市七股區永吉里,115/09/02,莊弘松,無,
臺南市七股區三股里,115/09/02,黃仙立,無,
臺南市七股區十份里,115/08/31,張明漢,無,
臺南市七股區十份里,115/09/03,張文海,無,
臺南市將軍區長榮里,115/09/02,謝杉,無,
臺南市將軍區長榮里,115/09/02,陳靜雅,無,
臺南市將軍區長榮里,115/09/02,黃美雲,無,
臺南市將軍區玉山里,115/08/31,吳仙齊,無,
臺南市將軍區玉山里,115/09/02,邱家和,無,
臺南市將軍區廣山里,115/09/02,吳泰源,無,
臺南市將軍區長沙里,115/08/31,陳明泰,無,
臺南市將軍區長沙里,115/08/31,,無,
臺南市將軍區平沙里,115/08/31,吳志凱,無,
臺南市將軍區鯤鯓里,115/09/01,周益東,無,
臺南市將軍區鯤鯓里,115/09/02,許榮龍,無,
臺南市將軍區鯤鯓里,115/09/02,王燕宗,無,
臺南市將軍區鯤溟里,115/09/02,周吉明,無,
臺南市將軍區巷埔里,115/08/31,吳昭銘,無,
臺南市將軍區巷埔里,115/09/02,鄭勝賢,無,
臺南市將軍區巷埔里,115/09/03,吳武宗,無,
臺南市將軍區西甲里,115/08/31,林昆德,無,
臺南市將軍區西甲里,115/08/31,林軍圻,無,
臺南市將軍區忠嘉里,115/08/31,,無,
臺南市將軍區忠嘉里,115/09/02,黃證峯,無,
臺南市將軍區忠嘉里,115/09/04,李輝煌,無,
臺南市將軍區苓仔寮里,115/09/01,黃信升,無,
臺南市將軍區將軍里,115/09/01,林崑水,無,
臺南市將軍區將軍里,115/09/02,周炎祥,無,
臺南市北門區保吉里,115/08/31,王忠城,無,
臺南市北門區雙春里,115/09/01,李連興,無,
臺南市北門區北門里,115/08/31,侯明順,無,
臺南市北門區北門里,115/09/02,洪有志,無,
臺南市北門區錦湖里,115/09/01,陳國庸,無,
臺南市北門區錦湖里,115/09/02,郭建良,無,
臺南市北門區錦湖里,115/09/03,劉新源,無,
臺南市北門區三光里,115/08/31,侯進枝,無,
臺南市北門區玉港里,115/09/03,陳來盛,無,
臺南市北門區玉港里,115/09/03,吳政霖,無,
臺南市北門區慈安里,115/08/31,林文模,無,
臺南市北門區慈安里,115/09/01,陳昱榮,無,
臺南市北門區永隆里,115/09/01,王益,無,
臺南市北門區蚵寮里,115/08/31,洪松茂,無,
臺南市北門區蚵寮里,115/09/03,王俊銘,無,
臺南市北門區文山里,115/08/31,李英信,無,
臺南市新化區武安里,115/09/01,賴延銓,無,
臺南市新化區武安里,115/09/02,張明富,無,
臺南市新化區武安里,115/09/02,林保全,無,
臺南市新化區武安里,115/09/03,林揚順,無,
臺南市新化區東榮里,115/08/31,劉桂雄,無,
臺南市新化區東榮里,115/09/03,許明輝,無,
臺南市新化區護國里,115/08/31,姚偉仁,無,
臺南市新化區太平里,115/08/31,李朝勝,無,
臺南市新化區太平里,115/09/02,吳宗欣,無,
臺南市新化區協興里,115/08/31,孫麒傑,無,
臺南市新化區協興里,115/09/01,賴明賢,無,
臺南市新化區唪口里,115/09/02,蔡福成,無,
臺南市新化區北勢里,115/09/02,鄭國正,無,
臺南市新化區豐榮里,115/08/31,蔡素眞,無,
臺南市新化區全興里,115/09/01,林慶隆,無,
臺南市新化區全興里,115/09/03,周江來金,無,
臺南市新化區崙頂里,115/08/31,,無,
臺南市新化區崙頂里,115/09/03,許軒豪,無,
臺南市新化區知義里,115/08/31,張嘉榮,無,
臺南市新化區山脚里,115/08/31,林和村,無,
臺南市新化區山脚里,115/09/04,陳英秀,無,
臺南市新化區大坑里,115/08/31,何明珠,無,
臺南市新化區大坑里,115/08/31,劉木雄,無,
臺南市新化區大坑里,115/09/03,鄒美說,無,
臺南市新化區𦰡拔里,115/08/31,李瑞雄,無,
臺南市新化區羊林里,115/09/01,黃啟展,無,
臺南市新化區礁坑里,115/09/01,蔡丁貴,無,
臺南市新化區礁坑里,115/09/02,楊秀妙,無,
臺南市善化區東關里,115/09/01,張碩峯,無,
臺南市善化區坐駕里,115/08/31,林怡珊,無,
臺南市善化區光文里,115/09/02,廖宛崢,無,
臺南市善化區文昌里,115/09/02,李立先,無,
臺南市善化區南關里,115/09/02,許義方,無,
臺南市善化區文正里,115/08/31,胡志賢,無,
臺南市善化區胡家里,115/09/02,陳彥宏,無,
臺南市善化區胡家里,115/09/04,胡清富,無,
臺南市善化區胡厝里,115/08/31,胡福裕,無,
臺南市善化區胡厝里,115/09/02,陳順隆,無,
臺南市善化區什乃里,115/08/31,施維橔,無,
臺南市善化區什乃里,115/09/02,楊驊珉,無,
臺南市善化區什乃里,115/09/03,王榮勳,無,
臺南市善化區什乃里,115/09/04,邱英洋,無,
臺南市善化區溪美里,115/08/31,李志明,無,
臺南市善化區六分里,115/08/31,蘇文俊,無,
臺南市善化區六分里,115/09/02,胡原賓,無,
臺南市善化區六德里,115/09/02,楊蘇秋香,無,
臺南市善化區六德里,115/09/02,楊駕,無,
臺南市善化區田寮里,115/08/31,林德勝,無,
臺南市善化區田寮里,115/09/03,胡石福,無,
臺南市善化區牛庄里,115/09/02,蘇坤修,無,
臺南市善化區牛庄里,115/09/02,洪商騰,無,
臺南市善化區嘉北里,115/09/02,梁楊玉華,無,
臺南市善化區嘉南里,115/08/31,林儀伍,無,
臺南市善化區小新里,115/09/02,李周通,無,
臺南市善化區小新里,115/09/02,黃瑞芳,無,
臺南市善化區頂街里,115/09/03,洪秉鴻,無,
臺南市善化區昌隆里,115/08/31,林為文,無,
臺南市善化區昌隆里,115/09/02,蘇展儀,無,
臺南市善化區昌隆里,115/09/02,蘇美如,無,
臺南市善化區昌隆里,115/09/02,買琮勝,無,
臺南市善化區蓮潭里,115/09/02,陳紫晶,無,
臺南市善化區蓮潭里,115/09/03,侯元彬,無,
臺南市新市區新市里,115/08/31,謝得利,無,
臺南市新市區新市里,115/08/31,鄭明堂,無,
臺南市新市區新和里,115/08/31,李富文,無,
臺南市新市區社內里,115/09/01,魏千富,無,
臺南市新市區大洲里,115/09/01,張雅倫,無,
臺南市新市區豐華里,115/09/02,謝成,無,
臺南市新市區豐華里,115/09/03,陳水木,無,
臺南市新市區豐華里,115/09/03,羅澤奎,無,
臺南市新市區三舍里,115/09/01,林華郎,無,
臺南市新市區三舍里,115/09/02,曾煥鑽,無,
臺南市新市區大營里,115/09/03,朱文奎,無,
臺南市新市區大社里,115/08/31,鄭美香,無,
臺南市新市區大社里,115/09/03,李清發,無,
臺南市新市區潭頂里,115/09/01,林芳甄,無,
臺南市新市區潭頂里,115/09/03,李淑帆,無,
臺南市新市區港墘里,115/08/31,王有義,無,
臺南市新市區港墘里,115/08/31,張鋒文,無,
臺南市新市區港墘里,115/08/31,李嘉誠,無,
臺南市新市區永就里,115/08/31,李昭慶,無,
臺南市安定區蘇林里,115/09/02,楊國華,無,
臺南市安定區蘇林里,115/09/02,王清崎,無,
臺南市安定區蘇林里,115/09/02,王同域,無,
臺南市安定區蘇厝里,115/09/02,張慶財,無,
臺南市安定區蘇厝里,115/09/02,張勝其,無,
臺南市安定區安定里,115/08/31,歐陽春彥,無,
臺南市安定區安加里,115/08/31,王美翔,無,
臺南市安定區安加里,115/09/02,丁主亮,無,
臺南市安定區港尾里,115/09/02,王惠秋,無,
臺南市安定區港尾里,115/09/03,鄭道隆,無,
臺南市安定區中榮里,115/09/01,翁炳煙,無,
臺南市安定區港口里,115/08/31,林秋色,無,
臺南市安定區港口里,115/09/01,黃育智,無,
臺南市安定區港口里,115/09/02,陳冠龍,無,
臺南市安定區港口里,115/09/02,林進興,無,
臺南市安定區港南里,115/08/31,王成章,無,
臺南市安定區港南里,115/09/02,方文賢,無,
臺南市安定區中沙里,115/09/02,王猷欽,無,
臺南市安定區新吉里,115/09/03,方振漢,無,
臺南市安定區海寮里,115/08/31,王昭彬,無,
臺南市安定區文科里,115/08/31,蕭瑞興,無,
臺南市安定區嘉同里,115/08/31,林美雪,無,
臺南市安定區嘉同里,115/09/02,王文章,無,
臺南市山上區明和里,115/08/31,許世沂,無,
臺南市山上區明和里,115/09/02,凃明星,無,
臺南市山上區南洲里,115/09/01,李振家,無,
臺南市山上區山上里,115/09/02,黃進添,無,
臺南市山上區山上里,115/09/02,郭文仁,無,
臺南市山上區山上里,115/09/02,林麗琴,無,
臺南市山上區新莊里,115/09/02,陳朝家,無,
臺南市山上區新莊里,115/09/04,黃羿穎,民主進步黨,
臺南市山上區玉峯里,115/09/01,張世杰,無,
臺南市山上區玉峯里,115/09/02,陳啓瑞,無,
臺南市山上區玉峯里,115/09/04,蘇木山,無,
臺南市山上區平陽里,115/09/02,董振錫,無,
臺南市山上區豐德里,115/09/02,李明良,無,
臺南市山上區豐德里,115/09/03,劉進祿,無,
臺南市玉井區玉井里,115/09/03,葉俊甫,無,
臺南市玉井區玉田里,115/09/02,楊秀慧,無,
臺南市玉井區玉田里,115/09/03,劉進順,無,
臺南市玉井區中正里,115/09/01,王博程,無,
臺南市玉井區中正里,115/09/02,王清風,無,
臺南市玉井區竹圍里,115/08/31,阮連福,無,
臺南市玉井區竹圍里,115/09/02,劉木圍,無,
臺南市玉井區竹圍里,115/09/02,胡文和,無,
臺南市玉井區竹圍里,115/09/04,林子殷,無,
臺南市玉井區沙田里,115/09/02,王美華,無,
臺南市玉井區三埔里,115/09/01,陳金敏,無,
臺南市玉井區三埔里,115/09/03,阮忠興,無,
臺南市玉井區三和里,115/09/03,李寶雄,無,
臺南市玉井區望明里,115/09/03,李麗華,無,
臺南市玉井區層林里,115/09/03,嚴福春,無,
臺南市玉井區層林里,115/09/04,嚴玉鄰,無,
臺南市玉井區豐里里,115/09/02,陳耀哲,無,
臺南市玉井區豐里里,115/09/02,羅銘輝,無,
臺南市楠西區楠西里,115/08/31,劉富誠,無,
臺南市楠西區灣丘里,115/08/31,龎順吉,無,
臺南市楠西區灣丘里,115/09/02,潘羽安,無,
臺南市楠西區密枝里,115/09/02,林明杉,無,
臺南市楠西區照興里,115/09/02,江森原,無,
臺南市楠西區照興里,115/09/03,羅源洲,無,
臺南市楠西區鹿田里,115/08/31,黃漢威,無,
臺南市楠西區鹿田里,115/09/04,胡文杰,無,
臺南市楠西區龜丹里,115/08/31,林茂松,無,
臺南市楠西區東勢里,115/09/02,張事民,無,
臺南市楠西區東勢里,115/09/02,葉秋林,無,
臺南市楠西區東勢里,115/09/03,陳美月,無,
臺南市南化區南化里,115/09/02,曾國賓,無,
臺南市南化區南化里,115/09/03,卓武郎,無,
臺南市南化區小崙里,115/09/03,張毓仁,無,
臺南市南化區小崙里,115/09/03,王昆祈,無,
臺南市南化區中坑里,115/08/31,葉仁長,無,
臺南市南化區中坑里,115/09/04,錢百萬,無,
臺南市南化區北平里,115/08/31,洪明石,無,
臺南市南化區北平里,115/09/01,呂國勇,無,
臺南市南化區東和里,115/08/31,林志明,無,
臺南市南化區東和里,115/09/02,鄂文斌,無,
臺南市南化區西埔里,115/08/31,陳志得,無,
臺南市南化區北寮里,115/08/31,呂天南,無,
臺南市南化區北寮里,115/09/02,李坤童,無,
臺南市南化區玉山里,115/09/03,吳新廸,無,
臺南市南化區玉山里,115/09/04,邱永霖,無,
臺南市南化區關山里,115/09/02,張興發,無,
臺南市南化區關山里,115/09/03,謝國男,無,
臺南市左鎮區光和里,115/08/31,卓勝安,無,
臺南市左鎮區光和里,115/09/02,張友川,無,
臺南市左鎮區光和里,115/09/02,許涵崴,無,
臺南市左鎮區榮和里,115/08/31,胡添丁,無,
臺南市左鎮區左鎮里,115/08/31,林谷芳,無,
臺南市左鎮區左鎮里,115/09/02,簡仙良,無,
臺南市左鎮區中正里,115/09/02,尤世旭,無,
臺南市左鎮區睦光里,115/08/31,黃永發,無,
臺南市左鎮區睦光里,115/09/01,吳豈宏,無,
臺南市左鎮區內庄里,115/08/31,謝龍泉,無,
臺南市左鎮區澄山里,115/08/31,穆宏男,無,
臺南市左鎮區澄山里,115/09/03,林德章,無,
臺南市左鎮區岡林里,115/08/31,林順通,無,
臺南市左鎮區草山里,115/08/31,車福耀,無,
臺南市左鎮區草山里,115/09/03,溫榮泰,無,
臺南市左鎮區二寮里,115/08/31,楊來枝,無,
臺南市左鎮區二寮里,115/08/31,穆春德,無,
臺南市仁德區太子里,115/09/01,鄭悅生,無,
臺南市仁德區太子里,115/09/02,李阿逢,無,
臺南市仁德區太子里,115/09/02,毛榮田,中國國民黨,
臺南市仁德區土庫里,115/08/31,黃富建,無,
臺南市仁德區一甲里,115/09/04,楊富田,無,
臺南市仁德區仁德里,115/09/02,林家正,民主進步黨,
臺南市仁德區仁德里,115/09/02,王文道,無,
臺南市仁德區仁義里,115/09/02,郭書秀,無,
臺南市仁德區仁義里,115/09/03,鍾志明,無,
臺南市仁德區新田里,115/09/02,王俊傑,無,
臺南市仁德區後壁里,115/08/31,謝耀美,無,
臺南市仁德區後壁里,115/09/02,楊中保,無,
臺南市仁德區後壁里,115/09/04,陳青憲,無,
臺南市仁德區上崙里,115/08/31,許永鄰,無,
臺南市仁德區上崙里,115/09/01,陳子夏,無,
臺南市仁德區上崙里,115/09/02,趙麟義,無,
臺南市仁德區上崙里,115/09/04,張瓊文,無,
臺南市仁德區保安里,115/09/03,顏明政,無,
臺南市仁德區保安里,115/09/03,黃眉雅,無,
臺南市仁德區成功里,115/09/03,鄭晴而,無,
臺南市仁德區仁和里,115/08/31,梁珍全,無,
臺南市仁德區仁和里,115/09/02,張銘威,無,
臺南市仁德區仁愛里,115/08/31,張台昇,無,
臺南市仁德區仁愛里,115/09/03,余泰興,無,
臺南市仁德區二行里,115/08/31,吳儀倫,無,
臺南市仁德區二行里,115/09/02,蔡榮章,無,
臺南市仁德區二行里,115/09/02,林子傑,民主進步黨,
臺南市仁德區二行里,115/09/02,辜美惠,無,
臺南市仁德區二行里,115/09/03,宋慧玲,無,
臺南市仁德區大甲里,115/08/31,許榮宗,無,
臺南市仁德區中洲里,115/08/31,吳建成,無,
臺南市仁德區中洲里,115/09/02,葉清仁,無,
臺南市仁德區文賢里,115/08/31,林江溪,無,
臺南市歸仁區南保里,115/09/02,詹凱元,無,
臺南市歸仁區南保里,115/09/03,黃良生,無,
臺南市歸仁區六甲里,115/09/01,林采縈,無,
臺南市歸仁區六甲里,115/09/02,林志豪,無,
臺南市歸仁區歸仁里,115/08/31,嚴銓鑫,無,
臺南市歸仁區歸仁里,115/09/04,王振翰,無,
臺南市歸仁區後市里,115/09/02,翁聖淯,無,
臺南市歸仁區後市里,115/09/02,歐芯妤,無,
臺南市歸仁區後市里,115/09/02,翁世峯,無,
臺南市歸仁區後市里,115/09/03,吳榮通,無,
臺南市歸仁區辜厝里,115/09/02,邱玉華,無,
臺南市歸仁區許厝里,115/08/31,陳素鸞,無,
臺南市歸仁區許厝里,115/09/03,卓秉威,無,
臺南市歸仁區看西里,115/09/02,楊專成,無,
臺南市歸仁區看西里,115/09/02,林宗賢,無,
臺南市歸仁區看西里,115/09/03,王添君,無,
臺南市歸仁區看東里,115/09/02,楊明進,無,
臺南市歸仁區看東里,115/09/03,王正慎,無,
臺南市歸仁區崙頂里,115/08/31,徐耿得,無,
臺南市歸仁區崙頂里,115/09/02,徐進德,無,
臺南市歸仁區沙崙里,115/08/31,李明山,無,
臺南市歸仁區大潭里,115/08/31,林俊成,無,
臺南市歸仁區大潭里,115/09/02,林世明,無,
臺南市歸仁區武東里,115/08/31,葉平賢,無,
臺南市歸仁區武東里,115/09/02,劉延欽,無,
臺南市歸仁區八甲里,115/09/02,余慈華,無,
臺南市歸仁區八甲里,115/09/04,黃國勛,無,
臺南市歸仁區七甲里,115/09/03,郭世文,無,
臺南市歸仁區媽廟里,115/09/01,張宏志,無,
臺南市歸仁區西埔里,115/08/31,鄭福利,無,
臺南市歸仁區大廟里,115/09/02,陳志明,無,
臺南市歸仁區大廟里,115/09/03,陳淩澤,無,
臺南市歸仁區南興里,115/09/02,朱璟漢,無,
臺南市歸仁區新厝里,115/09/01,林文斌,無,
臺南市歸仁區歸南里,115/09/01,林秀絹,無,
臺南市歸仁區歸南里,115/09/02,吳忠霖,無,
臺南市歸仁區文化里,115/09/03,趙柏堯,無,
臺南市歸仁區文化里,115/09/04,陳富榮,無,
臺南市歸仁區文化里,115/09/04,楊慶誠,無,
臺南市關廟區關廟里,115/09/02,楊宗輝,無,
臺南市關廟區山西里,115/09/01,李嘉澄,無,
臺南市關廟區山西里,115/09/02,楊啓賢,無,
臺南市關廟區山西里,115/09/03,吳明豐,無,
臺南市關廟區香洋里,115/09/02,盧建平,無,
臺南市關廟區香洋里,115/09/02,沈永林,無,
臺南市關廟區北勢里,115/09/02,郭水道,無,
臺南市關廟區北勢里,115/09/02,黃學文,無,
臺南市關廟區新埔里,115/09/02,張敬仁,無,
臺南市關廟區新光里,115/09/02,黃瑞池,無,
臺南市關廟區五甲里,115/09/01,盧振良,民主進步黨,
臺南市關廟區五甲里,115/09/02,蔡明松,無,
臺南市關廟區東勢里,115/08/31,方耀南,無,
臺南市關廟區松腳里,115/09/02,李文良,無,
臺南市關廟區松腳里,115/09/02,楊文慶,無,
臺南市關廟區深坑里,115/08/31,林國治,無,
臺南市關廟區深坑里,115/09/01,李美女,無,
臺南市關廟區深坑里,115/09/04,張榮崇,無,
臺南市關廟區布袋里,115/09/03,陳龍目,無,
臺南市關廟區埤頭里,115/08/31,許文進,無,
臺南市關廟區下湖里,115/09/01,董錦松,無,
臺南市關廟區花園里,115/09/02,郭文郁,無,
臺南市關廟區龜洞里,115/09/01,洪世東,無,
臺南市龍崎區崎頂里,115/09/02,黃勝營,無,
臺南市龍崎區土崎里,115/09/02,林宏忠,無,
臺南市龍崎區中坑里,115/09/03,陳茂全,無,
臺南市龍崎區中坑里,115/09/03,許清雲,無,
臺南市龍崎區楠坑里,115/09/02,洪坤木,無,
臺南市龍崎區牛埔里,115/09/02,陳文章,無,
臺南市龍崎區牛埔里,115/09/02,陳正印,無,
臺南市龍崎區大坪里,115/09/03,余文生,無,
臺南市龍崎區龍船里,115/09/02,林萬億,無,
臺南市龍崎區龍船里,115/09/03,高耀群,無,
臺南市龍崎區石𥕢里,115/09/02,余瑞凱,無,
臺南市永康區五王里,115/09/02,陳志宏,民主進步黨,
臺南市永康區網寮里,115/09/01,魏銘城,無,
臺南市永康區網寮里,115/09/04,林高田,無,
臺南市永康區永康里,115/09/01,魏萬順,無,
臺南市永康區永康里,115/09/02,林信全,無,
臺南市永康區埔園里,115/09/01,柯景維,民主進步黨,
臺南市永康區埔園里,115/09/02,林坤宏,無,
臺南市永康區大橋里,115/09/01,許葆鑫,無,
臺南市永康區大橋里,115/09/02,陳冠豪,中國國民黨,
臺南市永康區大橋里,115/09/02,李建志,無,
臺南市永康區王行里,115/09/01,陳丁為,無,
臺南市永康區烏竹里,115/09/02,陳壬子,無,
臺南市永康區烏竹里,115/09/02,鄭美妙,無,
臺南市永康區蔦松里,115/08/31,許金龍,無,
臺南市永康區三民里,115/08/31,陳和志,無,
臺南市永康區塩行里,115/09/02,劉志明,無,
臺南市永康區塩行里,115/09/02,邱慧琳,中國國民黨,
臺南市永康區塩行里,115/09/03,陳麗芬,無,
臺南市永康區塩行里,115/09/03,劉天福,無,
臺南市永康區甲頂里,115/09/02,吳和祥,民主進步黨,
臺南市永康區大灣里,115/08/31,葉格,無,
臺南市永康區大灣里,115/09/01,鄭文義,無,
臺南市永康區大灣里,115/09/02,蘇愛惠,無,
臺南市永康區大灣里,115/09/03,汪順德,無,
臺南市永康區東灣里,115/08/31,李明堂,無,
臺南市永康區東灣里,115/09/04,李明權,無,
臺南市永康區西灣里,115/08/31,李元慶,無,
臺南市永康區西灣里,115/09/04,陳玄宗,無,
臺南市永康區南灣里,115/09/02,劉國棟,無,
臺南市永康區南灣里,115/09/04,詹瑞美,無,
臺南市永康區崑山里,115/08/31,李忠信,無,
臺南市永康區崑山里,115/09/04,方暉喻,無,
臺南市永康區北灣里,115/08/31,方富詳,無,
臺南市永康區新樹里,115/08/31,陳日祥,無,
臺南市永康區復興里,115/09/01,吳秋明,中國國民黨,
臺南市永康區復國里,115/09/02,林水池,無,
臺南市永康區建國里,115/09/01,鍾國寶,中國國民黨,
臺南市永康區神洲里,115/09/03,歐煌崇,無,
臺南市永康區西勢里,115/09/02,林惠卿,無,
臺南市永康區西勢里,115/09/02,賀連玫,無,
臺南市永康區西勢里,115/09/04,郭芳默,無,
臺南市永康區成功里,115/09/02,曾文俊,無,
臺南市永康區中興里,115/09/02,楊家銘,中國國民黨,
臺南市永康區中興里,115/09/04,蔡昭蓉,無,
臺南市永康區勝利里,115/09/01,卓進鏞,無,
臺南市永康區勝利里,115/09/02,楊遠波,無,
臺南市永康區龍潭里,115/08/31,楊惠如,無,
臺南市永康區龍潭里,115/09/01,劉俊祥,無,
臺南市永康區龍潭里,115/09/01,顏菁慧,無,
臺南市永康區光復里,115/09/01,蔡金山,無,
臺南市永康區塩洲里,115/08/31,林豊男,無,
臺南市永康區塩洲里,115/09/03,陳韋廷,無,
臺南市永康區塩洲里,115/09/04,邱靖淳,無,
臺南市永康區二王里,115/08/31,郭宗基,無,
臺南市永康區二王里,115/09/03,謝文奇,無,
臺南市永康區六合里,115/09/02,李信輝,民主進步黨,
臺南市永康區三合里,115/09/02,葉鴻娥,無,
臺南市永康區三合里,115/09/02,張碧芸,無,
臺南市永康區東橋里,115/09/04,王怡舜,無,
臺南市永康區安康里,115/09/01,王君哲,無,
臺南市永康區西橋里,115/09/01,黃明同,無,
臺南市永康區西橋里,115/09/02,黃博和,無,
臺南市永康區尚頂里,115/08/31,沈水應,無,
臺南市永康區尚頂里,115/09/02,黃浩修,無,
臺南市永康區尚頂里,115/09/02,邱子龍,無,
臺南市永康區尚頂里,115/09/03,周三貴,無,
臺南市永康區復華里,115/09/01,王國書,無,
臺南市永康區復華里,115/09/03,王松俊,無,
臺南市永康區正強里,115/08/31,遊國生,無,
臺南市永康區中華里,115/09/02,林再益,無,
臺南市永康區中華里,115/09/03,王淮銘,無,
臺南市永康區北興里,115/08/31,鄭文生,無,
臺南市永康區龍埔里,115/09/01,沈育濃,無,
臺南市永康區龍埔里,115/09/01,楊里慶,無,
臺南市永康區龍埔里,115/09/02,鄭嘉瑩,中國國民黨,
臺南市永康區永明里,115/09/02,吳深濤,無,
臺南市永康區永明里,115/09/03,王惠燕,無,
臺南市永康區塩興里,115/09/02,鄭進在,無,
臺南市永康區塩興里,115/09/04,蕭佑宸,無,
臺南市東區富裕里,115/09/02,董進龍,無,
臺南市東區裕農里,115/09/02,陳小詩,無,
臺南市東區裕農里,115/09/03,陳良濱,無,
臺南市東區大智里,115/09/01,張哲生,無,
臺南市東區大智里,115/09/02,黃日新,無,
臺南市東區崇學里,115/08/31,陳長提,中國國民黨,
臺南市東區泉南里,115/08/31,洪孟甫,中國國民黨,
臺南市東區仁和里,115/09/01,李苑菁,無,
臺南市東區後甲里,115/08/31,王南寶,中國國民黨,
臺南市東區後甲里,115/09/03,陳振宗,無,
臺南市東區東光里,115/09/03,劉金幸,中國國民黨,
臺南市東區東光里,115/09/03,許文能,無,
臺南市東區新東里,115/09/01,江艷嬪,中國國民黨,
臺南市東區新東里,115/09/02,潘玉淳,無,
臺南市東區中西里,115/08/31,郭信成,無,
臺南市東區中西里,115/09/04,王月香,無,
臺南市東區東安里,115/08/31,劉宗靈,無,
臺南市東區東安里,115/09/01,吳參賢,中國國民黨,
臺南市東區崇明里,115/08/31,李仁慈,無,
臺南市東區崇明里,115/08/31,張自慶,無,
臺南市東區自強里,115/09/02,鄒榮周,無,
臺南市東區自強里,115/09/02,陳震瑋,無,
臺南市東區自強里,115/09/02,魏伊鈴,無,
臺南市東區和平里,115/09/04,洪榮俊,無,
臺南市東區路東里,115/08/31,楊華珍,無,
臺南市東區大德里,115/09/02,黃玉女,無,
臺南市東區大德里,115/09/02,吳震巍,無,
臺南市東區關聖里,115/09/01,杜儀淳,無,
臺南市東區關聖里,115/09/02,鍾秀梅,無,
臺南市東區衛國里,115/09/03,陳盈良,無,
臺南市東區衛國里,115/09/03,陳積慶,無,
臺南市東區崇善里,115/09/02,陳建銘,無,
臺南市東區崇善里,115/09/02,吳文仁,中國國民黨,
臺南市東區富強里,115/09/01,侯信崇,無,
臺南市東區富強里,115/09/02,李寶猜,無,
臺南市東區圍下里,115/08/31,石桂霖,無,
臺南市東區圍下里,115/08/31,李振弘,無,
臺南市東區小東里,115/09/01,余天翔,無,
臺南市東區小東里,115/09/04,黃貫中,無,
臺南市東區大學里,115/08/31,黄荀武,中國國民黨,
臺南市東區龍山里,115/09/02,許福銘,無,
臺南市東區虎尾里,115/09/02,李泓嶢,無,
臺南市東區虎尾里,115/09/04,徐進昇,無,
臺南市東區德高里,115/09/02,蘇秀敏,無,
臺南市東區莊敬里,115/09/01,林志勲,無,
臺南市東區莊敬里,115/09/02,林永俊,無,
臺南市東區大福里,115/09/02,陳錦秀,民主進步黨,
臺南市東區忠孝里,115/09/02,吳清安,無,
臺南市東區忠孝里,115/09/04,蔡孟葦,無,
臺南市東區崇誨里,115/08/31,趙洪芝,中國國民黨,
臺南市東區崇誨里,115/09/01,洪茗謚,無,
臺南市東區崇誨里,115/09/03,俞復湘,無,
臺南市東區崇誨里,115/09/03,章蘭珠,無,
臺南市東區崇誨里,115/09/03,蔣開創,無,
臺南市東區東明里,115/09/03,郭秀琴,無,
臺南市東區東明里,115/09/03,張美月,無,
臺南市東區崇德里,115/08/31,陳福來,中國國民黨,
臺南市東區東智里,115/09/02,劉沁瑜,無,
臺南市東區東聖里,115/09/02,黃英慈,無,
臺南市東區東聖里,115/09/03,胡瑋琦,無,
臺南市東區崇成里,115/09/02,陳文進,中國國民黨,
臺南市東區東門里,115/09/02,劉家銘,無,
臺南市東區東門里,115/09/04,陳憲明,無,
臺南市東區成大里,115/08/31,張歸樵,無,
臺南市東區成大里,115/09/03,夏劍絢,無,
臺南市東區大同里,115/09/01,林東波,無,
臺南市東區大同里,115/09/02,侯雲靚,無,
臺南市東區德光里,115/09/02,宋孟高,無,
臺南市東區德光里,115/09/03,曾國全,中國國民黨,
臺南市東區崇信里,115/09/02,葉輝宏,無,
臺南市東區崇文里,115/09/02,陳冠瑒,中國國民黨,
臺南市東區復興里,115/09/02,陳郭玉指,民主進步黨,
臺南市東區裕聖里,115/09/02,黃姿雅,無,
臺南市東區裕聖里,115/09/04,龍起宏,無,
臺南市東區南聖里,115/08/31,王旭新,無,
臺南市東區南聖里,115/09/03,謝衣容,無,
臺南市東區文聖里,115/09/02,陳珮娟,無,
臺南市東區文聖里,115/09/02,蕭志廷,無,
臺南市東區文聖里,115/09/02,鄭林勝時,無,
臺南市南區竹溪里,115/08/31,曾銘澤,無,
臺南市南區竹溪里,115/09/02,歐承翰,無,
臺南市南區明德里,115/09/02,黃學錦,無,
臺南市南區明德里,115/09/03,陳瑞華,中國國民黨,
臺南市南區大成里,115/09/02,楊世平,無,
臺南市南區大成里,115/09/03,鄭翔文,無,
臺南市南區廣州里,115/09/03,許林麗玉,無,
臺南市南區新昌里,115/08/31,王喬治,民主進步黨,
臺南市南區新昌里,115/09/03,郭志興,無,
臺南市南區新興里,115/09/02,邱志初,民主進步黨,
臺南市南區田寮里,115/09/03,鄭宏源,無,
臺南市南區田寮里,115/09/03,王姸倩,無,
臺南市南區田寮里,115/09/03,鄭文龍,無,
臺南市南區國宅里,115/09/01,史進財,無,
臺南市南區光明里,115/09/02,黃榮籐,無,
臺南市南區光明里,115/09/03,郭柏緯,無,
臺南市南區明亮里,115/09/01,林文輝,無,
臺南市南區明亮里,115/09/02,蘇三柱,民主進步黨,
臺南市南區喜東里,115/09/02,蔡祠重,無,
臺南市南區喜北里,115/09/02,林鴻儒,無,
臺南市南區喜北里,115/09/03,蔡睿家,無,
臺南市南區喜南里,115/08/31,曹和田,無,
臺南市南區省躬里,115/09/02,杜枝文,無,
臺南市南區興農里,115/09/01,陳萬在,無,
臺南市南區興農里,115/09/01,段美珠,無,
臺南市南區同安里,115/09/01,蔡文閔,無,
臺南市南區同安里,115/09/01,林玉崑,無,
臺南市南區佛壇里,115/08/31,葉瑞勇,無,
臺南市南區佛壇里,115/09/01,林寶生,無,
臺南市南區佛壇里,115/09/04,郭惠美,無,
臺南市南區大林里,115/09/04,劉相明,無,
臺南市南區大忠里,115/09/03,許智雄,無,
臺南市南區大恩里,115/09/02,李永發,無,
臺南市南區大恩里,115/09/03,施國熙,無,
臺南市南區新生里,115/08/31,王安國,中國國民黨,
臺南市南區新生里,115/09/02,趙宋世英,中國國民黨,
臺南市南區再興里,115/09/01,黃明仁,民主進步黨,
臺南市南區再興里,115/09/03,吳昇柏,無,
臺南市南區明興里,115/09/02,王俊生,中國國民黨,
臺南市南區明興里,115/09/02,黃耀忠,民主進步黨,
臺南市南區明興里,115/09/02,吳柏毅,無,
臺南市南區文華里,115/09/04,林建榮,無,
臺南市南區文華里,115/09/04,李尚霖,無,
臺南市南區金華里,115/09/02,柯崑城,無,
臺南市南區金華里,115/09/03,黃伏民,無,
臺南市南區南都里,115/09/02,高麗雲,無,
臺南市南區南都里,115/09/02,陳啓祥,無,
臺南市南區開南里,115/09/01,梁坤財,無,
臺南市南區彰南里,115/09/02,吳明達,無,
臺南市南區建南里,115/09/01,郭楠誌,無,
臺南市南區建南里,115/09/01,江勝雄,民主進步黨,
臺南市南區建南里,115/09/02,邱鋅予,無,
臺南市南區郡南里,115/09/02,王全益,民主進步黨,
臺南市南區郡南里,115/09/02,陳品豫,無,
臺南市南區府南里,115/09/02,吳孟柳,中國國民黨,
臺南市南區府南里,115/09/02,林庭瑄,無,
臺南市南區府南里,115/09/03,尤俊銘,無,
臺南市南區府南里,115/09/04,陳進興,無,
臺南市南區文南里,115/08/31,陳清泉,無,
臺南市南區鯤鯓里,115/08/31,陳金江,無,
臺南市南區鯤鯓里,115/09/02,吳宗熙,無,
臺南市南區松安里,115/09/02,黃高能,無,
臺南市南區永寧里,115/09/03,王育貞,無,
臺南市南區南華里,115/09/01,辜福恩,民主進步黨,
臺南市南區鹽埕里,115/09/02,柯進義,民主進步黨,
臺南市南區鹽埕里,115/09/02,蔡進原,無,
臺南市南區鹽埕里,115/09/03,方春雄,無,
臺南市南區鹽埕里,115/09/03,王文坤,無,
臺南市北區開元里,115/08/31,侯國輝,中國國民黨,
臺南市北區開元里,115/09/02,邱美華,民主進步黨,
臺南市北區東興里,115/09/02,王泉尚,無,
臺南市北區力行里,115/08/31,鄭昆福,無,
臺南市北區力行里,115/09/03,周家宏,無,
臺南市北區振興里,115/09/03,侯美惠,無,
臺南市北區仁愛里,115/09/01,吳姿欣,無,
臺南市北區仁愛里,115/09/04,郭宜緁,無,
臺南市北區大豐里,115/09/02,余禮南,民主進步黨,
臺南市北區大豐里,115/09/04,楊隆郡,無,
臺南市北區重興里,115/09/03,鄭林阿雪,無,
臺南市北區重興里,115/09/04,趙品絜,民主進步黨,
臺南市北區和順里,115/09/02,吳杰,無,
臺南市北區和順里,115/09/02,楊佳欣,無,
臺南市北區和順里,115/09/03,雷兆恩,無,
臺南市北區和順里,115/09/03,蕭智元,無,
臺南市北區和順里,115/09/03,黃俊源,無,
臺南市北區正覺里,115/09/03,吳銅吉,民主進步黨,
臺南市北區成功里,115/09/02,鄭景元,民主進步黨,
臺南市北區成功里,115/09/03,葉至翰,無,
臺南市北區文元里,115/09/02,謝雅真,無,
臺南市北區文元里,115/09/03,吳春美,民主進步黨,
臺南市北區文元里,115/09/04,李承軒,無,
臺南市北區大港里,115/08/31,黃良賢,無,
臺南市北區大港里,115/09/04,黃文婷,無,
臺南市北區中樓里,115/09/01,楊政衡,中國國民黨,
臺南市北區公園里,115/08/31,洪百秀,無,
臺南市北區公園里,115/09/01,張米足,無,
臺南市北區公園里,115/09/02,徐獻謙,無,
臺南市北區公園里,115/09/02,吳威德,無,
臺南市北區元寶里,115/08/31,蔡承翰,無,
臺南市北區元寶里,115/08/31,黃佑琪,無,
臺南市北區元寶里,115/09/02,許大衛,無,
臺南市北區元寶里,115/09/04,李文豪,無,
臺南市北區永祥里,115/09/02,李青春,無,
臺南市北區永祥里,115/09/03,高凱旋,無,
臺南市北區成德里,115/08/31,李東源,無,
臺南市北區成德里,115/09/02,王登炎,無,
臺南市北區文成里,115/09/01,鄭智化,無,
臺南市北區文成里,115/09/02,蘇來椿,民主進步黨,
臺南市北區大和里,115/09/03,陳美惠,無,
臺南市北區賢北里,115/09/02,王邑捷,無,
臺南市北區賢北里,115/09/02,黃富得,民主進步黨,
臺南市北區長勝里,115/09/02,吳澐晏,中國國民黨,
臺南市北區合興里,115/09/03,吳承芳,無,
臺南市北區北門里,115/09/04,許雅晴,無,
臺南市北區小北里,115/09/02,謝水泉,民主進步黨,
臺南市北區大光里,115/09/01,夏文君,無,
臺南市北區大光里,115/09/02,吳坤福,無,
臺南市北區大光里,115/09/04,張博明,無,
臺南市北區大興里,115/08/31,黃文宗,無,
臺南市北區長興里,115/08/31,廖美鈴,無,
臺南市北區長興里,115/09/02,李茂德,無,
臺南市北區北華里,115/09/03,王黃春子,無,
臺南市北區華德里,115/09/01,宋建隆,無,
臺南市北區華德里,115/09/04,陳俞安,無,
臺南市北區福德里,115/09/02,林勝緞,無,
臺南市北區立人里,115/09/03,陳春津,無,
臺南市北區立人里,115/09/04,蔡岳廷,無,
臺南市北區雙安里,115/09/01,鄭詠心,無,
臺南市北區雙安里,115/09/02,簡鴻祐,無,
臺南市北區雙安里,115/09/02,周志展,無,
臺南市北區雙安里,115/09/03,王發科,無,
臺南市北區元美里,115/09/03,侯喬蓁,民主進步黨,
臺南市安南區東和里,115/09/02,曾靖凱,無,
臺南市安南區安順里,115/08/31,林佳偉,無,
臺南市安南區安順里,115/09/02,陳進明,無,
臺南市安南區,115/09/02,蘇龍池,無,
臺南市安南區,115/09/02,林同寳,無,
臺南市安南區州南里,115/09/02,劉坤記,無,
臺南市安南區州南里,115/09/02,涂文財,無,
臺南市安南區州南里,115/09/02,王志銘,中國國民黨,
臺南市安南區州北里,115/08/31,康瀚仁,無,
臺南市安南區安東里,115/09/02,吳佳芳,民主進步黨,
臺南市安南區安東里,115/09/02,黃建圖,無,
臺南市安南區安西里,115/08/31,鄭乃誠,民主進步黨,
臺南市安南區安西里,115/09/02,黃文沛,無,
臺南市安南區頂安里,115/09/02,吳勝智,無,
臺南市安南區安慶里,115/09/03,王崑茂,無,
臺南市安南區安慶里,115/09/04,謝昀珊,無,
臺南市安南區新順里,115/08/31,陳賈,無,
臺南市安南區新順里,115/09/01,陳惠菊,無,
臺南市安南區原佃里,115/09/02,莊國隆,無,
臺南市安南區總頭里,115/08/31,蔡忠明,無,
臺南市安南區總頭里,115/09/03,鄭榮仕,無,
臺南市安南區長安里,115/09/02,鄭銘學,無,
臺南市安南區公親里,115/08/31,王金樹,無,
臺南市安南區海東里,115/08/31,郭東勛,無,
臺南市安南區海西里,115/09/02,邱坤煌,無,
臺南市安南區海西里,115/09/03,吳威誠,無,
臺南市安南區海南里,115/09/01,陳金魚,無,
臺南市安南區海南里,115/09/02,呂進財,無,
臺南市安南區海南里,115/09/04,蔡冺羲,無,
臺南市安南區溪心里,115/08/31,吳瑞昆,無,
臺南市安南區溪心里,115/08/31,莊佳憲,無,
臺南市安南區溪心里,115/09/02,劉澤民,無,
臺南市安南區塩田里,115/08/31,謝博勳,無,
臺南市安南區塩田里,115/09/02,朱小蓮,無,
臺南市安南區淵東里,115/09/02,黃旺根,民主進步黨,
臺南市安南區淵東里,115/09/03,廖國權,無,
臺南市安南區淵東里,115/09/03,韓尚諭,無,
臺南市安南區淵西里,115/08/31,黃奉暲,無,
臺南市安南區淵西里,115/08/31,黃子育,無,
臺南市安南區淵西里,115/08/31,陳惠萍,無,
臺南市安南區淵西里,115/09/02,黃鈺閔,無,
臺南市安南區淵西里,115/09/03,王建盛,無,
臺南市安南區佃東里,115/09/01,程全祿,無,
臺南市安南區佃西里,115/09/02,高進見,無,
臺南市安南區佃西里,115/09/04,黃靜宜,無,
臺南市安南區,115/09/01,林宏男,無,
臺南市安南區南興里,115/08/31,施柏男,無,
臺南市安南區南興里,115/09/04,施昆池,無,
臺南市安南區學東里,115/09/02,黃南忠,無,
臺南市安南區城東里,115/09/01,郭峻民,無,
臺南市安南區城北里,115/09/02,郭昆財,無,
臺南市安南區城中里,115/09/02,郭美惠,無,
臺南市安南區城中里,115/09/03,王柏森,無,
臺南市安南區城南里,115/09/02,蔡清龍,無,
臺南市安南區城南里,115/09/02,蔡炳輝,無,
臺南市安南區城西里,115/09/01,唐意婷,無,
臺南市安南區城西里,115/09/02,嚴文正,無,
臺南市安南區城西里,115/09/02,陳國忠,無,
臺南市安南區青草里,115/08/31,魏武雄,無,
臺南市安南區青草里,115/09/01,郭深明,無,
臺南市安南區砂崙里,115/09/02,陳泰豐,無,
臺南市安南區鹿耳里,115/09/02,蕭琮憲,無,
臺南市安南區四草里,115/09/02,王秋萍,無,
臺南市安南區安和里,115/09/02,郭榮珍,無,
臺南市安南區安和里,115/09/02,江宗穎,無,
臺南市安南區溪北里,115/09/01,黃宏泰,無,
臺南市安南區溪北里,115/09/01,陳信志,無,
臺南市安南區溪北里,115/09/02,李明垂,無,
臺南市安南區溪北里,115/09/02,黃美蓉,無,
臺南市安南區溪北里,115/09/03,許瑞芳,無,
臺南市安南區溪頂里,115/09/03,施建安,無,
臺南市安南區溪頂里,115/09/04,陳小菁,無,
臺南市安南區溪墘里,115/09/02,蕭旭峰,民主進步黨,
臺南市安南區海佃里,115/08/31,陳輝勝,無,
臺南市安南區海佃里,115/08/31,許燕山,無,
臺南市安南區海佃里,115/08/31,郭怡君,無,
臺南市安南區海佃里,115/09/02,邱信榮,無,
臺南市安南區幸福里,115/09/02,凃錦綢,無,
臺南市安南區鳳凰里,115/09/02,施文瑞,無,
臺南市安南區梅花里,115/09/02,林思萍,無,
臺南市安南區理想里,115/09/02,吳銘錡,無,
臺南市安南區理想里,115/09/03,陳綵汝,無,
臺南市安南區溪東里,115/09/02,林清遙,無,
臺南市安南區淵中里,115/08/31,吳孟忠,無,
臺南市安南區布袋里,115/09/02,陳明堂,無,
臺南市安南區布袋里,115/09/04,姜吉成,無,
臺南市安南區國安里,115/08/31,陳蓓楨,民主進步黨,
臺南市安南區國安里,115/09/01,林楷洺,無,
臺南市安南區國安里,115/09/02,吳清標,無,
臺南市安南區安富里,115/09/02,翁健倫,無,
臺南市安南區安富里,115/09/02,王俊斌,民主進步黨,
臺南市安南區安富里,115/09/03,陳建帆,無,
臺南市安南區大安里,115/08/31,廖玉菁,無,
臺南市安南區大安里,115/09/02,陳瑞賀,民主進步黨,
臺南市安南區大安里,115/09/02,施育誠,無,
臺南市安南區媽祖宮里,115/08/31,林志英,無,
臺南市安南區媽祖宮里,115/09/01,林嘉寶,無,
臺南市安平區金城里,115/09/01,楊凱閎,無,
臺南市安平區金城里,115/09/02,歐育誠,無,
臺南市安平區金城里,115/09/02,洪瑋隆,無,
臺南市安平區漁光里,115/09/03,林寧峰,無,
臺南市安平區建平里,115/09/01,傅建峰,無,
臺南市安平區怡平里,115/09/02,蔡錦庭,無,
臺南市安平區華平里,115/09/01,翁名陽,無,
臺南市安平區華平里,115/09/02,李文江,民主進步黨,
臺南市安平區華平里,115/09/02,張哲賓,無,
臺南市安平區華平里,115/09/03,吳森源,台灣民眾黨,
臺南市安平區平通里,115/09/02,魏富翔,無,
臺南市安平區平通里,115/09/02,李秀珀,民主進步黨,
臺南市安平區文平里,115/09/02,李瑞福,民主進步黨,
臺南市安平區國平里,115/09/03,蔡明宏,無,
臺南市安平區國平里,115/09/04,胡晴柔,無,
臺南市安平區育平里,115/09/01,王鴻道,無,
臺南市安平區育平里,115/09/03,王國信,無,
臺南市安平區億載里,115/09/03,鄭聰維,無,
臺南市安平區平安里,115/09/02,蔡陳阿麗,無,
臺南市安平區平安里,115/09/02,蔣雅文,無,
臺南市安平區天妃里,115/08/31,周明財,無,
臺南市安平區王城里,115/08/31,何文振,無,
臺南市安平區王城里,115/09/01,謝王美玲,無,
臺南市安平區王城里,115/09/02,周信安,無,
臺南市安平區王城里,115/09/02,黃景星,民主進步黨,
臺南市安平區王城里,115/09/02,林敏玉,無,
臺南市安平區王城里,115/09/02,陳柔樺,無,
臺南市安平區王城里,115/09/03,陳虹宜,無,
臺南市中西區赤嵌里,115/08/31,陳永菁,無,
臺南市中西區赤嵌里,115/09/03,張耕華,無,
臺南市中西區郡王里,115/08/31,陳建宇,無,
臺南市中西區法華里,115/09/04,許省盛,無,
臺南市中西區法華里,115/09/04,吳育融,無,
臺南市中西區開山里,115/09/04,呂基正,無,
臺南市中西區永華里,115/09/03,鄭雀燕,無,
臺南市中西區藥王里,115/08/31,邱彌文,無,
臺南市中西區光賢里,115/09/03,洪金安,無,
臺南市中西區大涼里,115/09/04,陳香君,無,
臺南市中西區西湖里,115/08/31,陳中海,無,
臺南市中西區西湖里,115/09/03,柯茂全,無,
臺南市中西區西賢里,115/09/02,黃聖凱,無,
臺南市中西區城隍里,115/09/01,李明達,無,
臺南市中西區城隍里,115/09/04,曾景亮,無,
臺南市中西區南美里,115/08/31,陳姿吟,民主進步黨,
臺南市中西區南美里,115/08/31,曾朝欽,中國國民黨,
臺南市中西區南門里,115/09/03,陳俊傑,無,
臺南市中西區南門里,115/09/03,蘇雅子,中國國民黨,
臺南市中西區小西門里,115/08/31,曾俊仁,民主進步黨,
臺南市中西區小西門里,115/08/31,陳俊江,無,
臺南市中西區小西門里,115/09/01,王佑文,無,
臺南市中西區五條港里,115/08/31,沈廉哲,無,
臺南市中西區兌悅里,115/08/31,王健華,無,
臺南市中西區兌悅里,115/09/04,曾雅志,無,
臺南市中西區淺草里,115/08/31,陳建國,民主進步黨,
臺南市中西區淺草里,115/09/02,洪梓傑,無,
臺南市中西區府前里,115/08/31,蔡宗明,中國國民黨,
臺南市中西區府前里,115/09/02,劉至剛,無,
臺南市中西區南廠里,115/09/02,黃宗偉,無,
臺南市中西區南廠里,115/09/02,蘇佩瑜,民主進步黨,
臺南市中西區南廠里,115/09/02,陳柏仁,無,
臺南市中西區南廠里,115/09/03,許伊萍,無,
臺南市中西區南廠里,115/09/03,陳佳寶,無,
臺南市中西區西和里,115/09/02,廖昇英,無,
高雄市鹽埕區藍橋里,115/08/31,陳本興,中國國民黨,
高雄市鹽埕區藍橋里,115/09/02,張瀚文,無,
高雄市鹽埕區壽星里,115/09/01,林哲民,無,
高雄市鹽埕區壽星里,115/09/02,黃強,無,
高雄市鹽埕區中山里,115/09/01,易明忠,無,
高雄市鹽埕區中山里,115/09/03,謝明旺,無,
高雄市鹽埕區教仁里,115/09/02,高陳文玲,無,
高雄市鹽埕區教仁里,115/09/02,許富仁,無,
高雄市鹽埕區新樂里,115/09/01,黃昭翔,無,
高雄市鹽埕區中原里,115/08/31,洪玄志,民主進步黨,
高雄市鹽埕區中原里,115/09/03,蔡崇銘,無,
高雄市鹽埕區光明里,115/09/01,葛吉雄,無,
高雄市鹽埕區育仁里,115/09/01,葛有力,無,
高雄市鹽埕區河濱里,115/08/31,林德松,無,
高雄市鹽埕區沙地里,115/08/31,高健財,無,
高雄市鹽埕區南端里,115/08/31,許瓊月,無,
高雄市鹽埕區南端里,115/09/04,陳清標,無,
高雄市鹽埕區港都里,115/09/02,謝肇基,無,
高雄市鹽埕區港都里,115/09/02,邱誌雲,民主進步黨,
高雄市鹽埕區江西里,115/09/04,鄭錫國,無,
高雄市鹽埕區新豐里,115/08/31,郭蘇元,無,
高雄市鹽埕區新豐里,115/09/02,吳其昌,無,
高雄市鹽埕區府北里,115/08/31,莊世權,無,
高雄市鹽埕區府北里,115/09/02,葉傑成,司法改革黨,
高雄市鹽埕區府北里,115/09/02,林傳富,民主進步黨,
高雄市鹽埕區府北里,115/09/04,賴建全,無,
高雄市鹽埕區陸橋里,115/09/02,鄭正敏,無,
高雄市鹽埕區陸橋里,115/09/02,許梅娟,無,
高雄市鹽埕區瀨南里,115/08/31,邱有洧,無,
高雄市鹽埕區新化里,115/09/02,夏麗鳳,無,
高雄市鹽埕區江南里,115/09/02,胡耀仁,無,
高雄市鹽埕區江南里,115/09/02,蔡德龍,民主進步黨,
高雄市鹽埕區北端里,115/08/31,呂佳穎,無,
高雄市鹽埕區北端里,115/09/02,林哲弘,民主進步黨,
高雄市鹽埕區北端里,115/09/02,黃鳳,無,
高雄市鼓山區鼓峰里,115/09/02,閔愛馨,無,
高雄市鼓山區鼓峰里,115/09/03,麥克士,中國國民黨,
高雄市鼓山區雄峰里,115/09/02,楊惠茵,中國國民黨,
高雄市鼓山區雄峰里,115/09/04,李建中,無,
高雄市鼓山區前峰里,115/09/02,盧明惠,中國國民黨,
高雄市鼓山區光榮里,115/08/31,鐘麗琴,無,
高雄市鼓山區光榮里,115/08/31,謝詠在,無,
高雄市鼓山區光榮里,115/09/01,葉文朗,民主進步黨,
高雄市鼓山區民族里,115/09/03,朱春木,中國國民黨,
高雄市鼓山區內惟里,115/08/31,林進發,無,
高雄市鼓山區內惟里,115/09/03,林永坤,無,
高雄市鼓山區建國里,115/09/01,林福祥,無,
高雄市鼓山區建國里,115/09/03,李仁宗,無,
高雄市鼓山區忠正里,115/08/31,何克振,無,
高雄市鼓山區忠正里,115/09/02,張裕和,無,
高雄市鼓山區忠正里,115/09/02,林姵縈,無,
高雄市鼓山區忠正里,115/09/02,詹陳秀春,無,
高雄市鼓山區自強里,115/08/31,方紹義,中國國民黨,
高雄市鼓山區自強里,115/09/02,蕭道宗,無,
高雄市鼓山區自強里,115/09/04,陳姝吟,無,
高雄市鼓山區龍井里,115/08/31,周明吉,無,
高雄市鼓山區龍井里,115/09/02,顏富成,無,
高雄市鼓山區龍井里,115/09/02,蔡淑貞,無,
高雄市鼓山區正德里,115/08/31,朱榮俊,中國國民黨,
高雄市鼓山區平和里,115/09/02,陳玉芳,民主進步黨,
高雄市鼓山區平和里,115/09/02,歐長雄,無,
高雄市鼓山區平和里,115/09/03,朱怡妃,無,
高雄市鼓山區民強里,115/08/31,朱田江,無,
高雄市鼓山區民強里,115/09/02,歐華美,無,
高雄市鼓山區厚生里,115/08/31,韓在為,無,
高雄市鼓山區厚生里,115/09/02,歐瑞清,無,
高雄市鼓山區龍子里,115/08/31,蘇彥傑,無,
高雄市鼓山區龍子里,115/09/03,曾偉修,無,
高雄市鼓山區明誠里,115/09/02,胡景森,中國國民黨,
高雄市鼓山區華豐里,115/09/02,黃明洲,中國國民黨,
高雄市鼓山區華豐里,115/09/03,張家馨,無,
高雄市鼓山區裕興里,115/09/03,曾榮發,中國國民黨,
高雄市鼓山區裕豐里,115/09/02,周恆功,中國國民黨,
高雄市鼓山區裕豐里,115/09/02,呂睿瑜,無,
高雄市鼓山區鼓岩里,115/09/02,彭志文,民主進步黨,
高雄市鼓山區鼓岩里,115/09/03,方國智,無,
高雄市鼓山區樹德里,115/08/31,黃武田,無,
高雄市鼓山區寶樹里,115/08/31,王登科,無,
高雄市鼓山區興宗里,115/09/03,陳韋全,無,
高雄市鼓山區興宗里,115/09/04,張雅琪,無,
高雄市鼓山區光化里,115/08/31,周國城,無,
高雄市鼓山區光化里,115/09/02,陳宏泰,無,
高雄市鼓山區山下里,115/09/03,杜文瑞,中國國民黨,
高雄市鼓山區山下里,115/09/03,李美雲,無,
高雄市鼓山區河邊里,115/09/02,李東璋,無,
高雄市鼓山區河邊里,115/09/02,曾茂信,中國國民黨,
高雄市鼓山區綠川里,115/09/02,郭國華,無,
高雄市鼓山區綠川里,115/09/03,陳家豪,無,
高雄市鼓山區登山里,115/09/02,許永堃,無,
高雄市鼓山區峰南里,115/09/03,王宋金花,中國國民黨,
高雄市鼓山區麗興里,115/09/01,王志斌,無,
高雄市鼓山區新民里,115/09/02,洪宗郁,無,
高雄市鼓山區新民里,115/09/02,任振民,無,
高雄市鼓山區延平里,115/09/03,洪蔡愛玉,無,
高雄市鼓山區延平里,115/09/03,阮伊裘,無,
高雄市鼓山區維生里,115/08/31,陳貞文,無,
高雄市鼓山區惠安里,115/09/02,洪進成,無,
高雄市鼓山區壽山里,115/09/02,陳明珠,民主進步黨,
高雄市鼓山區哨船頭里,115/08/31,陳永清,無,
高雄市鼓山區哨船頭里,115/09/03,楊宗正,無,
高雄市鼓山區桃源里,115/09/02,李慶賢,無,
高雄市鼓山區南美術館里,115/09/02,初文琪,無,
高雄市鼓山區南美術館里,115/09/04,周婉霖,中國國民黨,
高雄市鼓山區北美術館里,115/09/02,初學霖,民主進步黨,
高雄市鼓山區北美術館里,115/09/02,陳晉廷,中國國民黨,
高雄市左營區進學里,115/08/31,洪慧禎,無,
高雄市左營區進學里,115/09/02,曹順雄,無,
高雄市左營區尾西里,115/08/31,郭錦彬,無,
高雄市左營區頂北里,115/08/31,詹正國,無,
高雄市左營區頂北里,115/09/03,陳王金英,無,
高雄市左營區中北里,115/08/31,蔣金守,無,
高雄市左營區中北里,115/09/02,謝瑞真,無,
高雄市左營區廟東里,115/09/02,謝惠娟,無,
高雄市左營區廟北里,115/09/02,蘇進雄,無,
高雄市左營區廟北里,115/09/03,葉長成,無,
高雄市左營區廟北里,115/09/04,蘇建誌,無,
高雄市左營區尾南里,115/09/02,李志強,無,
高雄市左營區尾南里,115/09/03,林玉婕,無,
高雄市左營區尾南里,115/09/04,郭哲綸,無,
高雄市左營區尾北里,115/09/02,柯錦德,中國國民黨,
高雄市左營區尾北里,115/09/02,許享福,無,
高雄市左營區屏山里,115/08/31,吳榮秀,中國國民黨,
高雄市左營區屏山里,115/09/03,劉德文,中國國民黨,
高雄市左營區永清里,115/08/31,郭鎮國,中國國民黨,
高雄市左營區莒光里,115/08/31,李志傑,無,
高雄市左營區莒光里,115/09/02,柯麗枝,中國國民黨,
高雄市左營區莒光里,115/09/03,劉育杰,無,
高雄市左營區光輝里,115/09/03,傅琪隆,中國國民黨,
高雄市左營區合群里,115/08/31,周遷,無,
高雄市左營區合群里,115/09/02,倪同慧,中國國民黨,
高雄市左營區明建里,115/09/02,顏靜玉,無,
高雄市左營區頂西里,115/08/31,方秀娟,民主進步黨,
高雄市左營區頂西里,115/09/01,李宛儒,無,
高雄市左營區聖后里,115/09/02,裴天成,無,
高雄市左營區城南里,115/09/02,謝金得,無,
高雄市左營區路東里,115/09/02,黃秀綢,無,
高雄市左營區路東里,115/09/03,楊永春,無,
高雄市左營區埤西里,115/08/31,余清榮,無,
高雄市左營區埤西里,115/09/03,李岱螢,無,
高雄市左營區埤北里,115/09/01,李復慶,無,
高雄市左營區埤北里,115/09/02,金輔財,無,
高雄市左營區埤北里,115/09/04,林忠男,無,
高雄市左營區埤東里,115/08/31,陳中長,無,
高雄市左營區埤東里,115/09/02,鄒秀華,中國國民黨,
高雄市左營區海勝里,115/08/31,梁西榮,中國國民黨,
高雄市左營區崇實里,115/08/31,李緯祥,無,
高雄市左營區崇實里,115/09/02,李玥蓁,無,
高雄市左營區崇實里,115/09/03,邱信宏,無,
高雄市左營區崇實里,115/09/04,吳武雄,無,
高雄市左營區自助里,115/09/02,劉淯騰,無,
高雄市左營區自助里,115/09/03,王盈貴,無,
高雄市左營區果貿里,115/09/02,何達德,中國國民黨,
高雄市左營區果貿里,115/09/04,張新旻,中國國民黨,
高雄市左營區果惠里,115/09/02,鄭夙雅,無,
高雄市左營區果惠里,115/09/03,許競文,中國國民黨,
高雄市左營區果峰里,115/09/02,曾瑞水,中國國民黨,
高雄市左營區新下里,115/08/31,黃慶德,中國國民黨,
高雄市左營區新上里,115/09/02,程志超,無,
高雄市左營區新上里,115/09/02,王櫻樺,中國國民黨,
高雄市左營區新中里,115/08/31,黃昱誌,無,
高雄市左營區新光里,115/08/31,方馨敏,民主進步黨,
高雄市左營區新光里,115/09/01,黃麗純,中國國民黨,
高雄市左營區菜公里,115/08/31,王振華,中國國民黨,
高雄市左營區福山里,115/08/31,鄭祺寶,民主進步黨,
高雄市左營區福山里,115/09/01,謝印順,無,
高雄市左營區福山里,115/09/02,黃國增,中國國民黨,
高雄市左營區福愛里,115/09/04,陳榆臻,中國國民黨,
高雄市左營區福華里,115/08/31,劉品茵,民主進步黨,
高雄市左營區福華里,115/09/03,卜憲威,中國國民黨,
高雄市左營區福榮里,115/09/03,陳秉義,無,
高雄市左營區福榮里,115/09/04,黃彥森,無,
高雄市左營區福榮里,115/09/04,萬春賢,中國國民黨,
高雄市左營區新超里,115/08/31,王姿文,民主進步黨,
高雄市左營區新超里,115/09/01,黃森煌,無,
高雄市左營區新超里,115/09/02,黃坤騰,中國國民黨,
高雄市左營區新超里,115/09/02,陳威光,中國國民黨,
高雄市左營區新超里,115/09/03,許琮浩,無,
高雄市左營區菜福里,115/08/31,塗慧宜,無,
高雄市左營區菜福里,115/08/31,徐召錡,中國國民黨,
高雄市左營區菜福里,115/08/31,朱冠奕,民主進步黨,
高雄市左營區高鐵里,115/08/31,黃瑋樺,中國國民黨,
高雄市左營區高鐵里,115/08/31,黃培柔,民主進步黨,
高雄市左營區高鐵里,115/09/02,林芯羽,無,
高雄市左營區廍後里,115/09/02,陳美惠,無,
高雄市左營區崇聖里,115/08/31,黃宏富,無,
高雄市左營區崇聖里,115/09/02,陳勇利,無,
高雄市楠梓區清豐里,115/09/02,劉曜陞,無,
高雄市楠梓區清豐里,115/09/03,戴佑東,無,
高雄市楠梓區東寧里,115/09/02,蘇吳錦秀,無,
高雄市楠梓區五常里,115/09/03,曾榮璋,無,
高雄市楠梓區享平里,115/09/03,陳顯能,無,
高雄市楠梓區中陽里,115/08/31,李添發,無,
高雄市楠梓區中陽里,115/09/01,林昆城,無,
高雄市楠梓區惠楠里,115/09/02,張珮榕,無,
高雄市楠梓區惠楠里,115/09/03,曾馨慧,無,
高雄市楠梓區惠楠里,115/09/03,劉素棉,無,
高雄市楠梓區惠民里,115/08/31,張淑分,無,
高雄市楠梓區惠民里,115/09/02,劉權洲,無,
高雄市楠梓區惠豐里,115/08/31,張翼麟,無,
高雄市楠梓區惠豐里,115/09/02,黃意玲,無,
高雄市楠梓區錦屏里,115/09/01,蔡甲庚,無,
高雄市楠梓區錦屏里,115/09/03,林美珍,無,
高雄市楠梓區玉屏里,115/09/02,洪千雅,無,
高雄市楠梓區金田里,115/09/01,邱世宗,無,
高雄市楠梓區稔田里,115/09/03,黃淑華,無,
高雄市楠梓區稔田里,115/09/03,黃啓源,無,
高雄市楠梓區瑞屏里,115/08/31,郭進和,無,
高雄市楠梓區翠屏里,115/09/01,鍾昀燕,無,
高雄市楠梓區翠屏里,115/09/02,吳永晨,無,
高雄市楠梓區翠屏里,115/09/04,陳文治,無,
高雄市楠梓區翠屏里,115/09/04,于尚薰,無,
高雄市楠梓區宏毅里,115/09/02,李國豪,無,
高雄市楠梓區宏毅里,115/09/03,馮靖絨,無,
高雄市楠梓區宏榮里,115/09/02,陳宏榮,中國國民黨,
高雄市楠梓區宏榮里,115/09/04,許經緯,無,
高雄市楠梓區廣昌里,115/08/31,彭昌華,無,
高雄市楠梓區廣昌里,115/09/02,蔡文東,無,
高雄市楠梓區久昌里,115/08/31,陳佳君,無,
高雄市楠梓區久昌里,115/09/02,賴秋蘭,無,
高雄市楠梓區久昌里,115/09/04,辜清桐,無,
高雄市楠梓區大昌里,115/09/02,戴嘉育,無,
高雄市楠梓區大昌里,115/09/02,盧啓川,無,
高雄市楠梓區福昌里,115/09/02,張育綺,無,
高雄市楠梓區盛昌里,115/08/31,李再生,中國國民黨,
高雄市楠梓區盛昌里,115/09/02,杜炎明,無,
高雄市楠梓區盛昌里,115/09/04,吳振義,無,
高雄市楠梓區泰昌里,115/08/31,鄭嘉平,中國國民黨,
高雄市楠梓區泰昌里,115/09/04,江宗謄,無,
高雄市楠梓區泰昌里,115/09/04,林榮章,無,
高雄市楠梓區興昌里,115/09/02,藍李九寳,中國國民黨,
高雄市楠梓區建昌里,115/09/02,曾讚義,中國國民黨,
高雄市楠梓區宏昌里,115/08/31,馬興駿,無,
高雄市楠梓區宏昌里,115/09/02,劉秀桃,無,
高雄市楠梓區和昌里,115/09/03,周海玲,無,
高雄市楠梓區和昌里,115/09/03,郭其峰,無,
高雄市楠梓區慶昌里,115/09/02,陳玉梅,中國國民黨,
高雄市楠梓區隆昌里,115/09/01,吳育旺,無,
高雄市楠梓區隆昌里,115/09/02,蔡淑貞,中國國民黨,
高雄市楠梓區隆昌里,115/09/02,徐愛琳,無,
高雄市楠梓區秀昌里,115/09/01,張明全,中國國民黨,
高雄市楠梓區裕昌里,115/09/03,郭明勲,無,
高雄市楠梓區國昌里,115/09/03,王碩鴻,無,
高雄市楠梓區國昌里,115/09/03,陳健成,無,
高雄市楠梓區加昌里,115/09/02,黃顏桂羚,民主進步黨,
高雄市楠梓區加昌里,115/09/03,蔡永政,無,
高雄市楠梓區加昌里,115/09/03,劉秀英,無,
高雄市楠梓區仁昌里,115/09/02,王永坤,中國國民黨,
高雄市楠梓區藍田里,115/08/31,謝坤易,民主進步黨,
高雄市楠梓區藍田里,115/09/04,鍾和穎,中國國民黨,
高雄市楠梓區藍田里,115/09/04,李國銘,無,
高雄市楠梓區藍田里,115/09/04,郭怡秀,無,
高雄市楠梓區中興里,115/09/01,黃朝吉,無,
高雄市楠梓區中和里,115/08/31,李東宇,無,
高雄市楠梓區清翔里,115/08/31,林淙隆,無,
高雄市楠梓區清翔里,115/09/02,李沂霈,無,
高雄市楠梓區清翔里,115/09/02,謝靜嫺,無,
高雄市楠梓區清翔里,115/09/02,戴朝鵬,無,
高雄市楠梓區清翔里,115/09/03,許志聆,無,
高雄市三民區鼎金里,115/09/03,高豐麟,無,
高雄市三民區鼎盛里,115/09/01,謝有清,民主進步黨,
高雄市三民區鼎盛里,115/09/02,辜保源,無,
高雄市三民區鼎強里,115/08/31,湯瓊珍,無,
高雄市三民區鼎強里,115/09/01,林子誠,無,
高雄市三民區鼎強里,115/09/03,林維詰,無,
高雄市三民區鼎強里,115/09/04,劉貴㨗,無,
高雄市三民區鼎力里,115/09/02,黃美惠,無,
高雄市三民區鼎力里,115/09/02,陳春領,無,
高雄市三民區鼎力里,115/09/04,劉峻廷,無,
高雄市三民區鼎西里,115/08/31,姚素眞,民主進步黨,
高雄市三民區鼎西里,115/09/02,朱朝興,無,
高雄市三民區鼎西里,115/09/02,張正二,無,
高雄市三民區鼎西里,115/09/04,高至成,無,
高雄市三民區鼎西里,115/09/04,林沛潔,無,
高雄市三民區鼎中里,115/08/31,李水發,無,
高雄市三民區鼎泰里,115/08/31,張吉雄,無,
高雄市三民區鼎泰里,115/09/02,呂熒騏,無,
高雄市三民區鼎泰里,115/09/02,廖孟才,無,
高雄市三民區本館里,115/08/31,王惠誼,無,
高雄市三民區本館里,115/09/02,簡明鎮,無,
高雄市三民區本館里,115/09/02,朱淑珍,無,
高雄市三民區本和里,115/09/02,陳文旗,無,
高雄市三民區本和里,115/09/02,王正華,無,
高雄市三民區本和里,115/09/03,黃昱智,無,
高雄市三民區本文里,115/08/31,陳拓,無,
高雄市三民區本文里,115/09/02,李玉凰,無,
高雄市三民區本武里,115/09/02,蔡天和,無,
高雄市三民區本武里,115/09/02,吳阿吉,民主進步黨,
高雄市三民區本武里,115/09/02,林志諺,無,
高雄市三民區本元里,115/09/01,吳朝桂,無,
高雄市三民區本元里,115/09/03,沈建宏,無,
高雄市三民區本安里,115/08/31,趙國義,無,
高雄市三民區本安里,115/09/01,張玉琴,中國國民黨,
高雄市三民區本安里,115/09/02,林輝桓,無,
高雄市三民區本上里,115/09/03,詹鶴,無,
高雄市三民區本揚里,115/08/31,陳證閎,無,
高雄市三民區本揚里,115/08/31,侯素真,無,
高雄市三民區本揚里,115/09/02,蘇永樹,無,
高雄市三民區本揚里,115/09/02,楊勇慶,無,
高雄市三民區寶獅里,115/09/01,林昆明,無,
高雄市三民區寶德里,115/09/03,潘進派,民主進步黨,
高雄市三民區寶德里,115/09/04,盧錦樹,無,
高雄市三民區寶泰里,115/09/02,黃仲霖,無,
高雄市三民區寶興里,115/08/31,許慶銘,無,
高雄市三民區寶興里,115/09/03,張真榮,無,
高雄市三民區寶中里,115/09/01,陳木火,無,
高雄市三民區寶中里,115/09/02,任憲慶,中國國民黨,
高雄市三民區寶華里,115/08/31,葉護賓,無,
高雄市三民區寶華里,115/09/02,李清樺,無,
高雄市三民區寶國里,115/09/03,黃兆華,無,
高雄市三民區寶國里,115/09/04,盧鴻楠,無,
高雄市三民區寶民里,115/09/02,陳詩椿,無,
高雄市三民區寶慶里,115/08/31,藍元夆,無,
高雄市三民區寶慶里,115/09/03,陳昱昌,無,
高雄市三民區寶慶里,115/09/03,張全仁,無,
高雄市三民區寶業里,115/08/31,林煥然,無,
高雄市三民區寶盛里,115/09/01,石淑貞,民主進步黨,
高雄市三民區寶盛里,115/09/02,任天霸,無,
高雄市三民區寶安里,115/09/03,曾俊璋,無,
高雄市三民區寶安里,115/09/04,黃柏澤,無,
高雄市三民區寶龍里,115/09/02,余采燕,無,
高雄市三民區寶龍里,115/09/03,黃美琴,無,
高雄市三民區寶珠里,115/08/31,張忠厚,中國國民黨,
高雄市三民區寶珠里,115/08/31,陳榮增,民主進步黨,
高雄市三民區寶珠里,115/09/02,郭伊萍,無,
高雄市三民區寶玉里,115/09/02,黃昱椉,無,
高雄市三民區寶玉里,115/09/02,黃永富,無,
高雄市三民區灣子里,115/08/31,謝龍江,無,
高雄市三民區灣子里,115/09/02,方相茗,無,
高雄市三民區灣子里,115/09/04,葉建志,無,
高雄市三民區灣愛里,115/09/01,李永貴,民主進步黨,
高雄市三民區灣愛里,115/09/02,邱清勳,無,
高雄市三民區灣中里,115/09/03,楊宏明,無,
高雄市三民區灣中里,115/09/04,張義德,無,
高雄市三民區灣華里,115/09/01,陳義豐,無,
高雄市三民區灣華里,115/09/02,高素女,中國國民黨,
高雄市三民區灣勝里,115/09/01,陳進賢,無,
高雄市三民區灣勝里,115/09/03,陳金櫃,民主進步黨,
高雄市三民區灣利里,115/09/02,郭峻毅,無,
高雄市三民區灣復里,115/09/02,吳國清,無,
高雄市三民區正興里,115/09/02,王美琳,無,
高雄市三民區正興里,115/09/03,沈秀玲,無,
高雄市三民區正順里,115/09/03,黃冠惠,無,
高雄市三民區灣興里,115/08/31,張文青,無,
高雄市三民區灣興里,115/08/31,陳期芳,無,
高雄市三民區灣興里,115/09/03,李美蓉,無,
高雄市三民區灣成里,115/09/03,陳淑美,無,
高雄市三民區灣成里,115/09/03,黃文良,無,
高雄市三民區安康里,115/09/01,孫聖雄,民主進步黨,
高雄市三民區安寧里,115/09/02,郭展辰,無,
高雄市三民區安寧里,115/09/04,劉承智,無,
高雄市三民區安吉里,115/09/01,王明文,無,
高雄市三民區安吉里,115/09/04,王淑美,無,
高雄市三民區安發里,115/08/31,許峻溢,無,
高雄市三民區安發里,115/09/02,蔡明德,無,
高雄市三民區安東里,115/08/31,解宗龍,無,
高雄市三民區安東里,115/09/02,林添祥,無,
高雄市三民區安和里,115/09/02,傅秋陽,民主進步黨,
高雄市三民區安和里,115/09/03,黃有宏,無,
高雄市三民區達德里,115/09/02,林桂嬌,無,
高雄市三民區達德里,115/09/03,盧瑞成,無,
高雄市三民區達德里,115/09/04,李婌真,無,
高雄市三民區達德里,115/09/04,歐蓁蓁,無,
高雄市三民區達明里,115/09/02,王玉珠,民主進步黨,
高雄市三民區達仁里,115/09/02,邱添富,民主進步黨,
高雄市三民區達勇里,115/09/03,李少緯,無,
高雄市三民區同德里,115/09/01,陳清源,無,
高雄市三民區德智里,115/09/01,邱慧琪,無,
高雄市三民區德智里,115/09/03,李明同,民主進步黨,
高雄市三民區德智里,115/09/04,洪睿驊,無,
高雄市三民區德仁里,115/09/02,黃美珠,無,
高雄市三民區德仁里,115/09/02,袁碧嬌,無,
高雄市三民區安生里,115/09/01,梁燕萍,中小企業團結聯盟,
高雄市三民區安生里,115/09/03,余許淑女,無,
高雄市三民區安生里,115/09/03,淡琬絨,無,
高雄市三民區德東里,115/09/02,許玉秀,無,
高雄市三民區德東里,115/09/02,郭麗香,無,
高雄市三民區德行里,115/09/02,戴進松,無,
高雄市三民區德行里,115/09/02,黃靖婷,無,
高雄市三民區精華里,115/09/04,謝宛諮,無,
高雄市三民區民享里,115/09/03,蔡忠憲,無,
高雄市三民區民享里,115/09/04,吳慶東,民主進步黨,
高雄市三民區安宜里,115/09/03,周黃俊宇,無,
高雄市三民區安宜里,115/09/03,王旺子,無,
高雄市三民區安泰里,115/09/02,謝明學,無,
高雄市三民區安泰里,115/09/02,林姍頤,無,
高雄市三民區安邦里,115/09/03,黃崑山,無,
高雄市三民區十全里,115/08/31,涂瑞榮,無,
高雄市三民區十全里,115/09/03,洪能通,無,
高雄市三民區十美里,115/09/02,蔡灯能,民主進步黨,
高雄市三民區十美里,115/09/02,鐘安立,無,
高雄市三民區德北里,115/09/02,李仁祥,無,
高雄市三民區立誠里,115/09/01,吳昱勳,無,
高雄市三民區立誠里,115/09/04,蔡文豪,無,
高雄市三民區立誠里,115/09/04,陳永進,中國國民黨,
高雄市三民區立業里,115/09/01,陳姵羽,無,
高雄市三民區港東里,115/09/01,張士賢,無,
高雄市三民區港新里,115/09/03,蘇麗玉,無,
高雄市三民區港西里,115/09/01,閩興傳,民主進步黨,
高雄市三民區博愛里,115/09/02,鍾秋美,無,
高雄市三民區博愛里,115/09/02,蔡文誠,無,
高雄市三民區博惠里,115/09/02,洪耀斌,無,
高雄市三民區博惠里,115/09/02,黃玉鄰,民主進步黨,
高雄市三民區博惠里,115/09/02,林哲緯,無,
高雄市三民區長明里,115/09/02,林練丁,中國國民黨,
高雄市三民區長明里,115/09/04,高麗粧,無,
高雄市三民區建東里,115/09/01,陳建藏,無,
高雄市三民區建東里,115/09/04,張美綠,無,
高雄市三民區興德里,115/09/02,蘇美鳳,無,
高雄市三民區興德里,115/09/04,林展鴻,無,
高雄市三民區鳳南里,115/09/04,王進祿,無,
高雄市三民區鳳北里,115/09/01,翁崇文,無,
高雄市三民區德西里,115/08/31,林財旺,無,
高雄市三民區豐裕里,115/08/31,張麗惠,無,
高雄市三民區豐裕里,115/09/02,謝錫元,無,
高雄市三民區川東里,115/09/02,李明海,無,
高雄市三民區裕民里,115/09/03,陳水榮,無,
高雄市三民區裕民里,115/09/04,楊麗美,無,
高雄市三民區力行里,115/08/31,趙展成,無,
高雄市三民區力行里,115/09/02,吳佩玲,無,
高雄市三民區千歲里,115/09/02,許婉羚,無,
高雄市三民區立德里,115/09/02,林平長,中國國民黨,
高雄市三民區立德里,115/09/03,簡忠平,無,
高雄市三民區立德里,115/09/03,蘇美玲,無,
高雄市三民區千北里,115/09/01,葉家蓁,無,
高雄市三民區千北里,115/09/04,黃錦華,無,
高雄市三民區千秋里,115/08/31,蔡文和,無,
高雄市三民區千秋里,115/09/02,吳耀麟,無,
高雄市三民區千秋里,115/09/03,潘陳月英,無,
高雄市新興區浩然里,115/08/31,張榮源,中國國民黨,
高雄市新興區振成里,115/09/01,陳敏夫,無,
高雄市新興區德生里,115/08/31,吳三雄,無,
高雄市新興區振華里,115/08/31,吳劍生,中國國民黨,
高雄市新興區正氣里,115/09/02,沈玉玲,無,
高雄市新興區德政里,115/09/02,謝國男,無,
高雄市新興區仁聲里,115/09/04,莊宜楟,無,
高雄市新興區德望里,115/09/03,林郭麗玉,無,
高雄市新興區華聲里,115/09/03,林禮志,無,
高雄市新興區蕉園里,115/09/02,鄭凱隆,民主進步黨,
高雄市新興區蕉園里,115/09/02,陳清連,無,
高雄市新興區永寧里,115/09/01,蘇旺裕,無,
高雄市新興區永寧里,115/09/02,施澤民,無,
高雄市新興區玉衡里,115/08/31,蔡瑞彬,無,
高雄市新興區玉衡里,115/08/31,楊俊宏,無,
高雄市新興區順昌里,115/08/31,林朱堂,無,
高雄市新興區順昌里,115/09/02,林雪卿,無,
高雄市新興區文昌里,115/09/01,劉育洋,中國國民黨,
高雄市新興區文昌里,115/09/02,蘇達誠,無,
高雄市新興區光耀里,115/09/01,吳秀鈴,民主進步黨,
高雄市新興區興昌里,115/09/02,趙千善,無,
高雄市新興區興昌里,115/09/02,黃少嫻,無,
高雄市新興區開平里,115/09/02,陳朝居,無,
高雄市新興區開平里,115/09/02,邱璿升,無,
高雄市新興區成功里,115/09/02,童群育,無,
高雄市新興區新江里,115/08/31,王金龍,無,
高雄市新興區新江里,115/09/02,洪秀貞,無,
高雄市新興區黎明里,115/09/02,許耀科,民主進步黨,
高雄市新興區愛平里,115/09/03,鄭秀如,無,
高雄市新興區愛平里,115/09/04,高文龍,無,
高雄市新興區南港里,115/09/01,陳福明,民主進步黨,
高雄市新興區南港里,115/09/04,蕭上承,無,
高雄市新興區中東里,115/09/01,陳偵艾,民主進步黨,
高雄市新興區中東里,115/09/02,林明雄,無,
高雄市新興區明莊里,115/08/31,莊其章,無,
高雄市新興區大明里,115/09/02,徐慶宗,無,
高雄市新興區大明里,115/09/04,許登周,無,
高雄市新興區秋山里,115/08/31,許吳瑞珍,無,
高雄市新興區長驛里,115/09/02,趙良雄,無,
高雄市新興區長驛里,115/09/03,葉智陽,無,
高雄市新興區建興里,115/09/02,薛富升,民主進步黨,
高雄市新興區建華里,115/09/01,林佳蓉,無,
高雄市新興區建華里,115/09/02,陳秉弘,無,
高雄市新興區建華里,115/09/02,吳文欽,無,
高雄市新興區漢民里,115/09/02,李賢宗,無,
高雄市新興區榮治里,115/09/02,黃秀燕,無,
高雄市新興區榮治里,115/09/04,許淑芬,無,
高雄市新興區東坡里,115/09/01,李虹曇,無,
高雄市新興區東坡里,115/09/02,施金瑞,無,
高雄市前金區三川里,115/09/02,林正福,無,
高雄市前金區三川里,115/09/03,莊晉勲,無,
高雄市前金區草江里,115/09/02,陳振琦,無,
高雄市前金區長城里,115/08/31,李林春蘭,無,
高雄市前金區北金里,115/09/02,蔡凉專,無,
高雄市前金區東金里,115/09/03,謝仲箎,無,
高雄市前金區新生里,115/08/31,康文展,無,
高雄市前金區後金里,115/08/31,王詩怡,無,
高雄市前金區後金里,115/09/02,施孟均,無,
高雄市前金區長興里,115/09/03,白宗正,無,
高雄市前金區青山里,115/09/04,高浚榤,無,
高雄市前金區青山里,115/09/04,江婕澐,無,
高雄市前金區民生里,115/08/31,蔡文惠,無,
高雄市前金區民生里,115/09/03,黃博群,無,
高雄市前金區復元里,115/09/02,黃千豪,無,
高雄市前金區林投里,115/09/02,鄭順成,無,
高雄市前金區林投里,115/09/02,李明峰,無,
高雄市前金區國民里,115/08/31,謝明致,無,
高雄市前金區國民里,115/09/04,呂姿萍,無,
高雄市前金區社東里,115/09/03,黃玉英,無,
高雄市前金區社西里,115/09/02,薛寶琴,無,
高雄市前金區博孝里,115/09/02,李文豐,無,
高雄市前金區博孝里,115/09/03,郭懿瑩,無,
高雄市前金區長生里,115/08/31,陳宗佐,無,
高雄市前金區榮復里,115/09/03,顏炳豪,無,
高雄市前金區文西里,115/09/02,賴勇村,無,
高雄市前金區文東里,115/09/02,黃崑光,無,
高雄市苓雅區博仁里,115/09/02,陳奇伯,無,
高雄市苓雅區苓洲里,115/09/02,吳致緯,無,
高雄市苓雅區苓昇里,115/09/02,陳文喜,無,
高雄市苓雅區苓中里,115/09/02,吳敏寬,無,
高雄市苓雅區苓雅里,115/09/02,郭釗琦,無,
高雄市苓雅區苓雅里,115/09/02,朱祐霆,無,
高雄市苓雅區苓東里,115/09/02,楊玉鳳,無,
高雄市苓雅區城北里,115/08/31,林彩鳳,無,
高雄市苓雅區城北里,115/09/02,林寧珊,無,
高雄市苓雅區城北里,115/09/03,李星霈,無,
高雄市苓雅區城北里,115/09/04,李佳容,無,
高雄市苓雅區城西里,115/09/02,朱育賢,無,
高雄市苓雅區城東里,115/09/01,鍾志昇,民主進步黨,
高雄市苓雅區城東里,115/09/03,史妮可,無,
高雄市苓雅區意誠里,115/09/02,蕭長保,中國國民黨,
高雄市苓雅區鼓中里,115/09/02,郭明鴻,無,
高雄市苓雅區田西里,115/09/02,郭國民,中國國民黨,
高雄市苓雅區人和里,115/08/31,林志田,民主進步黨,
高雄市苓雅區仁政里,115/08/31,楊智忠,無,
高雄市苓雅區仁政里,115/08/31,謝伯賢,無,
高雄市苓雅區仁政里,115/09/01,倪昇暉,無,
高雄市苓雅區廣澤里,115/09/02,沈秀美,無,
高雄市苓雅區廣澤里,115/09/03,蘇中明,無,
高雄市苓雅區美田里,115/08/31,吳金對,無,
高雄市苓雅區華堂里,115/09/03,曾興德,無,
高雄市苓雅區日中里,115/09/01,許愛珠,無,
高雄市苓雅區日中里,115/09/03,林志倩,無,
高雄市苓雅區日中里,115/09/03,楊佳章,無,
高雄市苓雅區日中里,115/09/04,陳東源,無,
高雄市苓雅區普照里,115/09/03,歐耀祖,無,
高雄市苓雅區普照里,115/09/04,蔡政宏,無,
高雄市苓雅區和煦里,115/09/02,莊財通,無,
高雄市苓雅區晴朗里,115/08/31,李若豪,中國國民黨,
高雄市苓雅區晴朗里,115/09/02,孫美惠,無,
高雄市苓雅區普天里,115/09/02,李文豪,無,
高雄市苓雅區林富里,115/08/31,林進安,無,
高雄市苓雅區林圍里,115/08/31,羅莉萍,中國國民黨,
高雄市苓雅區林圍里,115/09/04,黃妍銘,無,
高雄市苓雅區林安里,115/09/02,張列綱,無,
高雄市苓雅區光華里,115/08/31,葉忠正,中國國民黨,
高雄市苓雅區光華里,115/09/02,黃麗惠,民主進步黨,
高雄市苓雅區光華里,115/09/02,顏志誠,無,
高雄市苓雅區林興里,115/09/02,林慶堂,無,
高雄市苓雅區林興里,115/09/04,黃培裕,民主進步黨,
高雄市苓雅區林華里,115/08/31,林有定,中國國民黨,
高雄市苓雅區林華里,115/08/31,張家偉,民主進步黨,
高雄市苓雅區林西里,115/09/02,方琪麟,中國國民黨,
高雄市苓雅區林中里,115/09/02,杜佳福,無,
高雄市苓雅區林中里,115/09/03,陳文瑤,無,
高雄市苓雅區林泉里,115/08/31,黃朝金,無,
高雄市苓雅區林泉里,115/09/01,翁烔訓,中國國民黨,
高雄市苓雅區林南里,115/08/31,陳昱丞,無,
高雄市苓雅區林南里,115/09/02,黃旭煌,無,
高雄市苓雅區中正里,115/09/01,胡維成,中國國民黨,
高雄市苓雅區尚義里,115/08/31,蔡易昇,無,
高雄市苓雅區尚義里,115/09/02,曾蔡玉燕,中國國民黨,
高雄市苓雅區同慶里,115/09/02,高文明,無,
高雄市苓雅區同慶里,115/09/03,陳大衛,無,
高雄市苓雅區凱旋里,115/09/03,錢雲徽,中國國民黨,
高雄市苓雅區安祥里,115/08/31,張東華,無,
高雄市苓雅區安祥里,115/09/02,董輝章,中國國民黨,
高雄市苓雅區安祥里,115/09/04,鄭瓊雯,民主進步黨,
高雄市苓雅區奏捷里,115/09/01,洪麗娟,中國國民黨,
高雄市苓雅區奏捷里,115/09/02,林豐富,民主進步黨,
高雄市苓雅區奏捷里,115/09/02,洪善美,無,
高雄市苓雅區福壽里,115/08/31,李榮彬,無,
高雄市苓雅區福壽里,115/09/02,郭寬洲,民主進步黨,
高雄市苓雅區福南里,115/08/31,洪浩倫,無,
高雄市苓雅區福南里,115/08/31,蘇文安,無,
高雄市苓雅區五權里,115/08/31,陳玉環,無,
高雄市苓雅區五權里,115/09/02,黃明珠,無,
高雄市苓雅區民主里,115/09/02,陳文程,無,
高雄市苓雅區林德里,115/08/31,翁正財,民主進步黨,
高雄市苓雅區林貴里,115/09/01,蘇烱睿,無,
高雄市苓雅區林貴里,115/09/03,黃清溪,無,
高雄市苓雅區林榮里,115/09/03,王文祿,民主進步黨,
高雄市苓雅區英明里,115/08/31,黃秀靜,無,
高雄市苓雅區林靖里,115/09/02,蔡温怡,無,
高雄市苓雅區朝陽里,115/08/31,丁文瑞,無,
高雄市苓雅區朝陽里,115/09/03,劉淑萍,無,
高雄市苓雅區福隆里,115/09/02,楊賜濱,無,
高雄市苓雅區福隆里,115/09/04,郭彌堅,無,
高雄市苓雅區福祥里,115/08/31,黃見財,無,
高雄市苓雅區福祥里,115/09/02,劉榮福,民主進步黨,
高雄市苓雅區福海里,115/09/01,廖富男,中國國民黨,
高雄市苓雅區福康里,115/09/03,陳信吾,無,
高雄市苓雅區福人里,115/08/31,陳學偉,無,
高雄市苓雅區福人里,115/09/04,曾黃金華,無,
高雄市苓雅區福地里,115/09/01,蔡添財,無,
高雄市苓雅區福居里,115/09/02,吳明憲,民主進步黨,
高雄市苓雅區福東里,115/09/02,劉呂燕芬,無,
高雄市苓雅區福東里,115/09/04,簡忠純,無,
高雄市苓雅區福西里,115/08/31,黃正德,無,
高雄市苓雅區永康里,115/08/31,郝如昇,無,
高雄市苓雅區永康里,115/08/31,陳瑛定,無,
高雄市苓雅區永康里,115/09/03,蔡長志,無,
高雄市苓雅區正文里,115/09/02,莊文忠,無,
高雄市苓雅區正文里,115/09/03,余瑋毓,無,
高雄市苓雅區正言里,115/09/01,古金川,無,
高雄市苓雅區正大里,115/09/02,陳錦宏,無,
高雄市苓雅區五福里,115/09/02,邱瑞祥,民主進步黨,
高雄市苓雅區正心里,115/09/02,陳顏秋萍,中國國民黨,
高雄市苓雅區正心里,115/09/03,鍾俊華,無,
高雄市苓雅區正道里,115/09/02,楊舜堡,無,
高雄市苓雅區正義里,115/09/02,劉銀連,中國國民黨,
高雄市苓雅區正仁里,115/08/31,李志強,無,
高雄市苓雅區正仁里,115/09/02,吳舜弘,無,
高雄市苓雅區正仁里,115/09/04,黃旭亨,無,
高雄市苓雅區文昌里,115/08/31,楊惠萍,無,
高雄市苓雅區文昌里,115/09/02,林博文,民主進步黨,
高雄市苓雅區建軍里,115/09/02,蘇昆明,民主進步黨,
高雄市苓雅區衛武里,115/09/02,邱秀迷,中國國民黨,
高雄市前鎮區草衙里,115/09/02,李忠正,無,
高雄市前鎮區明孝里,115/09/04,林浤澤,民主進步黨,
高雄市前鎮區明正里,115/09/02,王春茂,民主進步黨,
高雄市前鎮區明正里,115/09/04,張清文,無,
高雄市前鎮區明義里,115/08/31,高量足,無,
高雄市前鎮區明義里,115/09/01,李長運,無,
高雄市前鎮區明義里,115/09/02,翁碩聰,無,
高雄市前鎮區明義里,115/09/03,張郁惠,無,
高雄市前鎮區仁愛里,115/09/02,陳子揚,無,
高雄市前鎮區仁愛里,115/09/02,楊朝雄,民主進步黨,
高雄市前鎮區德昌里,115/09/02,李正義,無,
高雄市前鎮區平等里,115/09/02,施長欽,無,
高雄市前鎮區平昌里,115/09/02,高琅璋,民主進步黨,
高雄市前鎮區平昌里,115/09/03,戴榮代,無,
高雄市前鎮區明禮里,115/08/31,莊志明,民主進步黨,
高雄市前鎮區信義里,115/09/02,柳依彙,無,
高雄市前鎮區信義里,115/09/02,陳玉娟,無,
高雄市前鎮區信德里,115/08/31,郭吳秀滿,無,
高雄市前鎮區信德里,115/09/02,李竣帆,無,
高雄市前鎮區明道里,115/08/31,田桂名,無,
高雄市前鎮區明道里,115/08/31,王進亨,民主進步黨,
高雄市前鎮區明道里,115/09/04,張路路,無,
高雄市前鎮區興化里,115/08/31,王嘉隆,無,
高雄市前鎮區興化里,115/09/02,朱蘇來蔭,無,
高雄市前鎮區興仁里,115/09/02,張秋敏,無,
高雄市前鎮區前鎮里,115/09/02,許澤能,無,
高雄市前鎮區前鎮里,115/09/03,朱至芳,無,
高雄市前鎮區鎮東里,115/08/31,蔡川士,無,
高雄市前鎮區鎮榮里,115/08/31,黃士誠,無,
高雄市前鎮區鎮昌里,115/08/31,涂明鏡,無,
高雄市前鎮區鎮昌里,115/09/03,王俊昌,民主進步黨,
高雄市前鎮區鎮海里,115/09/02,蔡葉珍妮,民主進步黨,
高雄市前鎮區鎮海里,115/09/02,林國男,無,
高雄市前鎮區鎮海里,115/09/04,高龍成,無,
高雄市前鎮區鎮陽里,115/09/02,鄭蔡秀燕,無,
高雄市前鎮區鎮陽里,115/09/03,楊淑珍,無,
高雄市前鎮區興邦里,115/09/03,薛文龍,無,
高雄市前鎮區鎮中里,115/09/01,湯淑貞,無,
高雄市前鎮區鎮北里,115/08/31,顏裕峯,無,
高雄市前鎮區忠純里,115/09/03,侯敏南,無,
高雄市前鎮區忠純里,115/09/03,艾沛松,無,
高雄市前鎮區忠純里,115/09/04,溫苡甯,無,
高雄市前鎮區忠純里,115/09/04,馬龍榮,中國國民黨,
高雄市前鎮區忠誠里,115/09/02,吳安美,中國國民黨,
高雄市前鎮區忠誠里,115/09/03,龍鄭銀利,無,
高雄市前鎮區西山里,115/09/01,陳楚璇,無,
高雄市前鎮區西山里,115/09/02,安湘淇,無,
高雄市前鎮區西山里,115/09/03,張彩雲,無,
高雄市前鎮區民權里,115/09/01,吳政昇,無,
高雄市前鎮區建隆里,115/09/03,林得祿,中國國民黨,
高雄市前鎮區振興里,115/08/31,鍾明憲,無,
高雄市前鎮區良和里,115/09/02,陳瑞銓,中國國民黨,
高雄市前鎮區西甲里,115/09/01,凃雅慧,無,
高雄市前鎮區西甲里,115/09/01,許芳瑞,無,
高雄市前鎮區盛興里,115/09/03,鍾鳳美,無,
高雄市前鎮區盛豐里,115/09/02,王志濱,無,
高雄市前鎮區興中里,115/08/31,鄭惠文,無,
高雄市前鎮區興中里,115/08/31,許詠欽,無,
高雄市前鎮區興中里,115/09/02,王進賢,無,
高雄市前鎮區興東里,115/09/02,陳建銘,無,
高雄市前鎮區興東里,115/09/03,黃世達,無,
高雄市前鎮區忠孝里,115/09/02,陳燈住,無,
高雄市前鎮區忠孝里,115/09/03,陳宜汝,無,
高雄市前鎮區復國里,115/08/31,呂建霖,民主進步黨,
高雄市前鎮區竹內里,115/08/31,蘇慶忠,無,
高雄市前鎮區竹內里,115/09/02,林美儀,無,
高雄市前鎮區竹東里,115/09/02,李春桂,無,
高雄市前鎮區竹南里,115/09/02,蔡萬春,無,
高雄市前鎮區竹北里,115/08/31,侯一郎,無,
高雄市前鎮區竹北里,115/08/31,吳耀明,無,
高雄市前鎮區竹北里,115/09/02,黃韻軒,無,
高雄市前鎮區竹北里,115/09/02,莊蔡麗香,無,
高雄市前鎮區竹北里,115/09/03,李國裕,無,
高雄市前鎮區竹西里,115/09/01,林金良,無,
高雄市前鎮區竹中里,115/08/31,莊茂榮,無,
高雄市前鎮區竹中里,115/09/04,鄧德玲,無,
高雄市前鎮區瑞竹里,115/09/02,洪彰佑,無,
高雄市前鎮區瑞竹里,115/09/03,許益彰,無,
高雄市前鎮區瑞南里,115/09/02,張木春,民主進步黨,
高雄市前鎮區瑞南里,115/09/03,姚鍾順招,無,
高雄市前鎮區瑞豐里,115/09/02,邱達雲,無,
高雄市前鎮區瑞豐里,115/09/02,吳國緯,無,
高雄市前鎮區瑞豐里,115/09/02,王森騰,民主進步黨,
高雄市前鎮區瑞祥里,115/08/31,劉美華,無,
高雄市前鎮區瑞東里,115/08/31,許振稽,無,
高雄市前鎮區瑞和里,115/09/01,陳文人,民主進步黨,
高雄市前鎮區瑞和里,115/09/04,陳世忠,無,
高雄市前鎮區瑞平里,115/09/02,陳柏村,無,
高雄市前鎮區瑞隆里,115/08/31,楊家鴻,無,
高雄市前鎮區瑞北里,115/09/02,陳眞玟,民主進步黨,
高雄市前鎮區瑞北里,115/09/03,黃麗金,無,
高雄市前鎮區瑞北里,115/09/04,蔡媽福,無,
高雄市前鎮區瑞西里,115/09/01,黃振榮,無,
高雄市前鎮區瑞西里,115/09/02,蘇悦敏,民主進步黨,
高雄市前鎮區瑞崗里,115/08/31,洪金山,民主進步黨,
高雄市前鎮區瑞崗里,115/09/03,魏廷育,無,
高雄市前鎮區瑞興里,115/08/31,陳俊源,民主進步黨,
高雄市前鎮區瑞興里,115/09/04,黃登科,無,
高雄市前鎮區瑞誠里,115/08/31,林雪娥,無,
高雄市前鎮區瑞文里,115/09/01,邱吉弘,無,
高雄市前鎮區瑞華里,115/08/31,蘇榮隆,無,
高雄市前鎮區瑞華里,115/09/03,戴偉哲,無,
高雄市前鎮區瑞昌里,115/09/02,陳裕達,無,
高雄市前鎮區瑞昌里,115/09/02,張按昇,無,
高雄市旗津區旗下里,115/09/01,杜勝輝,無,
高雄市旗津區旗下里,115/09/04,黃俊龍,無,
高雄市旗津區永安里,115/08/31,黃淑芬,無,
高雄市旗津區永安里,115/09/02,黃修和,無,
高雄市旗津區振興里,115/08/31,黃見益,無,
高雄市旗津區慈愛里,115/09/02,夏啓峯,無,
高雄市旗津區復興里,115/09/03,張順皇,無,
高雄市旗津區中華里,115/09/02,徐漢仁,無,
高雄市旗津區中華里,115/09/03,王秀卉,無,
高雄市旗津區實踐里,115/09/02,楊台生,無,
高雄市旗津區實踐里,115/09/03,戴函芸,無,
高雄市旗津區實踐里,115/09/04,張金麗,無,
高雄市旗津區北汕里,115/09/02,林秀英,無,
高雄市旗津區北汕里,115/09/04,王美玲,無,
高雄市旗津區北汕里,115/09/04,張儀芬,無,
高雄市旗津區南汕里,115/09/02,蔡明議,無,
高雄市旗津區上竹里,115/09/02,陳仲智,無,
高雄市旗津區中洲里,115/09/02,郭美伶,無,
高雄市旗津區安順里,115/09/02,莊武益,無,
高雄市旗津區中興里,115/09/02,郭茂盛,無,
高雄市小港區小港里,115/09/03,洪世春,無,
高雄市小港區港口里,115/09/03,王永喬,無,
高雄市小港區港口里,115/09/03,劉峰吉,無,
高雄市小港區港正里,115/09/02,方林秀娥,無,
高雄市小港區港墘里,115/08/31,吳文德,無,
高雄市小港區港明里,115/09/01,鍾雨倢,無,
高雄市小港區港明里,115/09/02,謝金良,無,
高雄市小港區港明里,115/09/03,徐浩恆,無,
高雄市小港區港后里,115/09/02,柯文世,民主進步黨,
高雄市小港區港南里,115/08/31,郭鶯鶯,無,
高雄市小港區港南里,115/09/02,楊光雄,無,
高雄市小港區港南里,115/09/03,王秋宏,無,
高雄市小港區港興里,115/09/02,歐慧玲,民主進步黨,
高雄市小港區港興里,115/09/04,洪瑞豐,無,
高雄市小港區鳳宮里,115/09/01,趙政杰,無,
高雄市小港區鳳宮里,115/09/02,許昭原,無,
高雄市小港區鳳宮里,115/09/03,曾培綱,無,
高雄市小港區店鎮里,115/08/31,楊文良,無,
高雄市小港區店鎮里,115/09/03,洪建智,中國國民黨,
高雄市小港區大苓里,115/08/31,何小屏,無,
高雄市小港區大苓里,115/09/02,歐世緯,無,
高雄市小港區大苓里,115/09/04,李鈺盟,無,
高雄市小港區二苓里,115/09/01,馮見仁,無,
高雄市小港區二苓里,115/09/01,郭世芳,無,
高雄市小港區二苓里,115/09/02,曾玉雪,無,
高雄市小港區二苓里,115/09/04,邱炳榮,無,
高雄市小港區三苓里,115/09/02,郭冠霖,無,
高雄市小港區三苓里,115/09/03,梁淑鳳,無,
高雄市小港區正苓里,115/09/03,吳惠加,無,
高雄市小港區順苓里,115/09/01,梁金城,無,
高雄市小港區順苓里,115/09/02,呂在和,民主進步黨,
高雄市小港區六苓里,115/08/31,陳美秀,無,
高雄市小港區宏亮里,115/09/03,宋震寶,無,
高雄市小港區宏亮里,115/09/04,陳朝偉,無,
高雄市小港區山東里,115/08/31,黃聖凱,無,
高雄市小港區山東里,115/08/31,莊朝棋,無,
高雄市小港區山東里,115/09/02,楊坤止,無,
高雄市小港區山東里,115/09/02,彭双鼎,無,
高雄市小港區青島里,115/09/02,戴又媛,中國國民黨,
高雄市小港區濟南里,115/09/03,薛審,無,
高雄市小港區濟南里,115/09/04,陳妙珠,無,
高雄市小港區泰山里,115/09/03,吳莧山,無,
高雄市小港區山明里,115/09/01,吳崑益,無,
高雄市小港區山明里,115/09/02,陳清風,無,
高雄市小港區山明里,115/09/03,陳阿子,無,
高雄市小港區高松里,115/09/03,梁志安,無,
高雄市小港區松金里,115/08/31,沈添福,無,
高雄市小港區松金里,115/09/02,潘建良,無,
高雄市小港區松山里,115/09/02,王美華,無,
高雄市小港區松山里,115/09/03,梁文德,無,
高雄市小港區大坪里,115/09/03,梁正義,無,
高雄市小港區大坪里,115/09/03,梁敬德,無,
高雄市小港區坪頂里,115/08/31,王志養,無,
高雄市小港區坪頂里,115/09/02,梁憲宗,無,
高雄市小港區坪頂里,115/09/02,李佳銘,無,
高雄市小港區孔宅里,115/09/02,吳蘆恩,無,
高雄市小港區孔宅里,115/09/02,劉坤山,無,
高雄市小港區廈莊里,115/09/01,簡靜雯,無,
高雄市小港區廈莊里,115/09/02,李茂群,無,
高雄市小港區合作里,115/09/01,蘇麗美,無,
高雄市小港區合作里,115/09/02,羅建國,無,
高雄市小港區桂林里,115/09/02,侯原庭,無,
高雄市小港區中厝里,115/09/04,林素凉,無,
高雄市小港區鳳鳴里,115/08/31,洪秀菊,無,
高雄市小港區鳳鳴里,115/09/02,李月雲,無,
高雄市小港區龍鳳里,115/09/01,黃文裕,無,
高雄市小港區鳳森里,115/09/01,陳信雄,無,
高雄市小港區鳳森里,115/09/04,林維群,無,
高雄市小港區鳳林里,115/09/02,張校銘,無,
高雄市小港區鳳林里,115/09/04,許再生,無,
高雄市小港區鳳興里,115/08/31,洪富賢,無,
高雄市小港區鳳源里,115/09/02,張宇讚,無,
高雄市鳳山區成功里,115/09/02,鄭美玉,無,
高雄市鳳山區成功里,115/09/04,洪敏川,無,
高雄市鳳山區光明里,115/09/03,王俊富,無,
高雄市鳳山區興中里,115/09/02,林天財,中國國民黨,
高雄市鳳山區南興里,115/09/02,廖春花,無,
高雄市鳳山區和德里,115/09/02,吳金池,無,
高雄市鳳山區和德里,115/09/02,陳柏鴻,無,
高雄市鳳山區鳳崗里,115/09/03,董錦慧,中國國民黨,
高雄市鳳山區中和里,115/09/02,張簡進興,無,
高雄市鳳山區鎮北里,115/09/01,陳冠宇,無,
高雄市鳳山區鎮北里,115/09/03,趙志成,無,
高雄市鳳山區鎮北里,115/09/04,黃怡蓉,無,
高雄市鳳山區縣衙里,115/09/03,王鈴雅,中國國民黨,
高雄市鳳山區文英里,115/09/02,鄭鴻章,無,
高雄市鳳山區鎮西里,115/09/02,施正壽,無,
高雄市鳳山區鎮西里,115/09/02,李陳金治,無,
高雄市鳳山區鎮東里,115/09/02,張簡裕芳,無,
高雄市鳳山區埤頂里,115/09/01,謝順和,無,
高雄市鳳山區埤頂里,115/09/04,陳信雄,無,
高雄市鳳山區中正里,115/09/01,鄒家駿,中國國民黨,
高雄市鳳山區中正里,115/09/02,陳智義,無,
高雄市鳳山區鎮南里,115/09/02,楊三吉,民主進步黨,
高雄市鳳山區鎮南里,115/09/03,吳秋憲,無,
高雄市鳳山區老爺里,115/09/02,王國全,無,
高雄市鳳山區老爺里,115/09/02,李菁雅,無,
高雄市鳳山區瑞竹里,115/09/03,李美雲,中國國民黨,
高雄市鳳山區忠義里,115/09/02,李朝清,無,
高雄市鳳山區忠義里,115/09/03,余榮水,無,
高雄市鳳山區誠義里,115/08/31,李宗霖,無,
高雄市鳳山區誠義里,115/09/03,劉啓芳,中國國民黨,
高雄市鳳山區新興里,115/09/02,郭傅美金,無,
高雄市鳳山區新興里,115/09/03,劉庭誥,無,
高雄市鳳山區海光里,115/09/01,張耀倫,中國國民黨,
高雄市鳳山區海光里,115/09/01,廖國誌,無,
高雄市鳳山區忠誠里,115/09/02,陳永壽,無,
高雄市鳳山區忠誠里,115/09/03,羅友倫,無,
高雄市鳳山區新甲里,115/09/03,柯寶凱,無,
高雄市鳳山區武漢里,115/09/02,蘇弘展,民主進步黨,
高雄市鳳山區正義里,115/08/31,蔡進良,無,
高雄市鳳山區正義里,115/09/03,周錦香,無,
高雄市鳳山區正義里,115/09/04,鄭洂汯,無,
高雄市鳳山區一甲里,115/08/31,蔡瑋誠,無,
高雄市鳳山區一甲里,115/08/31,林子淵,無,
高雄市鳳山區一甲里,115/09/02,蘇志明,無,
高雄市鳳山區福興里,115/09/02,鄭陳麗珠,無,
高雄市鳳山區福興里,115/09/02,邱緁希,無,
高雄市鳳山區福興里,115/09/04,郭又銘,無,
高雄市鳳山區東門里,115/08/31,吳忠瑋,無,
高雄市鳳山區東門里,115/09/01,劉晋祥,無,
高雄市鳳山區東門里,115/09/02,黃佟賢,無,
高雄市鳳山區瑞興里,115/09/03,王玉蘭,中國國民黨,
高雄市鳳山區天興里,115/08/31,魏新世,無,
高雄市鳳山區天興里,115/09/03,郭秉鑫,無,
高雄市鳳山區新強里,115/09/02,李得勝,民主進步黨,
高雄市鳳山區新強里,115/09/04,李金穎,無,
高雄市鳳山區國泰里,115/08/31,黃昭清,無,
高雄市鳳山區國泰里,115/08/31,陳應杰,無,
高雄市鳳山區鳳東里,115/09/02,蔡瑋寧,民主進步黨,
高雄市鳳山區鳳東里,115/09/02,王議億,無,
高雄市鳳山區新富里,115/09/02,石向孝,無,
高雄市鳳山區新富里,115/09/02,李金福,中國國民黨,
高雄市鳳山區國光里,115/09/02,呂岳霖,無,
高雄市鳳山區國隆里,115/09/02,李政道,無,
高雄市鳳山區國隆里,115/09/03,呂富貴,無,
高雄市鳳山區文德里,115/09/02,謝智華,無,
高雄市鳳山區過埤里,115/09/01,張詠竣,無,
高雄市鳳山區過埤里,115/09/02,蔣銘容,無,
高雄市鳳山區過埤里,115/09/03,莫尚忠,無,
高雄市鳳山區過埤里,115/09/04,郭雲英,中國國民黨,
高雄市鳳山區曹公里,115/09/03,曾齡瑩,無,
高雄市鳳山區興仁里,115/08/31,林曾桂花,無,
高雄市鳳山區興仁里,115/09/03,蔡寶玉,無,
高雄市鳳山區五福里,115/09/02,王劉煌,無,
高雄市鳳山區五福里,115/09/04,張碩元,無,
高雄市鳳山區忠孝里,115/09/02,蔡美雪,無,
高雄市鳳山區生明里,115/09/01,郭清竹,中國國民黨,
高雄市鳳山區生明里,115/09/03,潘天祐,無,
高雄市鳳山區和興里,115/09/02,林衍秀,無,
高雄市鳳山區和興里,115/09/03,周新安,無,
高雄市鳳山區和興里,115/09/03,張順進,無,
高雄市鳳山區和興里,115/09/04,簡韻琳,無,
高雄市鳳山區協和里,115/09/03,羅美滿,無,
高雄市鳳山區文山里,115/09/01,陳明仁,無,
高雄市鳳山區文山里,115/09/02,黃惠玲,民主進步黨,
高雄市鳳山區福誠里,115/09/03,許德發,無,
高雄市鳳山區誠德里,115/09/02,陳世寳,中國國民黨,
高雄市鳳山區三民里,115/09/02,黃榮貴,無,
高雄市鳳山區三民里,115/09/02,龔珮慧,無,
高雄市鳳山區北門里,115/09/03,謝秀霞,無,
高雄市鳳山區富甲里,115/09/02,王筱銜,無,
高雄市鳳山區南成里,115/08/31,黃恒徹,無,
高雄市鳳山區南成里,115/09/01,楊軒蘅,無,
高雄市鳳山區南成里,115/09/02,楊尚峰,無,
高雄市鳳山區南成里,115/09/02,楊居財,無,
高雄市鳳山區文華里,115/08/31,鄭竹軒,統一聯盟黨,
高雄市鳳山區文華里,115/09/02,張嘉玲,無,
高雄市鳳山區文華里,115/09/03,羅紹朋,無,
高雄市鳳山區大德里,115/09/02,侯俊傑,無,
高雄市鳳山區武松里,115/09/03,戴惠敏,無,
高雄市鳳山區文衡里,115/08/31,洪啟修,無,
高雄市鳳山區文衡里,115/09/03,林育鉦,無,
高雄市鳳山區文衡里,115/09/04,陳定昌,無,
高雄市鳳山區文福里,115/09/02,余世善,無,
高雄市鳳山區誠信里,115/09/03,蔡自謄,中國國民黨,
高雄市鳳山區誠智里,115/09/03,黃桂花,中國國民黨,
高雄市鳳山區誠智里,115/09/04,蔣譯文,無,
高雄市鳳山區國富里,115/09/02,陳振沛,無,
高雄市鳳山區國富里,115/09/04,陳炎通,無,
高雄市鳳山區武慶里,115/09/01,林振隆,無,
高雄市鳳山區武慶里,115/09/02,林鴻達,無,
高雄市鳳山區海洋里,115/09/02,蔡秀寶,無,
高雄市鳳山區新武里,115/09/01,顏雅雪,無,
高雄市鳳山區新武里,115/09/03,黃龍秋,無,
高雄市鳳山區新樂里,115/09/02,李滋宏,民主進步黨,
高雄市鳳山區新泰里,115/09/02,黃敏兒,無,
高雄市鳳山區新泰里,115/09/03,歐諺霖,無,
高雄市鳳山區中崙里,115/08/31,林齊諒,無,
高雄市鳳山區中榮里,115/08/31,劉秀美,無,
高雄市鳳山區中榮里,115/09/04,龍煒璿,無,
高雄市鳳山區中民里,115/09/02,謝吉原,無,
高雄市鳳山區中民里,115/09/03,黃金利,無,
高雄市鳳山區中民里,115/09/03,張敏蓉,無,
高雄市鳳山區二甲里,115/08/31,楊添貴,台灣工黨,
高雄市鳳山區二甲里,115/09/04,黃昭雄,無,
高雄市鳳山區龍成里,115/09/01,張芳瑋,無,
高雄市鳳山區龍成里,115/09/04,蔡順合,無,
高雄市鳳山區富榮里,115/09/02,郭登臨,無,
高雄市鳳山區富榮里,115/09/04,謝綉珏,無,
高雄市鳳山區善美里,115/08/31,尚廉迪,無,
高雄市鳳山區善美里,115/09/01,王建雄,無,
高雄市鳳山區南和里,115/09/02,李錦珠,民主進步黨,
高雄市鳳山區福祥里,115/09/02,施聖俊,無,
高雄市鳳山區保安里,115/09/01,謝昆政,無,
高雄市鳳山區保安里,115/09/03,張煌昌,無,
高雄市鳳山區保安里,115/09/04,林燈發,中國國民黨,
高雄市林園區東林里,115/09/03,邱品軒,無,
高雄市林園區東林里,115/09/03,盧盈叡,無,
高雄市林園區林園里,115/08/31,黃盟松,無,
高雄市林園區溪州里,115/09/03,黃國輝,無,
高雄市林園區潭頭里,115/09/04,劉建德,無,
高雄市林園區中厝里,115/08/31,趙龍欽,無,
高雄市林園區中厝里,115/09/01,劉誌華,中國國民黨,
高雄市林園區中厝里,115/09/02,劉漢澤,無,
高雄市林園區中厝里,115/09/03,劉錦池,無,
高雄市林園區中門里,115/09/02,陳俊智,無,
高雄市林園區中門里,115/09/02,蘇信成,無,
高雄市林園區頂厝里,115/08/31,陳碧對,無,
高雄市林園區頂厝里,115/09/04,林培英,中國國民黨,
高雄市林園區港埔里,115/08/31,吳石南,無,
高雄市林園區西溪里,115/09/03,李文通,無,
高雄市林園區港嘴里,115/09/03,蔡明興,無,
高雄市林園區北汕里,115/08/31,陳榮瑞,無,
高雄市林園區北汕里,115/09/01,謝宿惠,無,
高雄市林園區林內里,115/08/31,陳素雲,無,
高雄市林園區林內里,115/08/31,劉水盛,無,
高雄市林園區林內里,115/09/02,宋春祥,無,
高雄市林園區王公里,115/08/31,洪進財,無,
高雄市林園區王公里,115/09/04,洪嘉和,無,
高雄市林園區林家里,115/08/31,林明田,無,
高雄市林園區林家里,115/09/01,林唐瑤,無,
高雄市林園區龔厝里,115/08/31,龔芳生,無,
高雄市林園區鳳芸里,115/08/31,黃正忠,無,
高雄市林園區鳳芸里,115/09/02,王泰山,無,
高雄市林園區中芸里,115/08/31,李金正,無,
高雄市林園區中芸里,115/08/31,伍宥銘,無,
高雄市林園區中芸里,115/08/31,謝樹來,無,
高雄市林園區東汕里,115/09/02,王福成,中國國民黨,
高雄市林園區西汕里,115/08/31,邱鐘城,無,
高雄市林園區仁愛里,115/08/31,呂繼承,無,
高雄市林園區仁愛里,115/09/04,徐沁玥,無,
高雄市林園區文賢里,115/09/02,黃三源,無,
高雄市林園區廣應里,115/08/31,陳玫玲,無,
高雄市林園區五福里,115/08/31,洪月珍,無,
高雄市林園區中汕里,115/09/02,李進宗,無,
高雄市林園區中汕里,115/09/03,李敏魁,無,
高雄市林園區中汕里,115/09/04,高珍珠,無,
高雄市大寮區拷潭里,115/08/31,董鳳松,民主進步黨,
高雄市大寮區拷潭里,115/09/02,洪資森,無,
高雄市大寮區內坑里,115/08/31,黃慶福,民主進步黨,
高雄市大寮區大寮里,115/09/01,陳英讚,無,
高雄市大寮區大寮里,115/09/01,方薇淳,無,
高雄市大寮區上寮里,115/09/01,洪巧璇,無,
高雄市大寮區上寮里,115/09/03,林芳至 Yibai Giwas,無,
高雄市大寮區三隆里,115/09/01,張簡維誠,無,
高雄市大寮區三隆里,115/09/01,蕭國欽,民主進步黨,
高雄市大寮區琉球里,115/08/31,王柏蓁,無,
高雄市大寮區琉球里,115/08/31,唐安宏,無,
高雄市大寮區琉球里,115/09/02,郭秀品,無,
高雄市大寮區翁園里,115/09/01,李宗諭,無,
高雄市大寮區翁園里,115/09/02,蔡順豐,無,
高雄市大寮區前庄里,115/09/02,張弘憲,無,
高雄市大寮區前庄里,115/09/03,陳金晚,中國國民黨,
高雄市大寮區中庄里,115/09/03,曾承豐,無,
高雄市大寮區中庄里,115/09/04,林烔彬,無,
高雄市大寮區後庄里,115/09/02,鄭德文,無,
高雄市大寮區後庄里,115/09/02,黃義荃,無,
高雄市大寮區義仁里,115/09/01,許明得,無,
高雄市大寮區新厝里,115/09/02,林東榮,無,
高雄市大寮區新厝里,115/09/02,張簡龍星,無,
高雄市大寮區新厝里,115/09/03,張簡進賢,無,
高雄市大寮區過溪里,115/08/31,陳冠名,無,
高雄市大寮區過溪里,115/08/31,陳秀英,無,
高雄市大寮區潮寮里,115/08/31,徐新生,無,
高雄市大寮區潮寮里,115/09/02,陳志展,無,
高雄市大寮區會結里,115/09/02,張良財,無,
高雄市大寮區會結里,115/09/02,蔡金獅,中國國民黨,
高雄市大寮區會社里,115/08/31,吳銀國,無,
高雄市大寮區山頂里,115/08/31,郭伊琳,無,
高雄市大寮區山頂里,115/09/02,簡子銘,中國國民黨,
高雄市大寮區忠義里,115/08/31,徐信明,中國國民黨,
高雄市大寮區忠義里,115/09/02,邴健鵬,中國國民黨,
高雄市大寮區永芳里,115/08/31,簡基成,無,
高雄市大寮區義和里,115/08/31,黃齡誼,無,
高雄市大寮區義和里,115/09/01,劉黃淑惠,無,
高雄市大寮區義和里,115/09/02,姚義安,無,
高雄市大寮區溪寮里,115/08/31,洪溪圳,無,
高雄市大寮區溪寮里,115/08/31,郭怡靖,無,
高雄市大寮區溪寮里,115/09/03,王春人,無,
高雄市大寮區溪寮里,115/09/04,洪漢同,無,
高雄市大寮區江山里,115/09/01,王博弘,無,
高雄市大寮區江山里,115/09/02,陳國立,無,
高雄市大寮區昭明里,115/09/02,張簡助昇,無,
高雄市大寮區昭明里,115/09/04,周裕晨,無,
高雄市大寮區中興里,115/08/31,曾幸福,中國國民黨,
高雄市大寮區中興里,115/09/02,王興智,中國國民黨,
高雄市大樹區竹寮里,115/09/02,鄭榕華,無,
高雄市大樹區九曲里,115/09/02,潘德勝,中國國民黨,
高雄市大樹區九曲里,115/09/04,鄭宇倫,無,
高雄市大樹區久堂里,115/09/01,張勝鋒,中國國民黨,
高雄市大樹區水安里,115/09/01,林建利,無,
高雄市大樹區水安里,115/09/01,林正道,無,
高雄市大樹區水安里,115/09/02,謝松霖,無,
高雄市大樹區水安里,115/09/03,張榮池,無,
高雄市大樹區水安里,115/09/03,謝金榮,無,
高雄市大樹區水寮里,115/08/31,史榮瑞,無,
高雄市大樹區水寮里,115/09/02,吳素靜,無,
高雄市大樹區水寮里,115/09/03,張碩佑,無,
高雄市大樹區檨腳里,115/09/02,吳世弘,無,
高雄市大樹區興山里,115/09/01,尹平成,無,
高雄市大樹區和山里,115/08/31,陳莉穎,無,
高雄市大樹區和山里,115/09/01,陳秋銘,無,
高雄市大樹區姑山里,115/09/02,王莊素真,無,
高雄市大樹區姑山里,115/09/02,賴林彩虹,無,
高雄市大樹區大坑里,115/09/01,蔡嘉安,無,
高雄市大樹區大坑里,115/09/02,吳直禧,無,
高雄市大樹區井腳里,115/09/01,黃沼人,無,
高雄市大樹區井腳里,115/09/01,張瓊文,無,
高雄市大樹區小坪里,115/08/31,張秋男,無,
高雄市大樹區小坪里,115/09/01,郭秀密,無,
高雄市大樹區龍目里,115/09/01,陳沐承,無,
高雄市大樹區龍目里,115/09/02,陳榮清,無,
高雄市大樹區大樹里,115/09/01,林美燕,無,
高雄市大樹區大樹里,115/09/01,吳喜傳,無,
高雄市大樹區大樹里,115/09/03,黃鳳珠,無,
高雄市大樹區三和里,115/08/31,謝麗芬,無,
高雄市大樹區三和里,115/09/02,趙志強,民主進步黨,
高雄市大樹區三和里,115/09/02,莊志峰,無,
高雄市大樹區三和里,115/09/03,林天全,無,
高雄市大樹區溪埔里,115/09/01,吳國富,無,
高雄市大樹區溪埔里,115/09/02,張耀珍,無,
高雄市大樹區溪埔里,115/09/02,莊銘源,無,
高雄市大樹區興田里,115/08/31,曾金益,中國國民黨,
高雄市大樹區統嶺里,115/08/31,王耀明,無,
高雄市大樹區統嶺里,115/08/31,許瑞楠,無,
高雄市大社區嘉誠里,115/09/03,侯景耀,無,
高雄市大社區保社里,115/09/02,許清泉,民主進步黨,
高雄市大社區保社里,115/09/02,李俊忠,無,
高雄市大社區保社里,115/09/02,王寶秀,無,
高雄市大社區大社里,115/08/31,陳文宗,無,
高雄市大社區大社里,115/08/31,邱景文,民主進步黨,
高雄市大社區大社里,115/09/03,林宗義,無,
高雄市大社區翠屏里,115/08/31,匡淑芳,民主進步黨,
高雄市大社區翠屏里,115/09/04,尤昆宏,中國國民黨,
高雄市大社區三奶里,115/08/31,余邦源,無,
高雄市大社區三奶里,115/09/01,黃志榮,無,
高雄市大社區觀音里,115/08/31,李世聰,民主進步黨,
高雄市大社區觀音里,115/09/02,蔡富廷,無,
高雄市大社區觀音里,115/09/03,車嫊薇,無,
高雄市大社區神農里,115/08/31,葉東火,無,
高雄市大社區神農里,115/09/03,葉秀英,無,
高雄市大社區中里里,115/09/01,王佐楷,無,
高雄市大社區中里里,115/09/03,李旭仁,無,
高雄市大社區保安里,115/08/31,蔡政憲,民主進步黨,
高雄市大社區保安里,115/09/03,林怡彣,無,
高雄市仁武區大灣里,115/09/02,謝瑋原,民主進步黨,
高雄市仁武區大灣里,115/09/04,李萬棟,無,
高雄市仁武區灣內里,115/09/02,鍾光西,無,
高雄市仁武區灣內里,115/09/02,邱銘淞,無,
高雄市仁武區灣內里,115/09/03,吳彥輝,無,
高雄市仁武區灣內里,115/09/04,洪瑞陽,台灣經濟發展黨,
高雄市仁武區考潭里,115/08/31,蔡德明,無,
高雄市仁武區考潭里,115/09/01,沈永輝,無,
高雄市仁武區考潭里,115/09/02,曾玉祥,無,
高雄市仁武區烏林里,115/08/31,李逸芳,無,
高雄市仁武區烏林里,115/09/02,林文斌,民主進步黨,
高雄市仁武區仁福里,115/08/31,朱興,無,
高雄市仁武區仁武里,115/08/31,鄭志光,無,
高雄市仁武區仁武里,115/09/02,潘發丁,無,
高雄市仁武區文武里,115/08/31,蔣明印,民主進步黨,
高雄市仁武區文武里,115/09/01,蔡進德,無,
高雄市仁武區竹後里,115/09/02,黃常志,無,
高雄市仁武區竹後里,115/09/03,廖家慶,無,
高雄市仁武區八卦里,115/08/31,陳瑞霖,民主進步黨,
高雄市仁武區八卦里,115/08/31,蘇達玲,無,
高雄市仁武區八卦里,115/09/02,蔡占萍,無,
高雄市仁武區八卦里,115/09/02,劉惠茹,無,
高雄市仁武區高楠里,115/09/02,李志能,無,
高雄市仁武區高楠里,115/09/03,李健平,無,
高雄市仁武區高楠里,115/09/04,郭永習,無,
高雄市仁武區後安里,115/09/01,蘇桂美,無,
高雄市仁武區後安里,115/09/02,沈吉叁,無,
高雄市仁武區中華里,115/08/31,林志榮,民主進步黨,
高雄市仁武區中華里,115/09/02,李之瑋,無,
高雄市仁武區五和里,115/08/31,許有長,民主進步黨,
高雄市仁武區五和里,115/09/01,林雅婷,無,
高雄市仁武區五和里,115/09/02,楊惠如,無,
高雄市仁武區五和里,115/09/02,羅世傑,無,
高雄市仁武區仁和里,115/08/31,鄭諭澤,無,
高雄市仁武區赤山里,115/08/31,鄭如芯,無,
高雄市仁武區赤山里,115/09/02,謝青原,無,
高雄市仁武區赤山里,115/09/03,吳永宗,無,
高雄市仁武區仁慈里,115/08/31,趙珮婕,無,
高雄市仁武區仁慈里,115/09/01,陳梅,民主進步黨,
高雄市仁武區仁慈里,115/09/03,謝長志,無,
高雄市仁武區仁慈里,115/09/03,許登傑,無,
高雄市仁武區八德里,115/09/02,謝秋江,無,
高雄市鳥松區鳥松里,115/09/03,謝唐欽,無,
高雄市鳥松區夢裡里,115/09/02,陳萬丁,無,
高雄市鳥松區大華里,115/09/01,蔡美蘭,中國國民黨,
高雄市鳥松區大華里,115/09/02,林淑芳,無,
高雄市鳥松區坔埔里,115/08/31,黃永順,民主進步黨,
高雄市鳥松區仁美里,115/09/02,吳家儒,無,
高雄市鳥松區仁美里,115/09/02,陳英武,無,
高雄市鳥松區仁美里,115/09/03,劉翔睿,無,
高雄市鳥松區大竹里,115/09/02,林進泰,無,
高雄市鳥松區大竹里,115/09/02,蔡榮瑞,無,
高雄市鳥松區大竹里,115/09/03,許榮峻,無,
高雄市鳥松區華美里,115/09/01,邱宏棋,無,
高雄市鳥松區華美里,115/09/02,丁培中,無,
高雄市鳥松區華美里,115/09/02,邱滄來,無,
高雄市岡山區平安里,115/09/02,蘇錦順,無,
高雄市岡山區平安里,115/09/03,史淑鈴,無,
高雄市岡山區平安里,115/09/03,莊媄惠,無,
高雄市岡山區岡山里,115/09/03,李季錡,無,
高雄市岡山區岡山里,115/09/03,劉天賦,無,
高雄市岡山區壽天里,115/08/31,莊証州,無,
高雄市岡山區維仁里,115/08/31,戴清福,無,
高雄市岡山區維仁里,115/09/03,錢奕璋,無,
高雄市岡山區後紅里,115/09/01,韓嘉嘉,無,
高雄市岡山區大遼里,115/08/31,蔡錫琛,無,
高雄市岡山區大遼里,115/08/31,許世峯,無,
高雄市岡山區大遼里,115/09/01,柯文哲,無,
高雄市岡山區忠孝里,115/09/02,江國華,無,
高雄市岡山區忠孝里,115/09/04,蔡秀惠,中國國民黨,
高雄市岡山區忠孝里,115/09/04,袁振新,無,
高雄市岡山區和平里,115/08/31,葉春蘭,無,
高雄市岡山區和平里,115/09/02,張志銘,無,
高雄市岡山區前峰里,115/09/02,蔡佩玲,無,
高雄市岡山區劉厝里,115/08/31,劉亮宏,無,
高雄市岡山區劉厝里,115/09/02,劉慶煌,民主進步黨,
高雄市岡山區協和里,115/09/02,呂煌龍,無,
高雄市岡山區後協里,115/08/31,謝振榮,無,
高雄市岡山區後協里,115/09/02,李再富,無,
高雄市岡山區後協里,115/09/04,黃太明,無,
高雄市岡山區信義里,115/08/31,石秀霞,無,
高雄市岡山區信義里,115/09/01,汪拓谷,無,
高雄市岡山區潭底里,115/09/02,王金猜,無,
高雄市岡山區三和里,115/09/02,施文賢,無,
高雄市岡山區三和里,115/09/04,潘秋菊,無,
高雄市岡山區仁壽里,115/08/31,劉永裕,無,
高雄市岡山區碧紅里,115/09/02,楊宗賢,無,
高雄市岡山區碧紅里,115/09/02,余誌恆,無,
高雄市岡山區碧紅里,115/09/03,黃艶聆,中國國民黨,
高雄市岡山區碧紅里,115/09/03,李有財,無,
高雄市岡山區程香里,115/08/31,劉承泰,無,
高雄市岡山區竹圍里,115/08/31,何榮裕,無,
高雄市岡山區竹圍里,115/09/02,郭淑玲,無,
高雄市岡山區竹圍里,115/09/02,吳家盈,無,
高雄市岡山區竹圍里,115/09/03,吳幸芬,無,
高雄市岡山區台上里,115/08/31,李金本,無,
高雄市岡山區灣裡里,115/09/02,林仁傑,無,
高雄市岡山區白米里,115/08/31,曾詠妮,無,
高雄市岡山區白米里,115/09/02,史勝忠,民主進步黨,
高雄市岡山區白米里,115/09/03,蔡登溪,無,
高雄市岡山區石潭里,115/09/02,廖壹正,無,
高雄市岡山區福興里,115/09/02,何進柱,無,
高雄市岡山區本洲里,115/09/01,余淑娟,無,
高雄市岡山區本洲里,115/09/03,蕭黃淑惠,無,
高雄市岡山區嘉興里,115/09/03,蔡宜眞,無,
高雄市岡山區嘉峰里,115/09/03,高昭南,無,
高雄市岡山區華崗里,115/09/01,杜光達,無,
高雄市岡山區大莊里,115/09/01,汪建雄,無,
高雄市岡山區協榮里,115/09/01,王信惟,無,
高雄市岡山區協榮里,115/09/02,洪國正,無,
高雄市岡山區為隨里,115/08/31,曾益遜,無,
高雄市岡山區為隨里,115/08/31,陳葉芝,無,
高雄市岡山區壽峰里,115/09/02,李美麗,無,
高雄市岡山區仁義里,115/08/31,顏茂吉,無,
高雄市橋頭區橋頭里,115/08/31,方民田,無,
高雄市橋頭區橋頭里,115/08/31,林金英,無,
高雄市橋頭區橋南里,115/09/02,蘇道明,民主進步黨,
高雄市橋頭區橋南里,115/09/03,鍾濬帆,無,
高雄市橋頭區仕隆里,115/09/02,蔡孟吟,無,
高雄市橋頭區仕隆里,115/09/03,馬兆賢,無,
高雄市橋頭區仕豐里,115/09/03,周才淵,民主進步黨,
高雄市橋頭區芋寮里,115/09/01,凌陽賢,無,
高雄市橋頭區芋寮里,115/09/01,凌俊隆,無,
高雄市橋頭區芋寮里,115/09/03,傅壽勝,無,
高雄市橋頭區東林里,115/09/02,陸見青,無,
高雄市橋頭區西林里,115/09/02,吳建豐,無,
高雄市橋頭區白樹里,115/08/31,古翔宇,無,
高雄市橋頭區白樹里,115/09/03,戴良燕,無,
高雄市橋頭區白樹里,115/09/03,何信標,無,
高雄市橋頭區白樹里,115/09/04,吳安祥,無,
高雄市橋頭區筆秀里,115/09/02,詹嘉郁,無,
高雄市橋頭區筆秀里,115/09/03,洪國智,無,
高雄市橋頭區新莊里,115/08/31,凃珈禎,無,
高雄市橋頭區新莊里,115/09/02,許金燕,無,
高雄市橋頭區甲北里,115/09/02,李林足素,無,
高雄市橋頭區甲北里,115/09/04,許世豐,無,
高雄市橋頭區甲南里,115/09/02,方明賢,無,
高雄市橋頭區頂鹽里,115/09/02,顏家進,無,
高雄市橋頭區中崎里,115/09/02,蘇招治,無,
高雄市橋頭區中崎里,115/09/03,詹水豊,無,
高雄市橋頭區中崎里,115/09/04,沈志輝,無,
高雄市橋頭區仕和里,115/09/03,許展溢,無,
高雄市橋頭區仕和里,115/09/03,朱高成,無,
高雄市橋頭區德松里,115/09/02,何東喜,無,
高雄市橋頭區德松里,115/09/03,王啓村,無,
高雄市橋頭區三德里,115/09/02,劉崇凱,無,
高雄市橋頭區三德里,115/09/03,林國豐,無,
高雄市燕巢區尖山里,115/09/01,鄭登華,無,
高雄市燕巢區尖山里,115/09/02,高清諒,無,
高雄市燕巢區尖山里,115/09/03,何旭信,無,
高雄市燕巢區瓊林里,115/09/02,李陳春美,無,
高雄市燕巢區瓊林里,115/09/03,張舜傑,無,
高雄市燕巢區安招里,115/09/02,韓忠峯,無,
高雄市燕巢區角宿里,115/08/31,莊璨隆,無,
高雄市燕巢區鳳雄里,115/09/01,陳明發,無,
高雄市燕巢區鳳雄里,115/09/03,蔡騰文,台灣基進,
高雄市燕巢區金山里,115/08/31,林順輔,無,
高雄市燕巢區金山里,115/09/02,莊有貴,無,
高雄市燕巢區東燕里,115/08/31,吳振武,無,
高雄市燕巢區東燕里,115/09/03,鄭遠松,無,
高雄市燕巢區南燕里,115/09/01,吳哲祥,無,
高雄市燕巢區南燕里,115/09/02,王文己,無,
高雄市燕巢區南燕里,115/09/03,林南江,無,
高雄市燕巢區南燕里,115/09/04,孫淑娟,無,
高雄市燕巢區西燕里,115/09/03,李秀英,無,
高雄市燕巢區橫山里,115/09/02,陳隆盛,無,
高雄市燕巢區深水里,115/09/01,林明雄,無,
高雄市田寮區鹿埔里,115/09/03,楊美芬,無,
高雄市田寮區南安里,115/09/03,黃朝添,無,
高雄市田寮區大同里,115/08/31,王榮華,無,
高雄市田寮區田寮里,115/09/02,連清文,無,
高雄市田寮區田寮里,115/09/03,連于萱,無,
高雄市田寮區田寮里,115/09/04,陳保源,無,
高雄市田寮區七星里,115/09/02,呂革明,無,
高雄市田寮區崇德里,115/09/02,鄭良川,無,
高雄市田寮區崇德里,115/09/03,陳金城,無,
高雄市田寮區西德里,115/09/02,黃萬春,無,
高雄市田寮區三和里,115/08/31,林正春,無,
高雄市田寮區古亭里,115/09/02,許英豪,無,
高雄市田寮區新興里,115/08/31,何百農,無,
高雄市田寮區新興里,115/09/02,林源益,無,
高雄市阿蓮區石安里,115/09/02,蔡寬意,無,
高雄市阿蓮區石安里,115/09/04,石財源,無,
高雄市阿蓮區中路里,115/09/02,林永信,無,
高雄市阿蓮區中路里,115/09/02,葉峻銘,無,
高雄市阿蓮區峯山里,115/08/31,鄭鴻哖,無,
高雄市阿蓮區港後里,115/09/01,鄭文能,無,
高雄市阿蓮區崗山里,115/08/31,吳玄文,無,
高雄市阿蓮區崗山里,115/08/31,吳尚儒,無,
高雄市阿蓮區崗山里,115/08/31,謝潔霈,無,
高雄市阿蓮區阿蓮里,115/09/02,黃靖娟,無,
高雄市阿蓮區阿蓮里,115/09/04,王清發,無,
高雄市阿蓮區清蓮里,115/09/02,李丁美玲,無,
高雄市阿蓮區清蓮里,115/09/03,陳伯温,無,
高雄市阿蓮區和蓮里,115/08/31,江忠元,無,
高雄市阿蓮區和蓮里,115/09/01,謝乾閔,無,
高雄市阿蓮區和蓮里,115/09/02,陳秀裡,無,
高雄市阿蓮區青旗里,115/08/31,陳文曉,無,
高雄市阿蓮區復安里,115/08/31,陳平尚,無,
高雄市阿蓮區復安里,115/08/31,何榮華,中國國民黨,
高雄市阿蓮區復安里,115/09/04,陳右龍,無,
高雄市阿蓮區玉庫里,115/09/02,鄭明聰,無,
高雄市阿蓮區南蓮里,115/09/03,林首相,無,
高雄市路竹區竹滬里,115/08/31,劉明彰,無,
高雄市路竹區竹滬里,115/08/31,劉崑芳,無,
高雄市路竹區竹滬里,115/08/31,洪雅玲,無,
高雄市路竹區頂寮里,115/09/02,黃居賢,無,
高雄市路竹區頂寮里,115/09/04,翁清日,無,
高雄市路竹區新達里,115/08/31,杜明昌,無,
高雄市路竹區新達里,115/09/02,吳武生,無,
高雄市路竹區後鄉里,115/08/31,金宜頵,無,
高雄市路竹區後鄉里,115/09/01,蔡國輝,無,
高雄市路竹區北嶺里,115/08/31,黃松德,無,
高雄市路竹區北嶺里,115/08/31,林御風,無,
高雄市路竹區社西里,115/08/31,馬旭來,無,
高雄市路竹區社西里,115/09/02,陳文吉,無,
高雄市路竹區甲北里,115/08/31,王又立,無,
高雄市路竹區甲北里,115/09/02,王文梁,無,
高雄市路竹區甲南里,115/09/02,黃吉松,無,
高雄市路竹區甲南里,115/09/02,王俊傑,無,
高雄市路竹區下坑里,115/09/01,王金水,無,
高雄市路竹區下坑里,115/09/03,李依欣,無,
高雄市路竹區竹園里,115/08/31,何鳳英,無,
高雄市路竹區竹園里,115/09/01,辛瑞賢,無,
高雄市路竹區竹園里,115/09/02,謝清德,無,
高雄市路竹區竹東里,115/08/31,程啓龍,無,
高雄市路竹區竹西里,115/09/03,黃李月施,無,
高雄市路竹區竹西里,115/09/04,任健文,無,
高雄市路竹區文北里,115/09/01,陳慶宗,無,
高雄市路竹區文北里,115/09/02,陳淑娟,無,
高雄市路竹區文南里,115/08/31,許明嘉,無,
高雄市路竹區文南里,115/09/03,洪仲禎,無,
高雄市路竹區三爺里,115/08/31,康庭琰,無,
高雄市路竹區鴨寮里,115/09/02,蘇清吉,無,
高雄市路竹區社東里,115/09/03,蘇鑫,無,
高雄市路竹區社中里,115/08/31,蘇春得,無,
高雄市路竹區社中里,115/08/31,魏林寶菊,無,
高雄市路竹區竹南里,115/08/31,陳思伸,無,
高雄市路竹區竹南里,115/09/02,林成龍,無,
高雄市路竹區社南里,115/08/31,石永昌,無,
高雄市路竹區社南里,115/09/02,黃福明,無,
高雄市路竹區社南里,115/09/04,陳榮華,無,
高雄市湖內區海山里,115/08/31,劉寶霞,無,
高雄市湖內區劉家里,115/09/01,劉宏添,民主進步黨,
高雄市湖內區劉家里,115/09/01,劉明振,無,
高雄市湖內區太爺里,115/08/31,蘇宗傑,無,
高雄市湖內區公舘里,115/09/01,蘇勝堂,無,
高雄市湖內區公舘里,115/09/01,林蘇麗雲,無,
高雄市湖內區公舘里,115/09/01,林麗梅,無,
高雄市湖內區葉厝里,115/08/31,葉進昌,無,
高雄市湖內區大湖里,115/09/01,謝明軒,無,
高雄市湖內區大湖里,115/09/03,洪添謀,無,
高雄市湖內區田尾里,115/09/01,王秀琴,無,
高雄市湖內區田尾里,115/09/02,謝秋影,無,
高雄市湖內區湖內里,115/08/31,魏漢仁,無,
高雄市湖內區湖內里,115/09/01,林志聰,無,
高雄市湖內區海埔里,115/08/31,李進興,無,
高雄市湖內區海埔里,115/09/01,陳永信,無,
高雄市湖內區海埔里,115/09/01,劉和源,無,
高雄市湖內區文賢里,115/08/31,林金坤,無,
高雄市湖內區文賢里,115/08/31,王俊傑,無,
高雄市湖內區文賢里,115/09/02,李嘉和,無,
高雄市湖內區中賢里,115/08/31,蘇明玉,無,
高雄市湖內區中賢里,115/09/02,林銘仁,無,
高雄市湖內區逸賢里,115/09/02,林秀卿,無,
高雄市湖內區逸賢里,115/09/03,林添才,無,
高雄市湖內區忠興里,115/09/04,邱韋能,無,
高雄市湖內區湖東里,115/08/31,蘇鳳英,無,
高雄市湖內區湖東里,115/09/02,鐘志洺,無,
高雄市湖內區湖東里,115/09/02,林連池,無,
高雄市茄萣區福德里,115/08/31,陳茂生,無,
高雄市茄萣區福德里,115/09/02,李德勝,無,
高雄市茄萣區福德里,115/09/02,陳志忠,無,
高雄市茄萣區萬福里,115/09/02,蘇永南,無,
高雄市茄萣區白雲里,115/09/01,郭彥廷,無,
高雄市茄萣區白雲里,115/09/02,吳建德,無,
高雄市茄萣區白雲里,115/09/04,郭淑燕,無,
高雄市茄萣區嘉賜里,115/09/01,葉宏信,民主進步黨,
高雄市茄萣區嘉賜里,115/09/03,史金鎮,無,
高雄市茄萣區嘉安里,115/09/02,薛瑋均,無,
高雄市茄萣區嘉安里,115/09/03,曾慧心,無,
高雄市茄萣區嘉安里,115/09/04,林陳麗雯,無,
高雄市茄萣區嘉定里,115/08/31,歐春秀,無,
高雄市茄萣區嘉定里,115/09/02,林勝賢,無,
高雄市茄萣區保定里,115/08/31,郭淑芬,無,
高雄市茄萣區光定里,115/08/31,林幸娥,無,
高雄市茄萣區光定里,115/09/02,林高華,無,
高雄市茄萣區大定里,115/09/01,薛金成,無,
高雄市茄萣區大定里,115/09/02,薛明和,無,
高雄市茄萣區吉定里,115/09/02,薛賢成,無,
高雄市茄萣區嘉樂里,115/09/01,郭松南,無,
高雄市茄萣區嘉樂里,115/09/02,楊進財,無,
高雄市茄萣區嘉泰里,115/09/01,林雁貞,無,
高雄市茄萣區嘉泰里,115/09/01,鄭君男,無,
高雄市茄萣區嘉福里,115/08/31,吳財榮,無,
高雄市茄萣區和協里,115/08/31,吳進發,無,
高雄市茄萣區和協里,115/09/01,鄭勇進,無,
高雄市茄萣區崎漏里,115/08/31,邱美麗,無,
高雄市茄萣區崎漏里,115/09/03,劉忠穎,無,
高雄市永安區永安里,115/09/02,郭憲明,無,
高雄市永安區永華里,115/09/02,林明春,無,
高雄市永安區新港里,115/08/31,何應成,無,
高雄市永安區新港里,115/09/03,孫藝鳳,無,
高雄市永安區鹽田里,115/09/02,柯男烈,無,
高雄市永安區保寧里,115/09/02,陳文印,無,
高雄市永安區維新里,115/09/02,蔣福山,無,
高雄市永安區維新里,115/09/03,黃溪水,無,
高雄市彌陀區光和里,115/08/31,林清火,無,
高雄市彌陀區光和里,115/09/01,林昱彣,無,
高雄市彌陀區彌靖里,115/09/01,吳志強,無,
高雄市彌陀區彌仁里,115/09/02,宋智峰,無,
高雄市彌陀區彌仁里,115/09/04,梁天賞,無,
高雄市彌陀區彌壽里,115/09/01,陳銘宏,無,
高雄市彌陀區彌壽里,115/09/03,吳義雄,無,
高雄市彌陀區彌陀里,115/09/01,林煌陸,無,
高雄市彌陀區彌陀里,115/09/04,吳嘉宏,無,
高雄市彌陀區舊港里,115/09/01,李明山,無,
高雄市彌陀區舊港里,115/09/01,吳風慶,無,
高雄市彌陀區文安里,115/09/01,李泰山,無,
高雄市彌陀區鹽埕里,115/09/01,李允條,無,
高雄市彌陀區鹽埕里,115/09/02,謝天財,無,
高雄市彌陀區過港里,115/08/31,張金長,無,
高雄市彌陀區過港里,115/09/02,張柏翔,無,
高雄市彌陀區海尾里,115/09/01,林志強,無,
高雄市彌陀區海尾里,115/09/02,蘇政峯,無,
高雄市彌陀區漯底里,115/08/31,孫萬賜,無,
高雄市彌陀區漯底里,115/09/02,孫錫敏,無,
高雄市彌陀區南寮里,115/08/31,吳宏桂,無,
高雄市梓官區梓信里,115/08/31,蘇上火,無,
高雄市梓官區梓義里,115/09/02,余煊昱,民主進步黨,
高雄市梓官區梓和里,115/08/31,姜志豪,無,
高雄市梓官區梓平里,115/09/01,蘇裕元,無,
高雄市梓官區梓平里,115/09/02,吳彥宏,無,
高雄市梓官區梓平里,115/09/04,蔡坤明,無,
高雄市梓官區中崙里,115/09/03,歐樹發,無,
高雄市梓官區赤崁里,115/09/02,邱耀文,無,
高雄市梓官區赤崁里,115/09/02,蔡良鑑,中國國民黨,
高雄市梓官區赤崁里,115/09/03,蔡良輝,無,
高雄市梓官區禮蚵里,115/08/31,蔡添寳,無,
高雄市梓官區禮蚵里,115/09/01,曾守盡,無,
高雄市梓官區智蚵里,115/09/01,黃榮德,無,
高雄市梓官區智蚵里,115/09/02,鄭柏政,無,
高雄市梓官區智蚵里,115/09/02,曾英柏,無,
高雄市梓官區智蚵里,115/09/03,蕭榮緯,無,
高雄市梓官區信蚵里,115/08/31,曾盈豐,無,
高雄市梓官區信蚵里,115/09/03,劉俊煜,無,
高雄市梓官區同安里,115/08/31,林惠蓮,無,
高雄市梓官區同安里,115/09/01,曾品穎,無,
高雄市梓官區大舍里,115/08/31,歐淼宗,無,
高雄市梓官區大舍里,115/09/02,蔣水南,無,
高雄市梓官區赤東里,115/09/01,郭錦成,無,
高雄市梓官區赤西里,115/09/02,曾文俊,無,
高雄市梓官區赤西里,115/09/02,劉英凱,無,
高雄市梓官區茄苳里,115/09/01,劉和村,無,
高雄市梓官區典寶里,115/09/01,蔡清日,無,
高雄市梓官區典寶里,115/09/02,洪文清,無,
高雄市旗山區太平里,115/09/01,鄭明成,無,
高雄市旗山區太平里,115/09/02,陳政豪,無,
高雄市旗山區大德里,115/09/02,謝家寶,無,
高雄市旗山區大德里,115/09/02,曾慶義,無,
高雄市旗山區湄洲里,115/09/01,張介星,無,
高雄市旗山區湄洲里,115/09/02,陳聖允,無,
高雄市旗山區圓富里,115/09/01,蘭瑞敏,無,
高雄市旗山區圓富里,115/09/03,謝寶興,無,
高雄市旗山區中正里,115/09/02,郭舜明,無,
高雄市旗山區大林里,115/09/02,莊承翰,無,
高雄市旗山區大林里,115/09/03,曹啟鴻,無,
高雄市旗山區大林里,115/09/04,楊人,無,
高雄市旗山區上洲里,115/09/02,柯瑞斌,無,
高雄市旗山區新光里,115/08/31,陳峯翔,無,
高雄市旗山區南勝里,115/09/01,廖宗吉,無,
高雄市旗山區南勝里,115/09/02,蘇國泰,無,
高雄市旗山區中寮里,115/08/31,林啓禎,無,
高雄市旗山區中寮里,115/09/02,林順鱟,無,
高雄市旗山區中寮里,115/09/04,林琦舜,無,
高雄市旗山區東平里,115/09/02,石正忠,無,
高雄市旗山區東昌里,115/08/31,邱清郎,無,
高雄市旗山區東昌里,115/09/03,劉惠廸,無,
高雄市旗山區竹峰里,115/09/02,郭信東,無,
高雄市旗山區瑞吉里,115/08/31,游國文,無,
高雄市旗山區永和里,115/09/01,林來順,無,
高雄市旗山區永和里,115/09/01,沈美玉,無,
高雄市旗山區永和里,115/09/02,周銹玉,無,
高雄市旗山區三協里,115/08/31,楊崎堯,無,
高雄市旗山區三協里,115/09/02,劉文寶,無,
高雄市旗山區鯤洲里,115/09/02,柯文化,民主進步黨,
高雄市旗山區大山里,115/09/01,柯凱捷,無,
高雄市旗山區大山里,115/09/02,柯旗旺,無,
高雄市旗山區中洲里,115/09/01,羅昱晴,無,
高雄市旗山區中洲里,115/09/04,郭見基,無,
高雄市旗山區南洲里,115/08/31,郭順得,無,
高雄市旗山區南洲里,115/09/02,黃吉祥,無,
高雄市旗山區廣福里,115/08/31,陳俊吉,無,
高雄市旗山區廣福里,115/09/03,宋銘新,無,
高雄市美濃區福安里,115/08/31,古能魁,無,
高雄市美濃區福安里,115/08/31,宋立中,無,
高雄市美濃區福安里,115/09/02,鍾銘安,無,
高雄市美濃區合和里,115/09/02,林榮增,無,
高雄市美濃區合和里,115/09/02,林作松,無,
高雄市美濃區祿興里,115/09/02,劉昭宏,無,
高雄市美濃區中壇里,115/09/02,楊俊彥,無,
高雄市美濃區中壇里,115/09/02,黃森文,無,
高雄市美濃區德興里,115/09/02,朱政世,無,
高雄市美濃區德興里,115/09/02,劉盛達,無,
高雄市美濃區德興里,115/09/02,劉金松,無,
高雄市美濃區龍山里,115/09/01,温源興,無,
高雄市美濃區獅山里,115/08/31,鍾明福,無,
高雄市美濃區獅山里,115/08/31,陳俊文,無,
高雄市美濃區獅山里,115/09/01,劉桂金,無,
高雄市美濃區龍肚里,115/09/02,蕭富旗,無,
高雄市美濃區龍肚里,115/09/02,邱子軒,無,
高雄市美濃區龍肚里,115/09/04,朱群祥,無,
高雄市美濃區龍肚里,115/09/04,朱福欽,無,
高雄市美濃區廣德里,115/08/31,黃沛文,無,
高雄市美濃區廣德里,115/09/01,楊興雲,無,
高雄市美濃區興隆里,115/08/31,黃耀榮,無,
高雄市美濃區興隆里,115/09/01,黃銘鈞,無,
高雄市美濃區中圳里,115/08/31,林年進,無,
高雄市美濃區中圳里,115/09/02,林幹華,無,
高雄市美濃區中圳里,115/09/02,黃其添,無,
高雄市美濃區東門里,115/09/01,林享有,無,
高雄市美濃區東門里,115/09/02,羅文俊,無,
高雄市美濃區泰安里,115/09/03,劉國松,無,
高雄市美濃區泰安里,115/09/04,邱國維,無,
高雄市美濃區瀰濃里,115/08/31,林仁興,無,
高雄市美濃區瀰濃里,115/09/02,劉和昌,無,
高雄市美濃區清水里,115/09/01,張本賢,無,
高雄市美濃區清水里,115/09/02,黃生榮,無,
高雄市美濃區清水里,115/09/02,張金發,無,
高雄市美濃區吉洋里,115/09/02,曾順昌,無,
高雄市美濃區吉洋里,115/09/02,陳新富,無,
高雄市美濃區吉洋里,115/09/02,施力憲,無,
高雄市美濃區吉和里,115/09/03,黃文梅,無,
高雄市美濃區吉和里,115/09/04,鍾秋香,無,
高雄市美濃區吉東里,115/09/02,黃新華,無,
高雄市美濃區吉東里,115/09/03,曾新寳,無,
高雄市美濃區廣林里,115/08/31,羅鎮明,無,
高雄市美濃區廣林里,115/09/02,鍾文宗,無,
高雄市美濃區廣林里,115/09/03,傅兆鎮,無,
高雄市六龜區新威里,115/08/31,邱梓瑄,無,
高雄市六龜區新威里,115/09/01,徐福錦,無,
高雄市六龜區新威里,115/09/02,陳文秀,無,
高雄市六龜區新威里,115/09/02,邱民棟,無,
高雄市六龜區新威里,115/09/03,邱孟羗,無,
高雄市六龜區新興里,115/09/02,邱瑞明,無,
高雄市六龜區新興里,115/09/02,潘進榮,無,
高雄市六龜區新興里,115/09/03,廖志雄,無,
高雄市六龜區新寮里,115/08/31,朱玉雲,無,
高雄市六龜區新寮里,115/09/02,徐玉昌,無,
高雄市六龜區新發里,115/08/31,林善原,無,
高雄市六龜區新發里,115/08/31,張文良,無,
高雄市六龜區新發里,115/09/02,劉俊麟,無,
高雄市六龜區新發里,115/09/04,潘遠振,無,
高雄市六龜區荖濃里,115/08/31,陳俊福,無,
高雄市六龜區荖濃里,115/09/03,陳金元,無,
高雄市六龜區六龜里,115/08/31,邱國輝,無,
高雄市六龜區義寶里,115/08/31,鍾啓鴻,無,
高雄市六龜區興龍里,115/08/31,黃永明,無,
高雄市六龜區興龍里,115/09/02,曾子榕,無,
高雄市六龜區興龍里,115/09/02,鍾委伶,無,
高雄市六龜區中興里,115/08/31,郭明聰,無,
高雄市六龜區中興里,115/08/31,陳世宏,無,
高雄市六龜區中興里,115/09/02,趙志國,無,
高雄市六龜區寶來里,115/09/02,魏英琦,無,
高雄市六龜區寶來里,115/09/02,呂學勝,無,
高雄市六龜區寶來里,115/09/02,劉秀蘭,無,
高雄市六龜區文武里,115/09/02,葉國昌,無,
高雄市六龜區文武里,115/09/04,黃明星,無,
高雄市六龜區大津里,115/09/02,林献堂,無,
高雄市六龜區大津里,115/09/03,李淑華,無,
高雄市甲仙區東安里,115/09/02,游新儀,中國國民黨,
高雄市甲仙區東安里,115/09/02,康明締,無,
高雄市甲仙區西安里,115/09/04,范姮枝,中國國民黨,
高雄市甲仙區和安里,115/09/02,李新福,無,
高雄市甲仙區和安里,115/09/03,賴金聰,無,
高雄市甲仙區大田里,115/09/03,張琪,無,
高雄市甲仙區寶隆里,115/08/31,王雲紀,無,
高雄市甲仙區寶隆里,115/09/02,連英朱,無,
高雄市甲仙區關山里,115/09/03,林欣郿,無,
高雄市甲仙區小林里,115/09/02,潘世彬,無,
高雄市甲仙區小林里,115/09/02,潘聰榮,無,
高雄市杉林區杉林里,115/08/31,陳明昌,無,
高雄市杉林區杉林里,115/09/02,廖振興,無,
高雄市杉林區木梓里,115/09/01,林同德,無,
高雄市杉林區集來里,115/08/31,楊正雄,無,
高雄市杉林區集來里,115/09/02,卓信化,無,
高雄市杉林區新庄里,115/09/02,張國媛,無,
高雄市杉林區新庄里,115/09/03,陳勤招,無,
高雄市杉林區上平里,115/08/31,林品妏,無,
高雄市杉林區上平里,115/09/02,張福松,無,
高雄市杉林區月眉里,115/08/31,官梅英,無,
高雄市杉林區月眉里,115/09/03,楊文貴,無,
高雄市杉林區月美里,115/09/02,林榮祥,無,
高雄市杉林區月美里,115/09/03,劉曉君,無,
高雄市杉林區大愛里,115/09/01,賴東山,無,
高雄市杉林區大愛里,115/09/04,陳木源,無,
高雄市內門區溝坪里,115/09/01,林彥甫,無,
高雄市內門區溝坪里,115/09/01,鍾聯家,無,
高雄市內門區溝坪里,115/09/02,謝振明,無,
高雄市內門區金竹里,115/09/02,林熾杉,無,
高雄市內門區永富里,115/08/31,戴万荏,無,
高雄市內門區永富里,115/09/03,蒙勝南,無,
高雄市內門區永吉里,115/09/02,李永坤,無,
高雄市內門區永吉里,115/09/03,潘宗恩,無,
高雄市內門區永興里,115/09/02,羅軒源,無,
高雄市內門區永興里,115/09/02,郭嘉富,無,
高雄市內門區石坑里,115/09/01,劉文斌,無,
高雄市內門區石坑里,115/09/03,黃清巖,無,
高雄市內門區內門里,115/09/02,蔡瓊鳳,無,
高雄市內門區內門里,115/09/03,陳義良,無,
高雄市內門區內豊里,115/09/01,李陳麗美,無,
高雄市內門區內豊里,115/09/02,龔飛盛,無,
高雄市內門區觀亭里,115/08/31,薛雋達,無,
高雄市內門區觀亭里,115/09/02,許志芳,無,
高雄市內門區觀亭里,115/09/03,盧致傑,無,
高雄市內門區觀亭里,115/09/04,陳豐茂,無,
高雄市內門區中埔里,115/09/01,鄭永辰,無,
高雄市內門區中埔里,115/09/03,黃健宏,無,
高雄市內門區內東里,115/09/02,許愷麟,無,
高雄市內門區內東里,115/09/03,陳明章,無,
高雄市內門區內南里,115/09/02,沈芳昌,無,
高雄市內門區東埔里,115/09/02,張錦泉,無,
高雄市內門區東埔里,115/09/03,陳詠嘉,無,
高雄市內門區東埔里,115/09/04,林新原,無,
高雄市內門區三平里,115/08/31,洪生業,無,
高雄市內門區木柵里,115/09/02,机素勤,無,
高雄市內門區內興里,115/09/01,力永信,無,
高雄市內門區瑞山里,115/09/01,黄淑玲,無,
高雄市內門區光興里,115/09/04,王士訓,無,
高雄市內門區光興里,115/09/04,蔡志強,無,
高雄市茂林區茂林里,115/08/31,田振弘 Kukui · Pakadavy,無,
高雄市茂林區茂林里,115/09/03,武仲杰,無,
高雄市茂林區萬山里,115/08/31,蔡正男,無,
高雄市茂林區萬山里,115/09/02,金瑞原,無,
高雄市茂林區多納里,115/08/31,羅耀明,無,
高雄市茂林區多納里,115/09/02,巫榮輝,無,
高雄市桃源區桃源里,115/08/31,高俊明 Lituan· Takiludun,無,
高雄市桃源區桃源里,115/09/03,顏志偉,無,
高雄市桃源區寶山里,115/08/31,葉進明,無,
高雄市桃源區寶山里,115/09/01,陳燕霜,無,
高雄市桃源區寶山里,115/09/02,陳林彩秀,無,
高雄市桃源區建山里,115/08/31,阿怒·以斯 馬哈善·以 斯利段Anu· Ismahasan· Islituan,無,
高雄市桃源區建山里,115/09/01,陳建億,無,
高雄市桃源區建山里,115/09/04,高忠義,無,
高雄市桃源區高中里,115/09/01,余有清,無,
高雄市桃源區高中里,115/09/03,黃曉玉,無,
高雄市桃源區高中里,115/09/03,賴文義,無,
高雄市桃源區勤和里,115/08/31,杜駿昌,無,
高雄市桃源區復興里,115/08/31,謝清明,無,
高雄市桃源區復興里,115/09/02,江孫財,無,
高雄市桃源區拉芙蘭里,115/08/31,謝貴奇,無,
高雄市桃源區拉芙蘭里,115/09/03,吳光宇,無,
高雄市桃源區梅山里,115/09/02,顏忠義,無,
高雄市那瑪夏區達卡努瓦里,115/09/01,朱子亮,無,
高雄市那瑪夏區達卡努瓦里,115/09/02,伊斯坦大・ 將,無,
高雄市那瑪夏區達卡努瓦里,115/09/02,許聖明,無,
高雄市那瑪夏區瑪雅里,115/09/01,許利滿,無,
高雄市那瑪夏區南沙魯里,115/09/01,葉銓卿,無,
高雄市那瑪夏區南沙魯里,115/09/03,張志雄,無,
高雄市那瑪夏區瑪星哈蘭里,115/08/31,趙正中,無,
高雄市那瑪夏區瑪星哈蘭里,115/09/02,林振興,無,
新竹縣竹北市斗崙里,115/09/02,張琬媃,無,
新竹縣竹北市斗崙里,115/09/03,葉美玲,無,
新竹縣竹北市鹿場里,115/09/02,范語庭,無,
新竹縣竹北市鹿場里,115/09/02,范光仁,無,
新竹縣竹北市東平里,115/08/31,彭美齡,無,
新竹縣竹北市東平里,115/08/31,林顥峰,無,
新竹縣竹北市中興里,115/08/31,莊淙澍,無,
新竹縣竹北市隘口里,115/09/02,陳能昌,無,
新竹縣竹北市東海里,115/09/02,胡瑞琴,無,
新竹縣竹北市東海里,115/09/03,簡秀蓮,無,
新竹縣竹北市竹北里,115/09/02,李麗惠,無,
新竹縣竹北市竹北里,115/09/02,黃盈凱,無,
新竹縣竹北市竹仁里,115/09/01,劉堂隆,無,
新竹縣竹北市竹義里,115/09/01,陳文得,無,
新竹縣竹北市竹義里,115/09/02,林家緯,無,
新竹縣竹北市泰和里,115/09/02,廖鴻燕,無,
新竹縣竹北市泰和里,115/09/03,廖芊涵,無,
新竹縣竹北市新社里,115/09/02,范植雄,無,
新竹縣竹北市新社里,115/09/02,陳明清,無,
新竹縣竹北市聯興里,115/09/02,傅永煥,無,
新竹縣竹北市聯興里,115/09/02,曾得盛,無,
新竹縣竹北市麻園里,115/09/01,許榮生,無,
新竹縣竹北市溪州里,115/08/31,彭仁墩,無,
新竹縣竹北市白地里,115/09/03,陳相進,無,
新竹縣竹北市白地里,115/09/04,戴錦泉,無,
新竹縣竹北市新港里,115/08/31,戴章興,無,
新竹縣竹北市大義里,115/09/04,曾台安,無,
新竹縣竹北市大義里,115/09/04,盧信忠,無,
新竹縣竹北市崇義里,115/09/02,曾振堅,無,
新竹縣竹北市崇義里,115/09/03,曾華民,無,
新竹縣竹北市大眉里,115/09/02,黃偵展,無,
新竹縣竹北市大眉里,115/09/03,張清龍,無,
新竹縣竹北市尚義里,115/09/02,曾福,無,
新竹縣竹北市尚義里,115/09/04,鄭凱丰,無,
新竹縣竹北市十興里,115/09/03,毛振福,無,
新竹縣竹北市新國里,115/09/04,吳瑋倫,無,
新竹縣竹北市新國里,115/09/04,彭德昌,無,
新竹縣竹北市新庄里,115/09/02,麥森福,無,
新竹縣竹北市新庄里,115/09/04,余清輝,無,
新竹縣竹北市北崙里,115/09/01,洪燕卿,無,
新竹縣竹北市北崙里,115/09/02,劉福登,無,
新竹縣竹北市新崙里,115/09/02,林一玲,無,
新竹縣竹北市新崙里,115/09/03,劉旦貴,無,
新竹縣竹北市福德里,115/08/31,曾文忠,無,
新竹縣竹北市福德里,115/09/02,黃淑珠,無,
新竹縣竹北市東興里,115/09/02,龍春廣,無,
新竹縣竹北市東興里,115/09/02,謝淑晶,無,
新竹縣竹北市北興里,115/09/02,林奕汝,無,
新竹縣竹北市北興里,115/09/02,田慶順,無,
新竹縣竹北市北興里,115/09/02,孫德超,無,
新竹縣竹北市興安里,115/09/02,彭垣均,無,
新竹縣竹北市文化里,115/09/02,謝棋鈞,無,
新竹縣竹北市文化里,115/09/04,謝智全,無,
新竹縣竹北市中崙里,115/09/02,李金對,無,
新竹縣竹北市中崙里,115/09/03,曾秋月,無,
新竹縣竹東鎮上坪里,115/09/02,曾瑞琴,無,
新竹縣竹東鎮上坪里,115/09/02,羅紹華,無,
新竹縣竹東鎮瑞峰里,115/08/31,彭康麟,無,
新竹縣竹東鎮瑞峰里,115/09/02,葉祥文,無,
新竹縣竹東鎮軟橋里,115/09/01,徐福亮,無,
新竹縣竹東鎮軟橋里,115/09/02,林德源,無,
新竹縣竹東鎮員崠里,115/09/02,王瀚立,無,
新竹縣竹東鎮東寧里,115/09/02,鍾桂鳳,中國國民黨,
新竹縣竹東鎮東寧里,115/09/03,官淑雅,無,
新竹縣竹東鎮上舘里,115/08/31,莊瑞琴,無,
新竹縣竹東鎮上舘里,115/09/03,邱榮發,無,
新竹縣竹東鎮大鄉里,115/09/02,陳鏡文,無,
新竹縣竹東鎮大鄉里,115/09/02,孔維新,無,
新竹縣竹東鎮東華里,115/09/03,徐長妹,無,
新竹縣竹東鎮東華里,115/09/03,陳信宏,無,
新竹縣竹東鎮商華里,115/09/02,鍾宏達,無,
新竹縣竹東鎮竹東里,115/09/02,彭永淦,無,
新竹縣竹東鎮榮樂里,115/08/31,馮文營,無,
新竹縣竹東鎮榮樂里,115/09/02,張大豐,無,
新竹縣竹東鎮鷄林里,115/08/31,賴運土,中國國民黨,
新竹縣竹東鎮鷄林里,115/09/04,范錦榮,台灣民主黨,
新竹縣竹東鎮鷄林里,115/09/04,賴謝玉春,無,
新竹縣竹東鎮鷄林里,115/09/04,謝兆豐,無,
新竹縣竹東鎮仁愛里,115/08/31,張書豪,無,
新竹縣竹東鎮仁愛里,115/09/03,邱定忠,無,
新竹縣竹東鎮五豐里,115/08/31,熊翠芬,無,
新竹縣竹東鎮五豐里,115/09/02,羅晉弘,中國國民黨,
新竹縣竹東鎮三重里,115/08/31,許淑惠,無,
新竹縣竹東鎮三重里,115/09/01,鍾煥明,無,
新竹縣竹東鎮頭重里,115/08/31,林昱安,無,
新竹縣竹東鎮頭重里,115/09/02,曾俊傑,無,
新竹縣竹東鎮頭重里,115/09/03,吳浩弘,台灣整復師聯盟工黨,
新竹縣竹東鎮員山里,115/09/01,黃柏智,無,
新竹縣竹東鎮員山里,115/09/02,徐銓旺,無,
新竹縣竹東鎮柯湖里,115/09/02,呂建宏,中國國民黨,
新竹縣竹東鎮二重里,115/09/03,林永銓,中國國民黨,
新竹縣竹東鎮二重里,115/09/03,莊雨能,無,
新竹縣竹東鎮二重里,115/09/04,李一良,無,
新竹縣竹東鎮中山里,115/08/31,鄧吉宏,無,
新竹縣竹東鎮中山里,115/09/02,孫光政,無,
新竹縣竹東鎮中山里,115/09/03,張均莉,無,
新竹縣竹東鎮中山里,115/09/03,貝建勳,無,
新竹縣竹東鎮中正里,115/09/02,鄒鳳瑩,無,
新竹縣竹東鎮中正里,115/09/03,黃國樞,無,
新竹縣竹東鎮南華里,115/08/31,林青山,中國國民黨,
新竹縣竹東鎮南華里,115/09/01,王兆禎,無,
新竹縣竹東鎮榮華里,115/09/02,彭昇顥,中國國民黨,
新竹縣竹東鎮忠孝里,115/09/02,鄭文龍,無,
新竹縣竹東鎮忠孝里,115/09/03,林旭諒,無,
新竹縣竹東鎮陸豐里,115/09/02,呂學清,無,
新竹縣新埔鎮內立里,115/08/31,謝沅澄,無,
新竹縣新埔鎮內立里,115/09/04,彭似構,無,
新竹縣新埔鎮寶石里,115/09/02,鄧世雲,無,
新竹縣新埔鎮寶石里,115/09/03,黃湘畇,無,
新竹縣新埔鎮文山里,115/09/02,章巧芳,無,
新竹縣新埔鎮文山里,115/09/02,范蔡揚,無,
新竹縣新埔鎮五埔里,115/09/02,陳保良,無,
新竹縣新埔鎮五埔里,115/09/04,張家洋,無,
新竹縣新埔鎮四座里,115/09/02,劉士相,無,
新竹縣新埔鎮四座里,115/09/03,范凱閎,無,
新竹縣新埔鎮旱坑里,115/09/03,劉瑞滿,無,
新竹縣新埔鎮旱坑里,115/09/03,林月琴,無,
新竹縣新埔鎮旱坑里,115/09/03,張將堂,無,
新竹縣新埔鎮田新里,115/08/31,蔡瑞慧,無,
新竹縣新埔鎮新埔里,115/09/02,林陳双美,無,
新竹縣新埔鎮新埔里,115/09/03,曾淑元,無,
新竹縣新埔鎮新生里,115/09/02,許麗珍,無,
新竹縣新埔鎮新生里,115/09/03,張志嘉,無,
新竹縣新埔鎮新民里,115/09/02,陳碧雲,無,
新竹縣新埔鎮新民里,115/09/02,吳桂香,無,
新竹縣新埔鎮新民里,115/09/02,蘇炘培,無,
新竹縣新埔鎮上寮里,115/08/31,林祐賢,無,
新竹縣新埔鎮上寮里,115/09/03,魏裕宸,無,
新竹縣新埔鎮上寮里,115/09/03,張碧鳳,無,
新竹縣新埔鎮下寮里,115/09/02,林鼎基,無,
新竹縣新埔鎮下寮里,115/09/02,陳泰寧,無,
新竹縣新埔鎮南平里,115/09/02,余成家,無,
新竹縣新埔鎮南平里,115/09/03,劉守振,無,
新竹縣新埔鎮北平里,115/08/31,林有裕,無,
新竹縣新埔鎮巨埔里,115/08/31,彭享煤,無,
新竹縣新埔鎮巨埔里,115/09/02,范振彰,無,
新竹縣新埔鎮照門里,115/09/02,劉華柱,無,
新竹縣新埔鎮清水里,115/09/04,劉春英,無,
新竹縣新埔鎮鹿鳴里,115/09/02,陳英基,無,
新竹縣新埔鎮鹿鳴里,115/09/02,陳英修,無,
新竹縣新埔鎮新北里,115/09/02,鍾東華,無,
新竹縣新埔鎮新北里,115/09/03,廖文豪,無,
新竹縣關西鎮東興里,115/09/02,彭文君,無,
新竹縣關西鎮西安里,115/09/02,陳祿縈,無,
新竹縣關西鎮西安里,115/09/02,羅吉森,無,
新竹縣關西鎮南雄里,115/09/02,劉名鎮,中國國民黨,
新竹縣關西鎮南雄里,115/09/02,陳謝滿妹,無,
新竹縣關西鎮南雄里,115/09/03,林吳玉英,無,
新竹縣關西鎮南雄里,115/09/04,邱玉彤,無,
新竹縣關西鎮北斗里,115/09/02,劉得彬,無,
新竹縣關西鎮北斗里,115/09/02,劉禮浩,無,
新竹縣關西鎮北斗里,115/09/03,陳孝明,無,
新竹縣關西鎮仁安里,115/08/31,黃瑞娥,無,
新竹縣關西鎮北山里,115/08/31,邱勝豐,無,
新竹縣關西鎮南山里,115/09/02,羅仕焰,無,
新竹縣關西鎮南山里,115/09/04,羅惟誠,無,
新竹縣關西鎮東安里,115/09/02,謝進全,無,
新竹縣關西鎮東光里,115/09/03,葉明璋,無,
新竹縣關西鎮新富里,115/09/02,范揚斌,無,
新竹縣關西鎮新富里,115/09/04,徐聰鐘,無,
新竹縣關西鎮金山里,115/09/01,蔡涼進,無,
新竹縣關西鎮金山里,115/09/02,林發淦,無,
新竹縣關西鎮金山里,115/09/04,羅金基,無,
新竹縣關西鎮錦山里,115/09/03,林保國,無,
新竹縣關西鎮玉山里,115/08/31,曾天青,無,
新竹縣關西鎮玉山里,115/09/02,蕭慶帝,無,
新竹縣關西鎮玉山里,115/09/02,張建良,無,
新竹縣關西鎮玉山里,115/09/02,黃茂晏,無,
新竹縣關西鎮大同里,115/09/02,陳振才,無,
新竹縣關西鎮石光里,115/08/31,羅榮相,無,
新竹縣關西鎮石光里,115/08/31,嚴永秋,無,
新竹縣關西鎮石光里,115/09/03,呂學文,無,
新竹縣關西鎮上林里,115/09/02,楊文輝,無,
新竹縣關西鎮新力里,115/09/03,李壬瑜,無,
新竹縣關西鎮南和里,115/09/02,陳昌燕,無,
新竹縣關西鎮南和里,115/09/03,戴嘉延,無,
新竹縣關西鎮東山里,115/08/31,吳成崇,無,
新竹縣關西鎮南新里,115/09/02,蘇斌文,無,
新竹縣關西鎮南新里,115/09/02,曾美色,無,
新竹縣關西鎮東平里,115/09/02,謝秀杏,無,
新竹縣關西鎮東平里,115/09/03,鄧立元,無,
新竹縣關西鎮東平里,115/09/03,鄧光明,無,
新竹縣湖口鄉孝勢村,115/09/01,鄭國平,中國國民黨,
新竹縣湖口鄉孝勢村,115/09/03,劉邦濱,無,
新竹縣湖口鄉仁勢村,115/09/02,范盛添,無,
新竹縣湖口鄉仁勢村,115/09/03,范誠芫,中國國民黨,
新竹縣湖口鄉愛勢村,115/08/31,廖正仁,無,
新竹縣湖口鄉愛勢村,115/09/02,謝春蘭,中國國民黨,
新竹縣湖口鄉愛勢村,115/09/03,鄭炎萬,無,
新竹縣湖口鄉信勢村,115/09/01,陳國堯,中國國民黨,
新竹縣湖口鄉信勢村,115/09/03,徐勝昌,無,
新竹縣湖口鄉中勢村,115/09/02,葉美秀,中國國民黨,
新竹縣湖口鄉中勢村,115/09/04,李麟盛,中國國民黨,
新竹縣湖口鄉德盛村,115/09/03,陳建全,中國國民黨,
新竹縣湖口鄉德盛村,115/09/03,黃金良,中華統一促進黨,
新竹縣湖口鄉德盛村,115/09/03,戴聰明,中國國民黨,
新竹縣湖口鄉德盛村,115/09/04,戴延城,無,
新竹縣湖口鄉和興村,115/09/02,沈萬桔,無,
新竹縣湖口鄉和興村,115/09/03,徐歷盟,無,
新竹縣湖口鄉長嶺村,115/09/02,周碩彥,中國國民黨,
新竹縣湖口鄉長嶺村,115/09/04,鄭瑞騰,中國國民黨,
新竹縣湖口鄉長嶺村,115/09/04,張運金,無,
新竹縣湖口鄉長安村,115/09/02,盧廷英,中國國民黨,
新竹縣湖口鄉長安村,115/09/03,張勝財,無,
新竹縣湖口鄉湖口村,115/09/02,吳文清,無,
新竹縣湖口鄉湖口村,115/09/03,戴家強,中國國民黨,
新竹縣湖口鄉湖口村,115/09/04,陳在鋥,中國國民黨,
新竹縣湖口鄉湖鏡村,115/09/02,陳志宏,無,
新竹縣湖口鄉湖南村,115/08/31,陳德順,中國國民黨,
新竹縣湖口鄉湖南村,115/09/01,呂理燺,中國國民黨,
新竹縣湖口鄉波羅村,115/09/02,葉豐田,中國國民黨,
新竹縣湖口鄉鳳凰村,115/09/02,何初軒,無,
新竹縣湖口鄉鳳山村,115/09/02,吳美鶯,中國國民黨,
新竹縣湖口鄉中興村,115/09/01,徐嘉駿,中國國民黨,
新竹縣湖口鄉中興村,115/09/03,劉醇文,無,
新竹縣湖口鄉中興村,115/09/04,呂秀鳳,中國國民黨,
新竹縣湖口鄉信義村,115/09/02,徐玉霞,中國國民黨,
新竹縣湖口鄉信義村,115/09/02,黎容滌,中國國民黨,
新竹縣湖口鄉中正村,115/09/03,張凱傑,中國國民黨,
新竹縣湖口鄉東興村,115/09/01,張健淵,無,
新竹縣湖口鄉東興村,115/09/02,張紹仁,無,
新竹縣湖口鄉勝利村,115/09/02,羅芬蘭,中國國民黨,
新竹縣湖口鄉勝利村,115/09/03,夏金裕,無,
新竹縣湖口鄉勝利村,115/09/04,連建源,無,
新竹縣新豐鄉福興村,115/09/01,古李昌,無,
新竹縣新豐鄉福興村,115/09/02,廖國翔,無,
新竹縣新豐鄉福興村,115/09/02,許玉麟,無,
新竹縣新豐鄉後湖村,115/09/03,鍾萍森,無,
新竹縣新豐鄉青埔村,115/09/01,鍾廷釧,無,
新竹縣新豐鄉埔和村,115/09/02,姚昇宏,無,
新竹縣新豐鄉埔和村,115/09/04,姚朝,無,
新竹縣新豐鄉瑞興村,115/09/02,李兆恩,無,
新竹縣新豐鄉坡頭村,115/08/31,張品濬,無,
新竹縣新豐鄉坡頭村,115/09/03,史豐達,無,
新竹縣新豐鄉中崙村,115/08/31,劉錦嫦,無,
新竹縣新豐鄉中崙村,115/09/04,劉正文,無,
新竹縣新豐鄉重興村,115/09/03,曾援智,無,
新竹縣新豐鄉新豐村,115/08/31,吳石明,無,
新竹縣新豐鄉新豐村,115/09/02,陳進清,無,
新竹縣新豐鄉員山村,115/08/31,黃國棟,無,
新竹縣新豐鄉員山村,115/09/01,羅新傑,無,
新竹縣新豐鄉松林村,115/09/02,陳錦生,無,
新竹縣新豐鄉上坑村,115/09/02,陳淂明,無,
新竹縣新豐鄉鳳坑村,115/09/02,黃梅全,無,
新竹縣新豐鄉鳳坑村,115/09/03,姜禮本,無,
新竹縣新豐鄉忠孝村,115/08/31,陳讚榮,無,
新竹縣新豐鄉山崎村,115/09/03,曾育亭,無,
新竹縣新豐鄉山崎村,115/09/03,陳濬鴻,無,
新竹縣新豐鄉松柏村,115/08/31,鄭淇睿,無,
新竹縣新豐鄉松柏村,115/09/02,劉詩煒,無,
新竹縣新豐鄉崎頂村,115/08/31,葉水森,中國國民黨,
新竹縣新豐鄉明新村,115/09/02,徐崧茗,無,
新竹縣新豐鄉明新村,115/09/03,葉高潔,無,
新竹縣芎林鄉五龍村,115/09/02,賴廷萬,無,
新竹縣芎林鄉五龍村,115/09/02,賴廷銓,中國國民黨,
新竹縣芎林鄉五龍村,115/09/02,温兆水,無,
新竹縣芎林鄉華龍村,115/09/02,田興業,中國國民黨,
新竹縣芎林鄉秀湖村,115/09/02,劉武霖,中國國民黨,
新竹縣芎林鄉秀湖村,115/09/02,吳聲火,無,
新竹縣芎林鄉秀湖村,115/09/02,鍾煙貴,中國國民黨,
新竹縣芎林鄉永興村,115/09/02,何寶蓮,無,
新竹縣芎林鄉永興村,115/09/03,張煥光,無,
新竹縣芎林鄉永興村,115/09/04,馮凱睿,無,
新竹縣芎林鄉石潭村,115/09/03,邱奎彰,中國國民黨,
新竹縣芎林鄉石潭村,115/09/04,曾賢洲,無,
新竹縣芎林鄉新鳳村,115/09/02,陳國煌,中國國民黨,
新竹縣芎林鄉新鳳村,115/09/03,吳昌樺,無,
新竹縣芎林鄉中坑村,115/09/02,林永堯,無,
新竹縣芎林鄉水坑村,115/09/02,宋協展,無,
新竹縣芎林鄉文林村,115/09/02,鄧煥源,無,
新竹縣芎林鄉芎林村,115/09/02,官秀娘,無,
新竹縣芎林鄉上山村,115/09/02,彭達棟,無,
新竹縣芎林鄉下山村,115/09/02,何信橋,無,
新竹縣橫山鄉橫山村,115/09/02,黃振明,中國國民黨,
新竹縣橫山鄉橫山村,115/09/04,蕭信銘,無,
新竹縣橫山鄉田寮村,115/09/02,賴允正,無,
新竹縣橫山鄉田寮村,115/09/02,劉安芸,中國國民黨,
新竹縣橫山鄉南昌村,115/09/02,張沐春,無,
新竹縣橫山鄉南昌村,115/09/03,曾勝淇,無,
新竹縣橫山鄉豐鄉村,115/09/02,林進樟,無,
新竹縣橫山鄉豐鄉村,115/09/02,彭葳,無,
新竹縣橫山鄉豐田村,115/09/02,胡慶煜,中國國民黨,
新竹縣橫山鄉豐田村,115/09/03,甘興貴,中國國民黨,
新竹縣橫山鄉內灣村,115/09/02,徐詹玉秋,無,
新竹縣橫山鄉內灣村,115/09/02,賴文增,無,
新竹縣橫山鄉內灣村,115/09/03,林宣羽,無,
新竹縣橫山鄉福興村,115/08/31,温慶保,無,
新竹縣橫山鄉福興村,115/09/03,盧惠玲,無,
新竹縣橫山鄉沙坑村,115/09/02,鄒富雄,中國國民黨,
新竹縣橫山鄉沙坑村,115/09/02,鍾文生,中國國民黨,
新竹縣橫山鄉新興村,115/09/02,吳泳河,無,
新竹縣橫山鄉大肚村,115/09/02,傅樹英,中國國民黨,
新竹縣橫山鄉大肚村,115/09/02,林振興,無,
新竹縣橫山鄉力行村,115/08/31,何恭喜,無,
新竹縣橫山鄉力行村,115/09/03,黃榮竹,中國國民黨,
新竹縣北埔鄉北埔村,115/09/02,鄒松凱,無,
新竹縣北埔鄉北埔村,115/09/02,何一修,無,
新竹縣北埔鄉北埔村,115/09/04,謝錦棟,無,
新竹縣北埔鄉南興村,115/09/01,林仁發,無,
新竹縣北埔鄉南興村,115/09/01,陳淇昇,無,
新竹縣北埔鄉埔尾村,115/09/01,李宗炎,無,
新竹縣北埔鄉水磜村,115/09/02,林鴻鈞,無,
新竹縣北埔鄉水磜村,115/09/02,林辰隆,無,
新竹縣北埔鄉水磜村,115/09/03,范雪琴,無,
新竹縣北埔鄉南埔村,115/08/31,莊瑞森,無,
新竹縣北埔鄉南埔村,115/09/01,楊素真,無,
新竹縣北埔鄉大林村,115/09/02,温徳泉,無,
新竹縣北埔鄉大林村,115/09/02,張紹財,無,
新竹縣北埔鄉大湖村,115/08/31,黎增水,無,
新竹縣北埔鄉大湖村,115/08/31,劉金庭,無,
新竹縣北埔鄉南坑村,115/09/03,黃國森,無,
新竹縣北埔鄉南坑村,115/09/03,葉貴霖,無,
新竹縣北埔鄉外坪村,115/08/31,楊文國,無,
新竹縣北埔鄉外坪村,115/09/02,楊連彬,無,
新竹縣北埔鄉外坪村,115/09/04,陳光胤,無,
新竹縣寶山鄉雙溪村,115/08/31,許秋天,無,
新竹縣寶山鄉雙溪村,115/09/02,江建豪,中國國民黨,
新竹縣寶山鄉大崎村,115/09/02,萬瑞珠,無,
新竹縣寶山鄉大崎村,115/09/04,楊坤淦,無,
新竹縣寶山鄉三峰村,115/08/31,黃國城,無,
新竹縣寶山鄉新城村,115/09/02,黃振銘,無,
新竹縣寶山鄉新城村,115/09/02,鄧同君,無,
新竹縣寶山鄉深井村,115/09/02,鍾煥清,中國國民黨,
新竹縣寶山鄉寶斗村,115/09/02,張錦城,中國國民黨,
新竹縣寶山鄉山湖村,115/09/02,陳雲基,無,
新竹縣寶山鄉寶山村,115/09/04,彭春娥,無,
新竹縣寶山鄉油田村,115/09/03,何立城,無,
新竹縣寶山鄉雙新村,115/08/31,鍾政里,無,
新竹縣寶山鄉雙新村,115/09/02,邱俊平,中國國民黨,
新竹縣峨眉鄉峨眉村,115/09/02,王雪枝,無,
新竹縣峨眉鄉峨眉村,115/09/02,李育美,無,
新竹縣峨眉鄉中盛村,115/09/02,徐進謙,無,
新竹縣峨眉鄉中盛村,115/09/02,蔡金英,無,
新竹縣峨眉鄉中盛村,115/09/02,姜瑞蓉,無,
新竹縣峨眉鄉石井村,115/09/01,鍾慧婷,無,
新竹縣峨眉鄉石井村,115/09/02,張月琴,無,
新竹縣峨眉鄉富興村,115/08/31,曾鎮賢,無,
新竹縣峨眉鄉富興村,115/09/02,曾宗賢,無,
新竹縣峨眉鄉富興村,115/09/02,蕭鶬松,無,
新竹縣峨眉鄉七星村,115/09/02,郭光營,無,
新竹縣峨眉鄉湖光村,115/09/02,林春綺,無,
新竹縣尖石鄉義興村,115/08/31,李衛國,無,
新竹縣尖石鄉義興村,115/09/01,劉金木,無,
新竹縣尖石鄉義興村,115/09/01,張清德,無,
新竹縣尖石鄉義興村,115/09/04,邱添奎,無,
新竹縣尖石鄉嘉樂村,115/09/02,徐世偉,無,
新竹縣尖石鄉嘉樂村,115/09/02,高金祥,無,
新竹縣尖石鄉新樂村,115/09/02,許清光,無,
新竹縣尖石鄉新樂村,115/09/04,朱元章,無,
新竹縣尖石鄉新樂村,115/09/04,陳偉,無,
新竹縣尖石鄉梅花村,115/09/01,賴名劍,無,
新竹縣尖石鄉梅花村,115/09/03,陳文斌,無,
新竹縣尖石鄉梅花村,115/09/04,李玉蓮,無,
新竹縣尖石鄉錦屏村,115/08/31,白金山 Qesu' Lesa,無,
新竹縣尖石鄉錦屏村,115/09/01,徐健生,無,
新竹縣尖石鄉玉峰村,115/08/31,黃世豪,無,
新竹縣尖石鄉玉峰村,115/09/01,羅恩賜,無,
新竹縣尖石鄉玉峰村,115/09/02,黃家俊,無,
新竹縣尖石鄉秀巒村,115/09/01,甘有成,無,
新竹縣尖石鄉秀巒村,115/09/01,陳榮貴,無,
新竹縣尖石鄉秀巒村,115/09/03,劉天龍,無,
新竹縣五峰鄉大隘村,115/08/31,陳從武,無,
新竹縣五峰鄉大隘村,115/09/01,夏文健,無,
新竹縣五峰鄉花園村,115/09/02,黃修明,無,
新竹縣五峰鄉花園村,115/09/03,游欽誠,無,
新竹縣五峰鄉竹林村,115/08/31,戴春香,無,
新竹縣五峰鄉桃山村,115/09/02,王正雄,無,
新竹縣五峰鄉桃山村,115/09/02,陳素蓮,無,
新竹縣五峰鄉桃山村,115/09/02,謝秀珠,無,
苗栗縣苗栗市中苗里,115/09/02,范姜月嬌,無,
苗栗縣苗栗市中苗里,115/09/02,陳炯全,無,
苗栗縣苗栗市中苗里,115/09/02,張凱淇,無,
苗栗縣苗栗市中苗里,115/09/03,徐桂秋,無,
苗栗縣苗栗市建功里,115/09/02,邱紹齊,無,
苗栗縣苗栗市建功里,115/09/02,賴安老,無,
苗栗縣苗栗市建功里,115/09/03,李淑媛,無,
苗栗縣苗栗市青苗里,115/08/31,徐貴花,無,
苗栗縣苗栗市玉清里,115/09/02,賴玉蘭,無,
苗栗縣苗栗市玉清里,115/09/03,鄭登來,無,
苗栗縣苗栗市玉華里,115/09/02,徐肇淼,無,
苗栗縣苗栗市玉華里,115/09/04,張盛業,無,
苗栗縣苗栗市維新里,115/08/31,湯昇發,無,
苗栗縣苗栗市維祥里,115/09/02,黃建勳,無,
苗栗縣苗栗市維祥里,115/09/02,周靖凱,無,
苗栗縣苗栗市綠苗里,115/09/02,邱俊毅,無,
苗栗縣苗栗市高苗里,115/08/31,王士章,無,
苗栗縣苗栗市高苗里,115/08/31,梁森明,無,
苗栗縣苗栗市玉苗里,115/09/02,張文虎,無,
苗栗縣苗栗市玉苗里,115/09/03,廖文熾,無,
苗栗縣苗栗市大同里,115/09/02,邱玉凡,無,
苗栗縣苗栗市新苗里,115/09/02,邱雲珍,無,
苗栗縣苗栗市新苗里,115/09/02,江錫璋,無,
苗栗縣苗栗市勝利里,115/08/31,李文焱,無,
苗栗縣苗栗市勝利里,115/09/02,劉銀昌,無,
苗栗縣苗栗市恭敬里,115/09/02,謝銘堂,無,
苗栗縣苗栗市上苗里,115/09/02,周文正,無,
苗栗縣苗栗市北苗里,115/09/02,劉俊毅,無,
苗栗縣苗栗市北苗里,115/09/04,楊丁垣,無,
苗栗縣苗栗市清華里,115/09/03,吳姿澐,無,
苗栗縣苗栗市嘉盛里,115/09/02,李博政,無,
苗栗縣苗栗市嘉盛里,115/09/03,胡森琳,無,
苗栗縣苗栗市嘉盛里,115/09/03,賴明德,無,
苗栗縣苗栗市嘉盛里,115/09/03,傅菊蘭,無,
苗栗縣苗栗市福星里,115/09/03,鄧兆詩,無,
苗栗縣苗栗市福星里,115/09/03,徐碧枝,無,
苗栗縣苗栗市新川里,115/09/02,黃錦瑞,無,
苗栗縣苗栗市新川里,115/09/03,林秀城,無,
苗栗縣苗栗市文山里,115/09/02,邱義均,無,
苗栗縣苗栗市文山里,115/09/03,侯展台,無,
苗栗縣苗栗市福麗里,115/09/03,賴政權,無,
苗栗縣苗栗市福麗里,115/09/03,黎星琳,無,
苗栗縣苗栗市水源里,115/09/01,高文忠,中國國民黨,
苗栗縣苗栗市水源里,115/09/03,徐文輝,無,
苗栗縣苗栗市新英里,115/09/01,邱鎮堂,無,
苗栗縣苗栗市新英里,115/09/02,梁志明,無,
苗栗縣苗栗市福安里,115/09/03,徐玄漳,無,
苗栗縣苗栗市福安里,115/09/03,楊德慧,無,
苗栗縣苗栗市嘉新里,115/09/03,江善樓,無,
苗栗縣苗栗市嘉新里,115/09/03,劉孟熙,無,
苗栗縣苗栗市嘉新里,115/09/04,謝汶秀,無,
苗栗縣苗栗市南勢里,115/09/01,陳興,無,
苗栗縣苗栗市南勢里,115/09/03,林子民,無,
苗栗縣苗栗市文聖里,115/09/02,蘇麗容,無,
苗栗縣苗栗市文聖里,115/09/04,劉文兆,無,
苗栗縣苑裡鎮苑東里,115/09/02,陳清華,無,
苗栗縣苑裡鎮苑東里,115/09/02,葉福銓,無,
苗栗縣苑裡鎮苑東里,115/09/02,張春霖,無,
苗栗縣苑裡鎮苑東里,115/09/04,葉財宏,無,
苗栗縣苑裡鎮苑南里,115/09/02,呂聯恭,無,
苗栗縣苑裡鎮苑南里,115/09/03,鄭慧珊,無,
苗栗縣苑裡鎮苑北里,115/09/02,張顧翰,無,
苗栗縣苑裡鎮苑北里,115/09/03,陳元仁,無,
苗栗縣苑裡鎮西平里,115/09/03,鄭銀良,無,
苗栗縣苑裡鎮西平里,115/09/03,鄭亦翔,無,
苗栗縣苑裡鎮苑港里,115/08/31,王献榮,無,
苗栗縣苑裡鎮西勢里,115/09/02,吳政龍,無,
苗栗縣苑裡鎮西勢里,115/09/04,蘇雅鳳,無,
苗栗縣苑裡鎮海岸里,115/09/02,吳易芯,無,
苗栗縣苑裡鎮海岸里,115/09/03,李豐達,無,
苗栗縣苑裡鎮房裡里,115/09/03,陳忠華,無,
苗栗縣苑裡鎮房裡里,115/09/04,鄭錦成,無,
苗栗縣苑裡鎮客庄里,115/09/02,李昆燁,無,
苗栗縣苑裡鎮客庄里,115/09/04,鄭文郎,無,
苗栗縣苑裡鎮中正里,115/09/02,陳東京,無,
苗栗縣苑裡鎮中正里,115/09/02,劉福源,無,
苗栗縣苑裡鎮中正里,115/09/03,呂永欽,無,
苗栗縣苑裡鎮苑坑里,115/09/02,李進達,無,
苗栗縣苑裡鎮苑坑里,115/09/02,黃甯玉,無,
苗栗縣苑裡鎮苑坑里,115/09/03,羅米霞,無,
苗栗縣苑裡鎮水坡里,115/09/02,歐明城,無,
苗栗縣苑裡鎮水坡里,115/09/02,蕭保森,無,
苗栗縣苑裡鎮水坡里,115/09/03,吳順興,無,
苗栗縣苑裡鎮水坡里,115/09/04,李東軒,無,
苗栗縣苑裡鎮新復里,115/08/31,嚴美玲,無,
苗栗縣苑裡鎮新復里,115/09/01,陳進龍,無,
苗栗縣苑裡鎮新復里,115/09/02,鄭有生,無,
苗栗縣苑裡鎮山脚里,115/09/02,郭志成,無,
苗栗縣苑裡鎮山脚里,115/09/04,呂奇山,無,
苗栗縣苑裡鎮舊社里,115/09/02,陳榮勝,無,
苗栗縣苑裡鎮舊社里,115/09/02,陳明政,無,
苗栗縣苑裡鎮福田里,115/09/02,郭麗雲,無,
苗栗縣苑裡鎮福田里,115/09/03,張銘吉,無,
苗栗縣苑裡鎮石鎮里,115/09/02,楊炳祥,無,
苗栗縣苑裡鎮蕉埔里,115/09/02,吳傑明,無,
苗栗縣苑裡鎮社苓里,115/09/02,陳銘志,無,
苗栗縣苑裡鎮泰田里,115/09/02,劉才福,無,
苗栗縣苑裡鎮上舘里,115/09/02,解振昌,無,
苗栗縣苑裡鎮上舘里,115/09/02,王銓水,無,
苗栗縣苑裡鎮玉田里,115/09/02,劉清輝,無,
苗栗縣苑裡鎮玉田里,115/09/04,余清國,無,
苗栗縣苑裡鎮南勢里,115/08/31,邱華國,無,
苗栗縣苑裡鎮南勢里,115/09/02,張維廷,無,
苗栗縣苑裡鎮山柑里,115/08/31,王平盛,無,
苗栗縣苑裡鎮山柑里,115/09/03,邱其輝,無,
苗栗縣苑裡鎮田心里,115/09/02,林永茂,無,
苗栗縣苑裡鎮田心里,115/09/04,曾淑貞,無,
苗栗縣通霄鎮通東里,115/09/04,康世緯,無,
苗栗縣通霄鎮通東里,115/09/04,巫毓雰,無,
苗栗縣通霄鎮通西里,115/09/02,李開勳,無,
苗栗縣通霄鎮通西里,115/09/04,陳錦旺,無,
苗栗縣通霄鎮平元里,115/08/31,劉有茂,無,
苗栗縣通霄鎮梅南里,115/09/01,張榮科,無,
苗栗縣通霄鎮梅南里,115/09/03,蔡月雲,無,
苗栗縣通霄鎮圳頭里,115/09/02,劉琳卿,無,
苗栗縣通霄鎮圳頭里,115/09/03,吳錦宗,無,
苗栗縣通霄鎮通南里,115/09/02,巫寶田,無,
苗栗縣通霄鎮通南里,115/09/03,陳明通,無,
苗栗縣通霄鎮城北里,115/09/03,詹春旺,無,
苗栗縣通霄鎮城南里,115/09/02,吳昇峰,無,
苗栗縣通霄鎮城南里,115/09/03,陳志宏,無,
苗栗縣通霄鎮南和里,115/09/01,王永富,無,
苗栗縣通霄鎮南和里,115/09/03,羅國正,無,
苗栗縣通霄鎮福興里,115/09/04,黃其水,無,
苗栗縣通霄鎮坪頂里,115/09/02,陳慶賢,無,
苗栗縣通霄鎮坪頂里,115/09/03,李秉和,無,
苗栗縣通霄鎮坪頂里,115/09/03,邱天送,無,
苗栗縣通霄鎮坪頂里,115/09/03,曾榮銓,無,
苗栗縣通霄鎮五南里,115/09/02,賴金傳,無,
苗栗縣通霄鎮五北里,115/09/01,賴松村,無,
苗栗縣通霄鎮五北里,115/09/02,許銘正,無,
苗栗縣通霄鎮五北里,115/09/03,甘秋南,無,
苗栗縣通霄鎮內湖里,115/08/31,翁英雄,無,
苗栗縣通霄鎮楓樹里,115/09/03,阮長明,無,
苗栗縣通霄鎮楓樹里,115/09/04,馬國棟,無,
苗栗縣通霄鎮楓樹里,115/09/04,李隆樺,無,
苗栗縣通霄鎮烏眉里,115/09/04,温昌瑞,無,
苗栗縣通霄鎮福龍里,115/09/03,邱仕業,無,
苗栗縣通霄鎮福龍里,115/09/04,孫瑋振,無,
苗栗縣通霄鎮福源里,115/09/02,羅朝仁,無,
苗栗縣通霄鎮福源里,115/09/03,邱永妹,無,
苗栗縣通霄鎮通灣里,115/09/03,黃義芳,無,
苗栗縣通霄鎮新埔里,115/09/02,王富相,無,
苗栗縣通霄鎮新埔里,115/09/02,黃春財,無,
苗栗縣通霄鎮內島里,115/08/31,陳玉燕,無,
苗栗縣通霄鎮內島里,115/09/02,林秀娥,無,
苗栗縣通霄鎮白東里,115/09/02,駱美麗,無,
苗栗縣通霄鎮白東里,115/09/02,陳榮生,無,
苗栗縣通霄鎮白東里,115/09/03,陳泉,無,
苗栗縣通霄鎮白西里,115/08/31,陳金滄,無,
苗栗縣通霄鎮白西里,115/09/03,蔡國玉,無,
苗栗縣通霄鎮平安里,115/09/02,蘇新池,無,
苗栗縣通霄鎮平安里,115/09/03,王大華,無,
苗栗縣竹南鎮竹南里,115/08/31,簡宿英,無,
苗栗縣竹南鎮照南里,115/09/02,黃新奇,無,
苗栗縣竹南鎮照南里,115/09/02,康雅惠,無,
苗栗縣竹南鎮正南里,115/08/31,劉俊緯,無,
苗栗縣竹南鎮正南里,115/09/03,杜世湖,無,
苗栗縣竹南鎮新南里,115/08/31,闕河慈,無,
苗栗縣竹南鎮新南里,115/09/01,張威育,無,
苗栗縣竹南鎮新南里,115/09/02,蕭如芫,無,
苗栗縣竹南鎮新南里,115/09/03,謝金晃,無,
苗栗縣竹南鎮新南里,115/09/03,陳美蓮,無,
苗栗縣竹南鎮大厝里,115/09/02,蔡國章,無,
苗栗縣竹南鎮大厝里,115/09/03,林政昌,無,
苗栗縣竹南鎮營盤里,115/09/03,林振盛,無,
苗栗縣竹南鎮聖福里,115/08/31,洪宏村,無,
苗栗縣竹南鎮聖福里,115/09/03,張正龍,無,
苗栗縣竹南鎮聖福里,115/09/04,駱羽祈,無,
苗栗縣竹南鎮竹興里,115/09/03,黃湘元,無,
苗栗縣竹南鎮龍鳳里,115/08/31,陳文標,無,
苗栗縣竹南鎮龍鳳里,115/09/02,林金興,無,
苗栗縣竹南鎮龍鳳里,115/09/02,邱月女,無,
苗栗縣竹南鎮山佳里,115/09/03,曾錦土,無,
苗栗縣竹南鎮山佳里,115/09/03,張嗣宗,無,
苗栗縣竹南鎮山佳里,115/09/04,彭思菱,無,
苗栗縣竹南鎮中港里,115/09/02,許鈞翔,無,
苗栗縣竹南鎮中港里,115/09/03,李佳惠,無,
苗栗縣竹南鎮中華里,115/09/01,王擎豪,無,
苗栗縣竹南鎮中華里,115/09/02,陳標吉,無,
苗栗縣竹南鎮中英里,115/09/02,連素卿,無,
苗栗縣竹南鎮中美里,115/09/02,翁盛宗,無,
苗栗縣竹南鎮開元里,115/08/31,李木興,無,
苗栗縣竹南鎮開元里,115/09/01,杜文全,無,
苗栗縣竹南鎮海口里,115/08/31,楊福興,無,
苗栗縣竹南鎮海口里,115/09/03,郭宏秋,無,
苗栗縣竹南鎮港墘里,115/08/31,林裕章,無,
苗栗縣竹南鎮公舘里,115/09/01,呂水源,無,
苗栗縣竹南鎮公舘里,115/09/03,何錦龍,無,
苗栗縣竹南鎮大埔里,115/08/31,鄭文進,無,
苗栗縣竹南鎮大埔里,115/09/02,林玉樑,無,
苗栗縣竹南鎮大埔里,115/09/03,陳喬安,無,
苗栗縣竹南鎮頂埔里,115/09/03,鄭勝家,無,
苗栗縣竹南鎮頂埔里,115/09/04,張中和,無,
苗栗縣竹南鎮崎頂里,115/08/31,陳文隆,無,
苗栗縣竹南鎮崎頂里,115/08/31,林湙翔,無,
苗栗縣竹南鎮崎頂里,115/09/04,林琪瑋,無,
苗栗縣竹南鎮公義里,115/08/31,朱勝源,無,
苗栗縣竹南鎮公義里,115/08/31,林鴻洋,無,
苗栗縣竹南鎮公義里,115/09/02,祝孟麗,無,
苗栗縣竹南鎮公義里,115/09/03,傅孟財,無,
苗栗縣竹南鎮佳興里,115/08/31,陳金鑾,無,
苗栗縣竹南鎮佳興里,115/08/31,解萬安,無,
苗栗縣竹南鎮天文里,115/09/02,余德明,無,
苗栗縣竹南鎮龍山里,115/08/31,陳幸順,無,
苗栗縣頭份市流東里,115/09/02,黃慶豐,無,
苗栗縣頭份市珊湖里,115/09/03,黃世男,無,
苗栗縣頭份市珊湖里,115/09/04,朱妍菲,無,
苗栗縣頭份市斗煥里,115/09/02,謝喜松,無,
苗栗縣頭份市斗煥里,115/09/03,王年寬,無,
苗栗縣頭份市新華里,115/09/01,邱龍森,無,
苗栗縣頭份市興隆里,115/09/02,朱玟源,無,
苗栗縣頭份市興隆里,115/09/02,游新發,無,
苗栗縣頭份市上埔里,115/09/02,羅順德,無,
苗栗縣頭份市上埔里,115/09/03,羅騰光,無,
苗栗縣頭份市土牛里,115/08/31,鍾啟芳,無,
苗栗縣頭份市土牛里,115/09/02,陳仲信,無,
苗栗縣頭份市土牛里,115/09/02,周占興,無,
苗栗縣頭份市頭份里,115/09/02,彭文菁,無,
苗栗縣頭份市頭份里,115/09/02,湯德富,無,
苗栗縣頭份市忠孝里,115/09/02,江明芳,無,
苗栗縣頭份市忠孝里,115/09/02,王秀華,無,
苗栗縣頭份市忠孝里,115/09/03,徐聖光,無,
苗栗縣頭份市仁愛里,115/09/01,葉志煒,無,
苗栗縣頭份市信義里,115/09/02,張慶漢,無,
苗栗縣頭份市信義里,115/09/04,黃仁光,無,
苗栗縣頭份市信義里,115/09/04,羅玉玲,無,
苗栗縣頭份市和平里,115/09/04,梁珍彗,無,
苗栗縣頭份市和平里,115/09/04,杜源皓,無,
苗栗縣頭份市民族里,115/09/02,李振翼,無,
苗栗縣頭份市民族里,115/09/03,劉碧眉,無,
苗栗縣頭份市民族里,115/09/04,黃建星,無,
苗栗縣頭份市東庄里,115/09/03,蕭珍纓,無,
苗栗縣頭份市後庄里,115/08/31,鍾文海,無,
苗栗縣頭份市後庄里,115/09/02,唐瑞鴻,無,
苗栗縣頭份市山下里,115/09/02,許仁宗,無,
苗栗縣頭份市山下里,115/09/02,陳威諺,無,
苗栗縣頭份市蟠桃里,115/09/02,黃玉桃,無,
苗栗縣頭份市蟠桃里,115/09/03,廖翊汝,無,
苗栗縣頭份市田寮里,115/09/02,黃水珍,無,
苗栗縣頭份市田寮里,115/09/03,羅正田,無,
苗栗縣頭份市蘆竹里,115/08/31,陳吉村,無,
苗栗縣頭份市蘆竹里,115/09/03,陳忠文,無,
苗栗縣頭份市上興里,115/08/31,傅光森,無,
苗栗縣頭份市下興里,115/09/02,鄭運福,無,
苗栗縣頭份市下興里,115/09/02,黃美瑩,無,
苗栗縣頭份市尖山里,115/09/02,陳素螢,無,
苗栗縣頭份市尖山里,115/09/03,林春旺,無,
苗栗縣頭份市尖下里,115/09/01,楊世雄,無,
苗栗縣頭份市廣興里,115/09/02,賴泫通,無,
苗栗縣頭份市廣興里,115/09/02,徐志雄,無,
苗栗縣頭份市廣興里,115/09/02,賴進增,無,
苗栗縣頭份市濫坑里,115/09/02,徐文妙,無,
苗栗縣頭份市濫坑里,115/09/02,邱振華,無,
苗栗縣頭份市民權里,115/09/03,邱瑞君,無,
苗栗縣頭份市民權里,115/09/03,陳瓊榮,無,
苗栗縣頭份市民生里,115/09/02,溫文銍,無,
苗栗縣頭份市民生里,115/09/04,謝芷洋,無,
苗栗縣頭份市建國里,115/09/02,賴永任,無,
苗栗縣頭份市建國里,115/09/02,吳龍勝,無,
苗栗縣頭份市建國里,115/09/04,陳運樂,無,
苗栗縣頭份市成功里,115/09/02,羅田春,無,
苗栗縣頭份市成功里,115/09/02,蔡勝財,無,
苗栗縣頭份市成功里,115/09/03,羅元安,無,
苗栗縣頭份市自強里,115/09/02,葉仙臺,無,
苗栗縣頭份市自強里,115/09/04,陳景明,無,
苗栗縣頭份市合興里,115/09/01,鍾三郎,無,
苗栗縣頭份市合興里,115/09/04,林冠伶,無,
苗栗縣頭份市文化里,115/09/02,鍾道明,無,
苗栗縣頭份市文化里,115/09/02,林煥然,無,
苗栗縣頭份市文化里,115/09/03,張愛櫻,無,
苗栗縣頭份市文化里,115/09/04,呂思樺,無,
苗栗縣頭份市中興里,115/09/02,林珍枝,無,
苗栗縣頭份市興安里,115/08/31,蕭宏興,無,
苗栗縣頭份市興安里,115/09/04,鄧卉珊,無,
苗栗縣頭份市上庄里,115/09/02,莊仁增,無,
苗栗縣後龍鎮南龍里,115/09/02,林容朱,無,
苗栗縣後龍鎮南龍里,115/09/04,呂鈞宏,無,
苗栗縣後龍鎮中龍里,115/08/31,張靜華,無,
苗栗縣後龍鎮中龍里,115/09/04,劉力奇,無,
苗栗縣後龍鎮北龍里,115/08/31,胡敏錫,無,
苗栗縣後龍鎮北龍里,115/08/31,吳石川,無,
苗栗縣後龍鎮大庄里,115/08/31,黃志強,無,
苗栗縣後龍鎮大庄里,115/08/31,呂溪佳,無,
苗栗縣後龍鎮大庄里,115/09/02,王坤龍,無,
苗栗縣後龍鎮溪洲里,115/09/02,黃淑麗,無,
苗栗縣後龍鎮溪洲里,115/09/02,趙秀美,無,
苗栗縣後龍鎮豐富里,115/08/31,張漢堂,無,
苗栗縣後龍鎮校椅里,115/09/02,魏吉律,無,
苗栗縣後龍鎮埔頂里,115/08/31,吳藶庭,無,
苗栗縣後龍鎮埔頂里,115/09/02,張啓進,無,
苗栗縣後龍鎮新民里,115/09/02,朱劉素榕,無,
苗栗縣後龍鎮新民里,115/09/02,劉金龍,無,
苗栗縣後龍鎮復興里,115/08/31,吳發盛,無,
苗栗縣後龍鎮復興里,115/08/31,陳國良,無,
苗栗縣後龍鎮東明里,115/08/31,李明珍,無,
苗栗縣後龍鎮大山里,115/08/31,郭美華,無,
苗栗縣後龍鎮灣寶里,115/08/31,謝修鎰,無,
苗栗縣後龍鎮海寶里,115/08/31,韓水樹,無,
苗栗縣後龍鎮海寶里,115/08/31,李阿塗,無,
苗栗縣後龍鎮外埔里,115/08/31,許素瑋,無,
苗栗縣後龍鎮外埔里,115/09/02,呂峻侯,無,
苗栗縣後龍鎮海埔里,115/09/02,朱智增,無,
苗栗縣後龍鎮海埔里,115/09/04,葉麗嬌,無,
苗栗縣後龍鎮秀水里,115/08/31,趙守雄,無,
苗栗縣後龍鎮水尾里,115/09/03,梁清文,無,
苗栗縣後龍鎮水尾里,115/09/03,藍仁民,無,
苗栗縣後龍鎮龍津里,115/08/31,黃文忠,無,
苗栗縣後龍鎮龍津里,115/08/31,李銀海,無,
苗栗縣後龍鎮龍坑里,115/08/31,郭貴輝,無,
苗栗縣後龍鎮福寧里,115/08/31,高國洞,無,
苗栗縣後龍鎮中和里,115/08/31,陳見勝,無,
苗栗縣後龍鎮中和里,115/09/02,陳錫欽,無,
苗栗縣後龍鎮中和里,115/09/03,張文明,無,
苗栗縣後龍鎮南港里,115/08/31,陳煜,無,
苗栗縣後龍鎮南港里,115/09/01,陳廣揚,無,
苗栗縣後龍鎮南港里,115/09/02,駱建平,無,
苗栗縣卓蘭鎮中街里,115/09/02,詹凱丞,無,
苗栗縣卓蘭鎮新厝里,115/09/02,劉振成,無,
苗栗縣卓蘭鎮新厝里,115/09/02,詹淑貞,無,
苗栗縣卓蘭鎮新厝里,115/09/03,胡泓明,無,
苗栗縣卓蘭鎮上新里,115/09/02,廖清榮,無,
苗栗縣卓蘭鎮豐田里,115/09/02,賴春華,無,
苗栗縣卓蘭鎮豐田里,115/09/03,何楊蘭香,無,
苗栗縣卓蘭鎮西坪里,115/09/03,呂淑敏,無,
苗栗縣卓蘭鎮景山里,115/09/02,鄧國安,無,
苗栗縣卓蘭鎮景山里,115/09/03,賴玉賜,無,
苗栗縣卓蘭鎮老庄里,115/08/31,陳德文,無,
苗栗縣卓蘭鎮新榮里,115/09/01,蔡錦湧,無,
苗栗縣卓蘭鎮內灣里,115/09/03,張榮源,無,
苗栗縣卓蘭鎮內灣里,115/09/03,詹潤來,無,
苗栗縣卓蘭鎮苗豐里,115/09/01,李櫂吉,無,
苗栗縣卓蘭鎮苗豐里,115/09/02,楊阿民,無,
苗栗縣卓蘭鎮苗豐里,115/09/03,陳正成,無,
苗栗縣卓蘭鎮苗豐里,115/09/03,李源秋,無,
苗栗縣卓蘭鎮坪林里,115/09/01,宋志仁,無,
苗栗縣卓蘭鎮坪林里,115/09/03,黃鈞奎,無,
苗栗縣大湖鄉大湖村,115/08/31,黃玉菊,無,
苗栗縣大湖鄉大湖村,115/09/02,李敏紅,無,
苗栗縣大湖鄉大湖村,115/09/04,傅顯榮,無,
苗栗縣大湖鄉明湖村,115/09/02,吳宜蓁,無,
苗栗縣大湖鄉明湖村,115/09/02,楊志仁,無,
苗栗縣大湖鄉靜湖村,115/09/02,吳桂燕,無,
苗栗縣大湖鄉靜湖村,115/09/02,傅惠蓮,無,
苗栗縣大湖鄉靜湖村,115/09/04,竺春蘭,無,
苗栗縣大湖鄉富興村,115/08/31,彭權聖,無,
苗栗縣大湖鄉富興村,115/08/31,劉永國,無,
苗栗縣大湖鄉大南村,115/09/03,謝志亮,無,
苗栗縣大湖鄉大寮村,115/09/02,謝錦鐘,無,
苗栗縣大湖鄉大寮村,115/09/03,謝柏園,無,
苗栗縣大湖鄉南湖村,115/08/31,黃坤象,無,
苗栗縣大湖鄉南湖村,115/08/31,邱雲鈺,無,
苗栗縣大湖鄉南湖村,115/09/02,李淑萍,無,
苗栗縣大湖鄉義和村,115/09/02,張宋鳳琴,無,
苗栗縣大湖鄉義和村,115/09/04,謝國龍,無,
苗栗縣大湖鄉東興村,115/09/02,徐鴻光,無,
苗栗縣大湖鄉東興村,115/09/03,賴滄弘,無,
苗栗縣大湖鄉東興村,115/09/04,吳仕峯,無,
苗栗縣大湖鄉武榮村,115/08/31,謝慶德,無,
苗栗縣大湖鄉武榮村,115/09/02,陳慶檸,無,
苗栗縣大湖鄉栗林村,115/08/31,張國基,無,
苗栗縣大湖鄉栗林村,115/09/03,傅家貴,無,
苗栗縣大湖鄉新開村,115/09/03,邱春元,無,
苗栗縣公館鄉館中村,115/09/03,江曜基,無,
苗栗縣公館鄉館中村,115/09/03,張仁宏,無,
苗栗縣公館鄉館東村,115/09/03,詹春炎,無,
苗栗縣公館鄉館東村,115/09/03,劉秀琴,無,
苗栗縣公館鄉館南村,115/09/03,黃明祥,無,
苗栗縣公館鄉大坑村,115/09/02,張建興,無,
苗栗縣公館鄉大坑村,115/09/03,林信興,無,
苗栗縣公館鄉中義村,115/09/02,謝美蓉,無,
苗栗縣公館鄉玉泉村,115/09/02,江金水,無,
苗栗縣公館鄉玉泉村,115/09/03,馮國衡,無,
苗栗縣公館鄉石墻村,115/09/03,劉建明,無,
苗栗縣公館鄉福基村,115/09/02,劉益府,無,
苗栗縣公館鄉福基村,115/09/03,葉步謀,無,
苗栗縣公館鄉福基村,115/09/03,黃錦章,無,
苗栗縣公館鄉福基村,115/09/03,許一超,無,
苗栗縣公館鄉福基村,115/09/03,劉玉嬌,無,
苗栗縣公館鄉福星村,115/09/03,曾國光,無,
苗栗縣公館鄉開礦村,115/09/03,劉昆耀,無,
苗栗縣公館鄉福德村,115/09/03,楊文虎,無,
苗栗縣公館鄉五谷村,115/09/01,彭清貴,無,
苗栗縣公館鄉玉谷村,115/09/01,邱焰堂,無,
苗栗縣公館鄉鶴岡村,115/09/01,劉源祥,無,
苗栗縣公館鄉鶴山村,115/09/02,邱雲煌,無,
苗栗縣公館鄉鶴山村,115/09/04,陳仁康,無,
苗栗縣公館鄉仁安村,115/09/01,陳元仕,無,
苗栗縣公館鄉尖山村,115/09/02,蘇正德,無,
苗栗縣公館鄉尖山村,115/09/02,夏兆明,無,
苗栗縣公館鄉南河村,115/09/02,謝傳和,無,
苗栗縣公館鄉南河村,115/09/03,謝傳盛,無,
苗栗縣公館鄉南河村,115/09/04,李兆文,無,
苗栗縣公館鄉北河村,115/09/03,劉永錦,無,
苗栗縣銅鑼鄉福興村,115/09/02,謝勝輝,無,
苗栗縣銅鑼鄉銅鑼村,115/09/02,李松光,無,
苗栗縣銅鑼鄉銅鑼村,115/09/03,姚明春,無,
苗栗縣銅鑼鄉朝陽村,115/09/02,劉湧輝,無,
苗栗縣銅鑼鄉朝陽村,115/09/02,謝芳怡,無,
苗栗縣銅鑼鄉朝陽村,115/09/03,徐𨥭松,無,
苗栗縣銅鑼鄉朝陽村,115/09/03,劉發榮,無,
苗栗縣銅鑼鄉樟樹村,115/08/31,林貴金,無,
苗栗縣銅鑼鄉樟樹村,115/09/02,吳興紹,無,
苗栗縣銅鑼鄉樟樹村,115/09/03,吳金英,無,
苗栗縣銅鑼鄉九湖村,115/08/31,曾國政,無,
苗栗縣銅鑼鄉九湖村,115/09/03,曾義男,無,
苗栗縣銅鑼鄉竹森村,115/08/31,鄧運來,無,
苗栗縣銅鑼鄉竹森村,115/09/02,鍾世豪,無,
苗栗縣銅鑼鄉竹森村,115/09/03,李元福,無,
苗栗縣銅鑼鄉中平村,115/09/02,何中文,無,
苗栗縣銅鑼鄉中平村,115/09/03,賴梅琴,無,
苗栗縣銅鑼鄉興隆村,115/09/01,吳德安,無,
苗栗縣銅鑼鄉興隆村,115/09/02,邱仕銀,無,
苗栗縣銅鑼鄉興隆村,115/09/03,張省南,無,
苗栗縣銅鑼鄉盛隆村,115/09/03,彭信見,無,
苗栗縣銅鑼鄉盛隆村,115/09/03,張源發,無,
苗栗縣銅鑼鄉新隆村,115/09/03,陳石豐,無,
苗栗縣銅鑼鄉新隆村,115/09/03,黎宥霆,無,
苗栗縣南庄鄉東村,115/09/02,梁正德,無,
苗栗縣南庄鄉東村,115/09/03,邱一帆,無,
苗栗縣南庄鄉西村,115/08/31,李裕雄,無,
苗栗縣南庄鄉西村,115/09/03,顏至德,無,
苗栗縣南庄鄉南江村,115/09/02,胡貴美,無,
苗栗縣南庄鄉南江村,115/09/04,廖湫英,無,
苗栗縣南庄鄉田美村,115/09/02,林明增,無,
苗栗縣南庄鄉田美村,115/09/03,許運忠,無,
苗栗縣南庄鄉田美村,115/09/03,徐瑞賢,無,
苗栗縣南庄鄉獅山村,115/08/31,黃乾斌,無,
苗栗縣南庄鄉獅山村,115/09/02,黃維森,無,
苗栗縣南庄鄉獅山村,115/09/03,湯明全,無,
苗栗縣南庄鄉南富村,115/09/01,李本進,無,
苗栗縣南庄鄉南富村,115/09/02,賴秀玲,無,
苗栗縣南庄鄉員林村,115/09/03,羅煥霖,無,
苗栗縣南庄鄉員林村,115/09/04,温森銶,無,
苗栗縣南庄鄉蓬萊村,115/09/01,彭箭雲,無,
苗栗縣南庄鄉蓬萊村,115/09/02,潘武茂,無,
苗栗縣南庄鄉蓬萊村,115/09/02,日繁松,無,
苗栗縣南庄鄉蓬萊村,115/09/02,潘永證,無,
苗栗縣南庄鄉蓬萊村,115/09/04,高慧敏,無,
苗栗縣南庄鄉東河村,115/09/01,風木基,無,
苗栗縣頭屋鄉頭屋村,115/09/02,張仲賢,無,
苗栗縣頭屋鄉頭屋村,115/09/02,張金堂,無,
苗栗縣頭屋鄉象山村,115/09/03,徐美琴,無,
苗栗縣頭屋鄉象山村,115/09/04,游雲珍,無,
苗栗縣頭屋鄉北坑村,115/09/02,李松琳,無,
苗栗縣頭屋鄉獅潭村,115/09/02,黃素娥,無,
苗栗縣頭屋鄉獅潭村,115/09/04,蔡秀美,無,
苗栗縣頭屋鄉曲洞村,115/09/01,范發增,無,
苗栗縣頭屋鄉曲洞村,115/09/02,劉安華,無,
苗栗縣頭屋鄉曲洞村,115/09/03,張迪,無,
苗栗縣頭屋鄉飛鳳村,115/09/02,邱仁浪,無,
苗栗縣頭屋鄉飛鳳村,115/09/02,江萬祥,無,
苗栗縣頭屋鄉明德村,115/09/02,謝文達,無,
苗栗縣頭屋鄉鳴鳳村,115/08/31,彭國寶,無,
苗栗縣頭屋鄉鳴鳳村,115/08/31,涂錦福,無,
苗栗縣三義鄉廣盛村,115/09/02,林瑞櫻,無,
苗栗縣三義鄉双湖村,115/09/03,田永桂,無,
苗栗縣三義鄉双湖村,115/09/04,鍾金財,無,
苗栗縣三義鄉双潭村,115/09/04,李德盛,無,
苗栗縣三義鄉勝興村,115/09/03,陳志奇,無,
苗栗縣三義鄉西湖村,115/09/02,徐育志,無,
苗栗縣三義鄉西湖村,115/09/04,黃文科,無,
苗栗縣三義鄉龍騰村,115/09/03,吳陳貞蓉,無,
苗栗縣三義鄉龍騰村,115/09/04,呂明定,無,
苗栗縣三義鄉鯉魚潭村,115/09/02,涂春滿,無,
苗栗縣三義鄉鯉魚潭村,115/09/02,詹源添,無,
苗栗縣西湖鄉高埔村,115/09/01,邱欽盛,無,
苗栗縣西湖鄉高埔村,115/09/02,劉玉霖,無,
苗栗縣西湖鄉下埔村,115/09/02,謝燕東,無,
苗栗縣西湖鄉五湖村,115/09/02,林靜怡,無,
苗栗縣西湖鄉五湖村,115/09/02,賴冠年,無,
苗栗縣西湖鄉五湖村,115/09/03,徐國權,無,
苗栗縣西湖鄉四湖村,115/09/02,劉淼華,無,
苗栗縣西湖鄉金獅村,115/09/02,陳慶宏,無,
苗栗縣西湖鄉龍洞村,115/09/02,李朝國,無,
苗栗縣西湖鄉龍洞村,115/09/03,黎俊雄,無,
苗栗縣西湖鄉三湖村,115/08/31,賴振宏,無,
苗栗縣西湖鄉湖東村,115/09/02,王友義,無,
苗栗縣西湖鄉湖東村,115/09/02,余國鴻,無,
苗栗縣西湖鄉二湖村,115/09/02,高錦鳳,無,
苗栗縣造橋鄉造橋村,115/09/02,温春福,無,
苗栗縣造橋鄉造橋村,115/09/03,江昌華,無,
苗栗縣造橋鄉平興村,115/09/01,黃貿奇,無,
苗栗縣造橋鄉平興村,115/09/02,邱明雄,無,
苗栗縣造橋鄉豐湖村,115/09/02,彭宏宇,無,
苗栗縣造橋鄉豐湖村,115/09/03,彭維喜,無,
苗栗縣造橋鄉大西村,115/09/02,黃德仁,無,
苗栗縣造橋鄉大西村,115/09/02,張國洋,無,
苗栗縣造橋鄉錦水村,115/09/02,鍾𤧥梅,無,
苗栗縣造橋鄉錦水村,115/09/02,謝生榮,無,
苗栗縣造橋鄉大龍村,115/09/02,盧國強,無,
苗栗縣造橋鄉大龍村,115/09/03,蕭光明,無,
苗栗縣造橋鄉朝陽村,115/09/02,蕭德慶,無,
苗栗縣造橋鄉談文村,115/08/31,張榮吉,無,
苗栗縣造橋鄉談文村,115/09/02,林尚緯,無,
苗栗縣造橋鄉談文村,115/09/02,蘇文達,無,
苗栗縣造橋鄉談文村,115/09/03,陳秀珍,無,
苗栗縣造橋鄉龍昇村,115/09/02,陳吳滿玉,無,
苗栗縣三灣鄉三灣村,115/09/03,魏秋梅,無,
苗栗縣三灣鄉內灣村,115/09/02,邱文國,無,
苗栗縣三灣鄉內灣村,115/09/03,林建安,無,
苗栗縣三灣鄉銅鏡村,115/09/02,羅時珍,無,
苗栗縣三灣鄉銅鏡村,115/09/02,温世華,無,
苗栗縣三灣鄉頂寮村,115/08/31,鍾清文,無,
苗栗縣三灣鄉頂寮村,115/09/02,鄧興盛,無,
苗栗縣三灣鄉北埔村,115/09/03,黃仁勲,無,
苗栗縣三灣鄉大河村,115/09/02,廖達生,無,
苗栗縣三灣鄉大河村,115/09/04,廖順乾,無,
苗栗縣三灣鄉大坪村,115/08/31,饒維明,無,
苗栗縣三灣鄉大坪村,115/09/02,黃開智,無,
苗栗縣三灣鄉大坪村,115/09/02,江枝盛,無,
苗栗縣三灣鄉永和村,115/09/02,廖盛榮,無,
苗栗縣三灣鄉永和村,115/09/03,黃雪雲,無,
苗栗縣獅潭鄉百壽村,115/09/02,黃世銀,無,
苗栗縣獅潭鄉百壽村,115/09/04,葉明華,無,
苗栗縣獅潭鄉永興村,115/09/02,謝添華,無,
苗栗縣獅潭鄉新店村,115/09/02,謝燃廷,無,
苗栗縣獅潭鄉新店村,115/09/02,蘇朝彰,無,
苗栗縣獅潭鄉和興村,115/09/02,黃進雲,無,
苗栗縣獅潭鄉和興村,115/09/02,李木華,無,
苗栗縣獅潭鄉豐林村,115/09/02,鍾淑清,無,
苗栗縣獅潭鄉豐林村,115/09/03,黃進章,無,
苗栗縣獅潭鄉新豐村,115/09/02,温鏡源,無,
苗栗縣獅潭鄉竹木村,115/09/02,劉榮祥,無,
苗栗縣泰安鄉八卦村,115/08/31,傅學祺,無,
苗栗縣泰安鄉八卦村,115/09/02,周正龍,無,
苗栗縣泰安鄉錦水村,115/09/02,黃魁國,無,
苗栗縣泰安鄉錦水村,115/09/02,古父‧瓦歷 斯,無,
苗栗縣泰安鄉清安村,115/09/02,黃文煥,無,
苗栗縣泰安鄉清安村,115/09/03,劉召源,無,
苗栗縣泰安鄉大興村,115/09/02,簡子喬,無,
苗栗縣泰安鄉大興村,115/09/02,劉自剛,無,
苗栗縣泰安鄉大興村,115/09/03,黃國袁,無,
苗栗縣泰安鄉中興村,115/09/02,謝約瑟,無,
苗栗縣泰安鄉中興村,115/09/02,李永成,無,
苗栗縣泰安鄉梅園村,115/09/02,陳福星,無,
苗栗縣泰安鄉梅園村,115/09/03,鍾安良,無,
苗栗縣泰安鄉梅園村,115/09/04,葉湖雄,無,
苗栗縣泰安鄉象鼻村,115/08/31,楊惠福,無,
苗栗縣泰安鄉象鼻村,115/09/02,張堂明,無,
苗栗縣泰安鄉士林村,115/08/31,李士林,無,
苗栗縣泰安鄉士林村,115/09/02,葉靜宜,無,
彰化縣彰化市文化里,115/09/03,莊啓能,無,
彰化縣彰化市下廍里,115/09/02,劉信邦,無,
彰化縣彰化市下廍里,115/09/03,龔一隆,無,
彰化縣彰化市興北里,115/08/31,王瑜璇,無,
彰化縣彰化市興北里,115/09/02,謝明宗,無,
彰化縣彰化市興北里,115/09/03,鄭宥褕,無,
彰化縣彰化市興北里,115/09/04,劉朱英眉,民主進步黨,
彰化縣彰化市信義里,115/09/02,陳祝汝,無,
彰化縣彰化市信義里,115/09/03,蕭寒冰,無,
彰化縣彰化市民生里,115/08/31,陳永裕,無,
彰化縣彰化市民生里,115/09/04,吳玉美,無,
彰化縣彰化市陽明里,115/09/03,陳彩雲,無,
彰化縣彰化市陽明里,115/09/03,林振瑞,無,
彰化縣彰化市萬安里,115/08/31,周慈瑩,無,
彰化縣彰化市萬安里,115/09/03,高林秀祝,無,
彰化縣彰化市新興里,115/08/31,李瑞發,無,
彰化縣彰化市新興里,115/09/02,陳達育,無,
彰化縣彰化市新華里,115/08/31,林福松,無,
彰化縣彰化市龍山里,115/09/02,洪敏玲,無,
彰化縣彰化市龍山里,115/09/04,周美紅,無,
彰化縣彰化市中山里,115/09/03,陳樹盛,無,
彰化縣彰化市中山里,115/09/03,楊炎坤,無,
彰化縣彰化市中正里,115/09/03,林令宗,無,
彰化縣彰化市中正里,115/09/04,陳冠宇,無,
彰化縣彰化市永福里,115/09/02,向玉蓮,無,
彰化縣彰化市光復里,115/09/02,賴民宗,無,
彰化縣彰化市光復里,115/09/04,湯惠釧,無,
彰化縣彰化市光華里,115/09/02,謝棟樑,無,
彰化縣彰化市萬壽里,115/09/02,吳建霖,無,
彰化縣彰化市萬壽里,115/09/02,蔡佳蓉,無,
彰化縣彰化市中央里,115/09/02,賴啓榮,無,
彰化縣彰化市富貴里,115/08/31,温萬吉,無,
彰化縣彰化市民權里,115/09/02,陳孟圭,無,
彰化縣彰化市西興里,115/08/31,林羽潔,無,
彰化縣彰化市西興里,115/09/04,陳鴻賢,無,
彰化縣彰化市西勢里,115/09/02,王逢易,無,
彰化縣彰化市忠孝里,115/09/02,林正吉,無,
彰化縣彰化市忠權里,115/09/02,林連發,無,
彰化縣彰化市五權里,115/08/31,謝侑家,無,
彰化縣彰化市長樂里,115/09/03,黄淑美,無,
彰化縣彰化市東芳里,115/09/02,張顯祺,無,
彰化縣彰化市東芳里,115/09/02,張次郎,無,
彰化縣彰化市南安里,115/08/31,吳明郎,無,
彰化縣彰化市南安里,115/09/02,吳再垚,無,
彰化縣彰化市南安里,115/09/02,楊智凱,無,
彰化縣彰化市南安里,115/09/04,陳博文,無,
彰化縣彰化市南美里,115/09/02,黃建成,無,
彰化縣彰化市南美里,115/09/03,楊莉琦,無,
彰化縣彰化市莿桐里,115/09/02,蔡侑訓,無,
彰化縣彰化市莿桐里,115/09/02,許佑豪,無,
彰化縣彰化市磚磘里,115/08/31,丁瑞霖,無,
彰化縣彰化市磚磘里,115/08/31,許嘉翔,無,
彰化縣彰化市磚磘里,115/08/31,陳振奇,無,
彰化縣彰化市磚磘里,115/09/01,吳孟聰,無,
彰化縣彰化市平和里,115/09/02,沈明霖,無,
彰化縣彰化市桃源里,115/09/02,曹芳湘,無,
彰化縣彰化市桃源里,115/09/02,曹幸財,中國國民黨,
彰化縣彰化市卦山里,115/08/31,張文華,無,
彰化縣彰化市卦山里,115/09/03,邱妙珠,無,
彰化縣彰化市東興里,115/09/02,林淑娟,中國國民黨,
彰化縣彰化市大同里,115/09/02,王永安,無,
彰化縣彰化市永生里,115/09/02,謝清森,無,
彰化縣彰化市永生里,115/09/04,温宗翰,無,
彰化縣彰化市華陽里,115/09/01,林榮聰,無,
彰化縣彰化市華北里,115/09/02,陳志忠,無,
彰化縣彰化市南瑶里,115/08/31,蔣佳彥,無,
彰化縣彰化市南瑶里,115/09/02,石佳正,無,
彰化縣彰化市南瑶里,115/09/03,黄薏臻,無,
彰化縣彰化市成功里,115/09/03,洪英宭,無,
彰化縣彰化市成功里,115/09/03,郭秋宏,無,
彰化縣彰化市延和里,115/09/02,王勝和,無,
彰化縣彰化市延和里,115/09/04,洪伊亭,無,
彰化縣彰化市南興里,115/09/02,蔡榮森,無,
彰化縣彰化市南興里,115/09/02,陳芝佑,無,
彰化縣彰化市南興里,115/09/04,洪美珍,無,
彰化縣彰化市西安里,115/09/02,趙慶忠,無,
彰化縣彰化市彰安里,115/09/02,邱逸傑,無,
彰化縣彰化市彰安里,115/09/04,胡進財,無,
彰化縣彰化市光南里,115/09/02,蔡耀叁,無,
彰化縣彰化市介壽里,115/09/02,林柏程,無,
彰化縣彰化市介壽里,115/09/03,蔡美香,中國國民黨,
彰化縣彰化市延平里,115/09/03,陳雯嘉,無,
彰化縣彰化市建寶里,115/09/02,陳堂怡,無,
彰化縣彰化市建寶里,115/09/02,莊鳳娥,無,
彰化縣彰化市福安里,115/08/31,陳永文,無,
彰化縣彰化市福安里,115/09/02,鄭景芳,無,
彰化縣彰化市大竹里,115/09/02,張常文,無,
彰化縣彰化市大竹里,115/09/02,吳朝琴,無,
彰化縣彰化市竹中里,115/09/04,何則諭,無,
彰化縣彰化市安溪里,115/09/02,萬士嘉,無,
彰化縣彰化市安溪里,115/09/02,童佳煌,無,
彰化縣彰化市香山里,115/09/03,李讚財,無,
彰化縣彰化市香山里,115/09/03,許春郎,無,
彰化縣彰化市牛埔里,115/08/31,林明森,無,
彰化縣彰化市牛埔里,115/09/02,吳明德,無,
彰化縣彰化市牛埔里,115/09/02,林鎮隆,無,
彰化縣彰化市牛埔里,115/09/04,劉燕彰,無,
彰化縣彰化市福山里,115/09/02,郭金主,無,
彰化縣彰化市中庄里,115/09/02,蘇源順,無,
彰化縣彰化市中庄里,115/09/02,楊勝凱,無,
彰化縣彰化市三村里,115/09/02,趙文男,無,
彰化縣彰化市國聖里,115/09/02,楊添樺,無,
彰化縣彰化市國聖里,115/09/04,劉梅鶯,無,
彰化縣彰化市寶廍里,115/09/02,李政,無,
彰化縣彰化市寶廍里,115/09/02,楊應良,無,
彰化縣彰化市茄苳里,115/08/31,吳秋仁,無,
彰化縣彰化市茄南里,115/09/02,吳文隆,無,
彰化縣彰化市阿夷里,115/08/31,蔡國煌,無,
彰化縣彰化市古夷里,115/09/02,謝有煌,無,
彰化縣彰化市復興里,115/09/01,林思妤,無,
彰化縣彰化市復興里,115/09/03,李麗真,無,
彰化縣彰化市和調里,115/09/02,張金川,無,
彰化縣彰化市石牌里,115/08/31,王盈奇,無,
彰化縣彰化市福田里,115/09/02,陳靜怡,無,
彰化縣彰化市福田里,115/09/02,張畯蓄,無,
彰化縣彰化市竹巷里,115/09/02,王燦明,無,
彰化縣彰化市竹巷里,115/09/03,張銘輝,無,
彰化縣彰化市田中里,115/09/02,林再森,無,
彰化縣彰化市快官里,115/09/02,韓常桓,無,
彰化縣彰化市快官里,115/09/02,劉金順,無,
彰化縣彰化市台鳳里,115/09/02,李忠富,無,
彰化縣彰化市台鳳里,115/09/02,劉寶存,無,
彰化縣彰化市崙平里,115/09/02,梁麗水,無,
彰化縣彰化市崙平里,115/09/02,林水源,無,
彰化縣彰化市向陽里,115/09/03,游寬棟,無,
彰化縣鹿港鎮大有里,115/09/02,施俊平,無,
彰化縣鹿港鎮中興里,115/09/02,徐楷勛,無,
彰化縣鹿港鎮中興里,115/09/03,杜建模,無,
彰化縣鹿港鎮洛津里,115/09/02,黃富裕,無,
彰化縣鹿港鎮洛津里,115/09/03,李沅璋,無,
彰化縣鹿港鎮洛津里,115/09/03,施盛爲,無,
彰化縣鹿港鎮順興里,115/09/02,郭正興,無,
彰化縣鹿港鎮順興里,115/09/02,侯佩芳,無,
彰化縣鹿港鎮頂厝里,115/09/01,陳慶津,無,
彰化縣鹿港鎮東崎里,115/09/02,王明順,無,
彰化縣鹿港鎮埔崙里,115/09/02,許森維,無,
彰化縣鹿港鎮埔崙里,115/09/02,董建林,無,
彰化縣鹿港鎮東石里,115/08/31,鄧易承,無,
彰化縣鹿港鎮東石里,115/09/02,楊宏進,無,
彰化縣鹿港鎮郭厝里,115/08/31,郭献欽,無,
彰化縣鹿港鎮新宮里,115/09/02,何春榮,無,
彰化縣鹿港鎮新宮里,115/09/03,粘志生,無,
彰化縣鹿港鎮玉順里,115/08/31,黃聿甄,無,
彰化縣鹿港鎮玉順里,115/09/02,郭嘉堯,無,
彰化縣鹿港鎮玉順里,115/09/02,林國銘,無,
彰化縣鹿港鎮玉順里,115/09/02,許勝雄,無,
彰化縣鹿港鎮玉順里,115/09/02,郭順福,無,
彰化縣鹿港鎮玉順里,115/09/03,詹政達,無,
彰化縣鹿港鎮玉順里,115/09/03,李淑儀,無,
彰化縣鹿港鎮景福里,115/09/01,蔡宗源,無,
彰化縣鹿港鎮景福里,115/09/03,蔡江東,無,
彰化縣鹿港鎮泰興里,115/09/02,施宣發,無,
彰化縣鹿港鎮泰興里,115/09/04,李倢穎,無,
彰化縣鹿港鎮長興里,115/09/02,許顥騰,無,
彰化縣鹿港鎮龍山里,115/09/02,陳永祥,無,
彰化縣鹿港鎮興化里,115/09/02,黃玲玲,無,
彰化縣鹿港鎮菜園里,115/09/02,黃文樹,無,
彰化縣鹿港鎮街尾里,115/09/01,許勝嘉,無,
彰化縣鹿港鎮頂番里,115/08/31,施皇珀,無,
彰化縣鹿港鎮頂番里,115/09/02,潘文生,無,
彰化縣鹿港鎮頭崙里,115/09/03,楊燕眞,無,
彰化縣鹿港鎮廖厝里,115/09/04,陳東山,無,
彰化縣鹿港鎮溝墘里,115/09/03,洪林秋絨,無,
彰化縣鹿港鎮草中里,115/08/31,王國書,中國國民黨,
彰化縣鹿港鎮草中里,115/09/02,黃冠銘,無,
彰化縣鹿港鎮草中里,115/09/04,吳秉諭,無,
彰化縣鹿港鎮草中里,115/09/04,黃誌星,無,
彰化縣鹿港鎮頭南里,115/08/31,鄭錦昌,無,
彰化縣鹿港鎮頭南里,115/09/03,蘇綰霖,無,
彰化縣鹿港鎮山崙里,115/09/02,黃明龍,無,
彰化縣鹿港鎮海埔里,115/09/02,黃振義,無,
彰化縣鹿港鎮詔安里,115/08/31,施進益,無,
彰化縣鹿港鎮洋厝里,115/09/02,許勝裕,無,
彰化縣鹿港鎮洋厝里,115/09/03,張進偉,無,
彰化縣鹿港鎮永安里,115/09/01,林本參,無,
彰化縣鹿港鎮永安里,115/09/03,許沛翎,無,
彰化縣鹿港鎮鹿和里,115/08/31,許炳熙,無,
彰化縣鹿港鎮鹿和里,115/09/03,許銘勝,無,
彰化縣鹿港鎮鹿東里,115/09/02,林茂己,無,
彰化縣和美鎮竹營里,115/08/31,王金英,無,
彰化縣和美鎮和東里,115/08/31,尤堃宏,無,
彰化縣和美鎮和南里,115/09/02,謝美娥,無,
彰化縣和美鎮和北里,115/08/31,吳華晃,無,
彰化縣和美鎮和西里,115/09/03,黃明卿,無,
彰化縣和美鎮和西里,115/09/04,卓啟文,無,
彰化縣和美鎮四張里,115/09/02,柯雪月,無,
彰化縣和美鎮四張里,115/09/04,黃顯鈞,無,
彰化縣和美鎮頭前里,115/09/02,葉國明,無,
彰化縣和美鎮還社里,115/08/31,趙崇丞,無,
彰化縣和美鎮面前里,115/09/02,劉建村,無,
彰化縣和美鎮鎮平里,115/08/31,李崇彥,無,
彰化縣和美鎮鎮平里,115/09/02,吳家榮,無,
彰化縣和美鎮大霞里,115/08/31,陳萬車,無,
彰化縣和美鎮大霞里,115/09/04,楊朝琴,無,
彰化縣和美鎮大霞里,115/09/04,楊仁宗,無,
彰化縣和美鎮源埤里,115/09/03,謝忠復,無,
彰化縣和美鎮南佃里,115/08/31,陳淑美,無,
彰化縣和美鎮南佃里,115/09/03,許翔林,無,
彰化縣和美鎮南佃里,115/09/04,洪宇懋,無,
彰化縣和美鎮雅溝里,115/08/31,王麗君,無,
彰化縣和美鎮山犁里,115/08/31,黃淑勤,無,
彰化縣和美鎮山犁里,115/08/31,鄭國堂,無,
彰化縣和美鎮嘉犁里,115/09/02,謝國峯,無,
彰化縣和美鎮嘉犁里,115/09/03,陳英傑,無,
彰化縣和美鎮鐵山里,115/09/02,李添鎮,無,
彰化縣和美鎮詔安里,115/09/02,廖汶凌,無,
彰化縣和美鎮詔安里,115/09/04,李樹森,無,
彰化縣和美鎮柑井里,115/08/31,陳惠絹,無,
彰化縣和美鎮柑井里,115/08/31,陳明桓,無,
彰化縣和美鎮竹園里,115/08/31,周秋霞,無,
彰化縣和美鎮新庄里,115/09/02,王溪成,無,
彰化縣和美鎮新庄里,115/09/02,黃昱綺,無,
彰化縣和美鎮新庄里,115/09/03,黃雅倫,無,
彰化縣和美鎮犁盛里,115/09/04,黃正炘,無,
彰化縣和美鎮中寮里,115/09/02,林暐祥,無,
彰化縣和美鎮中寮里,115/09/03,林錦裕,無,
彰化縣和美鎮中圍里,115/09/02,李松春,無,
彰化縣和美鎮糖友里,115/09/02,林錫川,無,
彰化縣和美鎮糖友里,115/09/02,李漢昌,中國國民黨,
彰化縣和美鎮塗厝里,115/09/01,蘇月英,無,
彰化縣和美鎮塗厝里,115/09/03,陳建興,無,
彰化縣和美鎮地潭里,115/09/01,陳錫鐓,無,
彰化縣和美鎮地潭里,115/09/02,林麗芳,無,
彰化縣和美鎮湖內里,115/08/31,姚仁筆,無,
彰化縣和美鎮湖內里,115/09/02,姚人豪,無,
彰化縣和美鎮湖內里,115/09/02,郭志成,無,
彰化縣和美鎮湖內里,115/09/03,柯祥雲,無,
彰化縣和美鎮湖內里,115/09/03,林國錠,無,
彰化縣和美鎮嘉寶里,115/09/01,林柒主,無,
彰化縣和美鎮嘉寶里,115/09/02,邵萬興,無,
彰化縣和美鎮月眉里,115/09/02,蔡東穎,無,
彰化縣和美鎮好修里,115/08/31,葉忠候,無,
彰化縣和美鎮好修里,115/09/02,解茹茵,無,
彰化縣和美鎮仁愛里,115/08/31,黃懷緣,無,
彰化縣和美鎮仁愛里,115/09/03,黃合志,無,
彰化縣線西鄉線西村,115/08/31,王榮銓,無,
彰化縣線西鄉線西村,115/09/02,黃淑灑,無,
彰化縣線西鄉頂庄村,115/09/01,黃美蓮,無,
彰化縣線西鄉寓埔村,115/09/02,陳龍潭,無,
彰化縣線西鄉寓埔村,115/09/04,黃淑芬,無,
彰化縣線西鄉塭仔村,115/09/03,黃共灝,無,
彰化縣線西鄉塭仔村,115/09/04,柯巧,無,
彰化縣線西鄉溝內村,115/09/03,蔡綉着,無,
彰化縣線西鄉下犁村,115/09/03,顏學敏,無,
彰化縣線西鄉頂犁村,115/08/31,林美貴,無,
彰化縣線西鄉德興村,115/09/02,林昭春,無,
彰化縣線西鄉德興村,115/09/03,蘇坤朋,無,
彰化縣伸港鄉曾家村,115/09/04,曾添進,無,
彰化縣伸港鄉蚵寮村,115/09/02,林筆生,無,
彰化縣伸港鄉蚵寮村,115/09/02,陳圳卿,無,
彰化縣伸港鄉埤墘村,115/09/02,柯宏坤,無,
彰化縣伸港鄉溪底村,115/09/02,柯丁財,無,
彰化縣伸港鄉泉州村,115/09/02,陳清泉,無,
彰化縣伸港鄉泉厝村,115/08/31,洪勝賢,無,
彰化縣伸港鄉泉厝村,115/09/03,周文旭,無,
彰化縣伸港鄉海尾村,115/09/02,黃建達,無,
彰化縣伸港鄉全興村,115/09/02,陳恭志,無,
彰化縣伸港鄉定興村,115/09/01,柯駿朗,無,
彰化縣伸港鄉新港村,115/09/02,蔡復成,無,
彰化縣伸港鄉什股村,115/09/02,陳富,無,
彰化縣伸港鄉大同村,115/08/31,陳源森,無,
彰化縣伸港鄉七嘉村,115/09/03,柯天來,無,
彰化縣伸港鄉汴頭村,115/09/02,柯佑勲,無,
彰化縣伸港鄉汴頭村,115/09/02,何俊昌,無,
彰化縣福興鄉番社村,115/09/03,邱羿樺,無,
彰化縣福興鄉社尾村,115/09/03,陳國崇,無,
彰化縣福興鄉社尾村,115/09/03,陳河傳,無,
彰化縣福興鄉社尾村,115/09/03,吳春農,無,
彰化縣福興鄉大崙村,115/09/02,李文檳,無,
彰化縣福興鄉大崙村,115/09/02,張金鴻,無,
彰化縣福興鄉大崙村,115/09/02,許諄守,無,
彰化縣福興鄉外埔村,115/09/03,陳銘富,無,
彰化縣福興鄉外中村,115/08/31,李秀春,無,
彰化縣福興鄉外中村,115/09/03,王萬貴,無,
彰化縣福興鄉元中村,115/09/02,梁煮賔,無,
彰化縣福興鄉三汴村,115/09/02,林義山,無,
彰化縣福興鄉萬豐村,115/09/01,林俊聲,無,
彰化縣福興鄉萬豐村,115/09/02,王美齡,無,
彰化縣福興鄉萬豐村,115/09/03,陳健源,無,
彰化縣福興鄉番婆村,115/08/31,許信民,無,
彰化縣福興鄉橋頭村,115/08/31,許漢宗,無,
彰化縣福興鄉橋頭村,115/09/02,吳媽權,無,
彰化縣福興鄉秀厝村,115/09/01,陳辰世戶,無,
彰化縣福興鄉秀厝村,115/09/04,莊春長,無,
彰化縣福興鄉鎮平村,115/08/31,郭麗梅,無,
彰化縣福興鄉鎮平村,115/08/31,柯榮城,無,
彰化縣福興鄉三和村,115/08/31,黃于甄,無,
彰化縣福興鄉麥厝村,115/09/02,梁國忠,無,
彰化縣福興鄉廈粘村,115/09/02,粘昆在,無,
彰化縣福興鄉頂粘村,115/08/31,粘永修,無,
彰化縣福興鄉福寶村,115/08/31,黃耀輝,中國國民黨,
彰化縣福興鄉福寶村,115/08/31,黃顯津,無,
彰化縣福興鄉福寶村,115/09/04,許淑珍,無,
彰化縣福興鄉二港村,115/08/31,張丁財,無,
彰化縣福興鄉二港村,115/09/02,黃東發,無,
彰化縣福興鄉二港村,115/09/03,吳偉立,無,
彰化縣福興鄉福興村,115/09/02,林建志,無,
彰化縣福興鄉福興村,115/09/03,許玲蘭,無,
彰化縣福興鄉福南村,115/08/31,洪旭峯,無,
彰化縣福興鄉同安村,115/08/31,顏文德,無,
彰化縣福興鄉同安村,115/09/03,卓鋕蒼,無,
彰化縣福興鄉西勢村,115/09/02,趙伍文,無,
彰化縣福興鄉西勢村,115/09/02,陳琬美,無,
彰化縣秀水鄉秀水村,115/09/02,林淑真,無,
彰化縣秀水鄉秀水村,115/09/03,吳財巷,無,
彰化縣秀水鄉安溪村,115/08/31,張紘碩,無,
彰化縣秀水鄉安溪村,115/09/02,莊幸福,無,
彰化縣秀水鄉安溪村,115/09/02,張水海,無,
彰化縣秀水鄉莊雅村,115/08/31,羅仁錦,無,
彰化縣秀水鄉金興村,115/09/02,蘇森田,無,
彰化縣秀水鄉金興村,115/09/04,蘇金扇,無,
彰化縣秀水鄉陝西村,115/09/02,林棟樑,無,
彰化縣秀水鄉安東村,115/09/02,謝國華,無,
彰化縣秀水鄉鶴鳴村,115/09/02,黃濸敏,無,
彰化縣秀水鄉鶴鳴村,115/09/02,黄明隆,無,
彰化縣秀水鄉鶴鳴村,115/09/04,吳建劼,無,
彰化縣秀水鄉鶴鳴村,115/09/04,吳明發,無,
彰化縣秀水鄉馬興村,115/08/31,陳明灶,無,
彰化縣秀水鄉馬興村,115/09/04,宋文貴,無,
彰化縣秀水鄉馬興村,115/09/04,周家茂,無,
彰化縣秀水鄉義興村,115/08/31,施松栢,無,
彰化縣秀水鄉義興村,115/09/03,施文達,無,
彰化縣秀水鄉福安村,115/08/31,周萬發,無,
彰化縣秀水鄉福安村,115/08/31,陳聖隆,無,
彰化縣秀水鄉埔崙村,115/09/03,,無,
彰化縣秀水鄉埔崙村,115/09/03,林金山,無,
彰化縣秀水鄉曾厝村,115/08/31,周沛琳,無,
彰化縣秀水鄉曾厝村,115/09/04,林榮生,無,
彰化縣秀水鄉金陵村,115/09/02,劉宥慈,無,
彰化縣秀水鄉下崙村,115/09/03,詹助益,無,
彰化縣花壇鄉花壇村,115/09/03,高巧引,無,
彰化縣花壇鄉花壇村,115/09/04,吳東平,無,
彰化縣花壇鄉金墩村,115/08/31,李清德,無,
彰化縣花壇鄉中庄村,115/08/31,林家伃,無,
彰化縣花壇鄉中庄村,115/09/02,李俊哲,無,
彰化縣花壇鄉中庄村,115/09/02,李瑞興,無,
彰化縣花壇鄉劉厝村,115/08/31,許碧絨,無,
彰化縣花壇鄉劉厝村,115/09/02,陳懷盛,無,
彰化縣花壇鄉劉厝村,115/09/03,許書堂,無,
彰化縣花壇鄉崙雅村,115/09/02,陳徐秋月,無,
彰化縣花壇鄉南口村,115/09/02,呂茂榮,無,
彰化縣花壇鄉中口村,115/09/02,陳志成,無,
彰化縣花壇鄉中口村,115/09/03,劉耀煌,無,
彰化縣花壇鄉中口村,115/09/04,劉泳倫,無,
彰化縣花壇鄉北口村,115/09/01,許淑卿,無,
彰化縣花壇鄉北口村,115/09/02,許美爵,無,
彰化縣花壇鄉長沙村,115/09/02,沈朝登,無,
彰化縣花壇鄉長沙村,115/09/02,柯金地,無,
彰化縣花壇鄉文德村,115/08/31,林凱意,無,
彰化縣花壇鄉文德村,115/09/03,陳香君,無,
彰化縣花壇鄉白沙村,115/09/03,許火炎,無,
彰化縣花壇鄉白沙村,115/09/04,花沛明,無,
彰化縣花壇鄉岩竹村,115/09/02,余仁豪,無,
彰化縣花壇鄉岩竹村,115/09/03,游雅棉,無,
彰化縣花壇鄉岩竹村,115/09/03,林天潤,無,
彰化縣花壇鄉岩竹村,115/09/04,王水頓,無,
彰化縣花壇鄉橋頭村,115/09/02,謝佩蓉,無,
彰化縣花壇鄉灣雅村,115/09/02,羅尹君,無,
彰化縣花壇鄉灣雅村,115/09/03,李家榮,無,
彰化縣花壇鄉灣東村,115/09/02,許松柏,無,
彰化縣花壇鄉灣東村,115/09/03,楊子仲,無,
彰化縣花壇鄉三春村,115/09/02,顧建興,無,
彰化縣花壇鄉三春村,115/09/04,李明松,無,
彰化縣花壇鄉永春村,115/09/02,陳三弘,無,
彰化縣花壇鄉長春村,115/09/02,王正一,無,
彰化縣花壇鄉長春村,115/09/04,盧彥嘉,無,
彰化縣芬園鄉舊社村,115/09/01,蔡勝堅,無,
彰化縣芬園鄉大埔村,115/08/31,張凰鳳,無,
彰化縣芬園鄉竹林村,115/09/02,張明金,無,
彰化縣芬園鄉竹林村,115/09/03,張文哲,無,
彰化縣芬園鄉社口村,115/09/03,蘇玉樹,無,
彰化縣芬園鄉社口村,115/09/03,莊鴻文,無,
彰化縣芬園鄉茄荖村,115/09/02,簡文彬,無,
彰化縣芬園鄉茄荖村,115/09/03,洪玉雪,無,
彰化縣芬園鄉嘉興村,115/09/02,劉姿均,無,
彰化縣芬園鄉嘉興村,115/09/02,李進源,無,
彰化縣芬園鄉芬園村,115/09/02,劉耿輝,無,
彰化縣芬園鄉縣庄村,115/08/31,褚忠進,無,
彰化縣芬園鄉縣庄村,115/09/03,許碧紅,無,
彰化縣芬園鄉圳墘村,115/09/01,陳煌濱,無,
彰化縣芬園鄉溪頭村,115/08/31,李永蕙,無,
彰化縣芬園鄉溪頭村,115/09/02,許雪慧,無,
彰化縣芬園鄉進芬村,115/08/31,賴國華,無,
彰化縣芬園鄉進芬村,115/09/02,周文池,無,
彰化縣芬園鄉同安村,115/09/03,林子瓏,無,
彰化縣芬園鄉中崙村,115/08/31,許烱業,無,
彰化縣芬園鄉大竹村,115/09/02,張妙真,無,
彰化縣芬園鄉大竹村,115/09/03,許弘興,無,
彰化縣芬園鄉楓坑村,115/09/02,卓淑娥,無,
彰化縣芬園鄉楓坑村,115/09/02,張天賜,無,
彰化縣員林市東和里,115/09/02,劉淑靜,無,
彰化縣員林市東和里,115/09/02,邱文昌,無,
彰化縣員林市民生里,115/09/02,邱雨稻,無,
彰化縣員林市民生里,115/09/04,蕭上筆,無,
彰化縣員林市中正里,115/09/02,陳進發,無,
彰化縣員林市仁美里,115/09/02,黃秀雅,無,
彰化縣員林市新興里,115/09/02,張厚穰,無,
彰化縣員林市新興里,115/09/03,黃建榮,無,
彰化縣員林市和平里,115/09/02,陳素嬌,無,
彰化縣員林市和平里,115/09/02,黃惠珠,無,
彰化縣員林市光明里,115/08/31,余銘堂,無,
彰化縣員林市光明里,115/09/01,邱黃雪華,無,
彰化縣員林市光明里,115/09/02,蕭淑娟,無,
彰化縣員林市光明里,115/09/02,黃健育,無,
彰化縣員林市中山里,115/09/03,楊鳳塔,無,
彰化縣員林市中山里,115/09/04,張仁城,無,
彰化縣員林市黎明里,115/09/02,吳奕萱,無,
彰化縣員林市黎明里,115/09/03,吳秀戀,無,
彰化縣員林市惠來里,115/09/01,宋政輝,無,
彰化縣員林市惠來里,115/09/02,陳敏聰,無,
彰化縣員林市惠來里,115/09/02,游朝元,無,
彰化縣員林市三義里,115/09/02,江秀月,無,
彰化縣員林市三義里,115/09/03,張麗梅,無,
彰化縣員林市新生里,115/08/31,黃耀桐,無,
彰化縣員林市新生里,115/09/02,巫吉清,無,
彰化縣員林市南平里,115/08/31,吳國勝,無,
彰化縣員林市南平里,115/09/03,蔡群英,無,
彰化縣員林市南興里,115/08/31,李秉鴻,無,
彰化縣員林市南興里,115/09/03,陳秀鑾,無,
彰化縣員林市南興里,115/09/03,陳麗鳳,無,
彰化縣員林市南興里,115/09/03,陳宥臻,無,
彰化縣員林市源潭里,115/09/02,陳啓發,無,
彰化縣員林市源潭里,115/09/03,邱志成,無,
彰化縣員林市大埔里,115/09/03,游庭訓,無,
彰化縣員林市三條里,115/09/02,塗筵秦,無,
彰化縣員林市三條里,115/09/03,張凱翔,無,
彰化縣員林市三和里,115/09/02,吳權勝,無,
彰化縣員林市三和里,115/09/03,曹惠纓,無,
彰化縣員林市三橋里,115/09/02,賴柏諺,無,
彰化縣員林市三橋里,115/09/04,邱玉雪,無,
彰化縣員林市中央里,115/09/03,鐘政義,無,
彰化縣員林市溝皂里,115/08/31,張衍澧,無,
彰化縣員林市溝皂里,115/09/01,朱瑞期,無,
彰化縣員林市溝皂里,115/09/02,張維堯,無,
彰化縣員林市大饒里,115/09/02,張明勤,無,
彰化縣員林市大饒里,115/09/03,陳淑珍,無,
彰化縣員林市大明里,115/09/02,蔡淑媚,無,
彰化縣員林市大明里,115/09/03,張俊郎,無,
彰化縣員林市萬年里,115/09/02,林世豪,無,
彰化縣員林市萬年里,115/09/02,許美月,無,
彰化縣員林市崙雅里,115/09/04,徐小媚,無,
彰化縣員林市振興里,115/08/31,張瑛哲,無,
彰化縣員林市振興里,115/09/01,李玉雲,無,
彰化縣員林市振興里,115/09/02,謝堂權,無,
彰化縣員林市林厝里,115/08/31,蕭富子,無,
彰化縣員林市出水里,115/09/02,邱式麟,無,
彰化縣員林市湖水里,115/09/02,黃欽玉,無,
彰化縣員林市大峯里,115/09/01,江茂達,無,
彰化縣員林市鎮興里,115/09/03,黃銘得,無,
彰化縣員林市浮圳里,115/09/01,江順興,無,
彰化縣員林市浮圳里,115/09/02,劉秝㝌,無,
彰化縣員林市西東里,115/08/31,黃耀武,無,
彰化縣員林市西東里,115/08/31,賴春岳,無,
彰化縣員林市南東里,115/09/02,何桂妹,無,
彰化縣員林市南東里,115/09/03,黃家富,無,
彰化縣員林市中東里,115/09/02,陳妙眉,無,
彰化縣員林市中東里,115/09/03,曹炎權,無,
彰化縣員林市東北里,115/09/02,曹森裕,無,
彰化縣員林市東北里,115/09/03,曹震西,無,
彰化縣員林市三愛里,115/09/02,黃雅惠,無,
彰化縣員林市三愛里,115/09/03,卓金龍,無,
彰化縣員林市三信里,115/09/03,黃寅,無,
彰化縣員林市三多里,115/09/01,林子勛,無,
彰化縣員林市三多里,115/09/02,黃再瑞,無,
彰化縣員林市仁愛里,115/09/01,黃世杰,中國國民黨,
彰化縣員林市仁愛里,115/09/02,陳楊秀錦,無,
彰化縣員林市忠孝里,115/09/01,周承澤,無,
彰化縣員林市忠孝里,115/09/02,洪光旭,無,
彰化縣溪湖鎮光平里,115/08/31,巫永偉,無,
彰化縣溪湖鎮光平里,115/09/02,楊林玉春,無,
彰化縣溪湖鎮平和里,115/09/01,巫弘任,無,
彰化縣溪湖鎮平和里,115/09/02,鄭篤喜,無,
彰化縣溪湖鎮太平里,115/08/31,陳正旺,無,
彰化縣溪湖鎮太平里,115/09/01,陳宥誠,無,
彰化縣溪湖鎮太平里,115/09/03,施忠偉,無,
彰化縣溪湖鎮光華里,115/09/01,楊耀木,無,
彰化縣溪湖鎮東寮里,115/09/03,巫永裕,無,
彰化縣溪湖鎮東寮里,115/09/04,鐘秋琴,中國國民黨,
彰化縣溪湖鎮西寮里,115/09/02,洪新發,無,
彰化縣溪湖鎮西寮里,115/09/03,巫典源,無,
彰化縣溪湖鎮大突里,115/09/02,楊錫材,無,
彰化縣溪湖鎮大突里,115/09/02,謝章啟,無,
彰化縣溪湖鎮北勢里,115/08/31,楊添發,無,
彰化縣溪湖鎮北勢里,115/09/02,楊儒華,無,
彰化縣溪湖鎮汴頭里,115/09/01,楊登棠,無,
彰化縣溪湖鎮大竹里,115/09/02,楊朝誠,無,
彰化縣溪湖鎮湖西里,115/09/02,楊明瞭,無,
彰化縣溪湖鎮湖西里,115/09/03,楊儒純,無,
彰化縣溪湖鎮田中里,115/09/02,楊銘煇,無,
彰化縣溪湖鎮河東里,115/09/02,吳明聰,無,
彰化縣溪湖鎮河東里,115/09/04,施丁捌,無,
彰化縣溪湖鎮中山里,115/09/02,楊平國,無,
彰化縣溪湖鎮中山里,115/09/02,許淑美,無,
彰化縣溪湖鎮中竹里,115/08/31,黃柏勳,無,
彰化縣溪湖鎮東溪里,115/09/04,陳添富,無,
彰化縣溪湖鎮西溪里,115/08/31,洪秀鳳,無,
彰化縣溪湖鎮湖東里,115/09/02,陳芬妮,無,
彰化縣溪湖鎮湖東里,115/09/03,林俊生,無,
彰化縣溪湖鎮頂庄里,115/09/02,陳逸嬅,無,
彰化縣溪湖鎮頂庄里,115/09/04,王若喬,無,
彰化縣溪湖鎮忠覺里,115/09/01,陳桂春,無,
彰化縣溪湖鎮湳底里,115/09/02,陳聰德,無,
彰化縣溪湖鎮湳底里,115/09/02,陳秋波,無,
彰化縣溪湖鎮大庭里,115/08/31,陳傳助,無,
彰化縣溪湖鎮媽厝里,115/08/31,王錦浪,無,
彰化縣溪湖鎮西勢里,115/09/02,王美雪,無,
彰化縣溪湖鎮西勢里,115/09/03,蔡福助,無,
彰化縣溪湖鎮番婆里,115/08/31,曹素蓮,無,
彰化縣溪湖鎮番婆里,115/09/02,陳總敏,無,
彰化縣田中鎮香山里,115/09/03,周嬋娟,無,
彰化縣田中鎮碧峰里,115/09/02,蕭文忠,無,
彰化縣田中鎮東源里,115/09/02,陳木水,無,
彰化縣田中鎮東源里,115/09/02,陳聰達,無,
彰化縣田中鎮復興里,115/09/02,游文義,無,
彰化縣田中鎮平和里,115/09/02,周政亮,無,
彰化縣田中鎮平和里,115/09/03,張瑞鈞,無,
彰化縣田中鎮平和里,115/09/03,周玲玟,無,
彰化縣田中鎮平和里,115/09/03,陳燕萍,無,
彰化縣田中鎮頂潭里,115/09/02,蕭輔崇,無,
彰化縣田中鎮中潭里,115/09/02,葉淑玲,無,
彰化縣田中鎮中潭里,115/09/02,紀崑棟,無,
彰化縣田中鎮龍潭里,115/09/02,蕭光志,無,
彰化縣田中鎮北路里,115/09/01,許日新,無,
彰化縣田中鎮北路里,115/09/02,許竣崎,無,
彰化縣田中鎮西路里,115/09/02,劉龍豪,無,
彰化縣田中鎮西路里,115/09/03,謝志朋,無,
彰化縣田中鎮東路里,115/09/02,蕭大元,無,
彰化縣田中鎮東路里,115/09/02,詹琮文,無,
彰化縣田中鎮南路里,115/08/31,謝錫鈐,無,
彰化縣田中鎮南路里,115/09/03,張福欽,無,
彰化縣田中鎮南路里,115/09/04,黃文龍,無,
彰化縣田中鎮中路里,115/09/02,陳月嬌,無,
彰化縣田中鎮中路里,115/09/03,吳振權,無,
彰化縣田中鎮新庄里,115/09/03,賴美均,無,
彰化縣田中鎮三安里,115/08/31,賴渙梃,無,
彰化縣田中鎮三安里,115/09/02,卓建璋,無,
彰化縣田中鎮大崙里,115/09/02,尤振暉,無,
彰化縣田中鎮沙崙里,115/08/31,謝映汝,無,
彰化縣田中鎮沙崙里,115/09/03,鄭朝安,民主進步黨,
彰化縣田中鎮新民里,115/09/02,王境銘,無,
彰化縣田中鎮新民里,115/09/02,梁正賢,無,
彰化縣田中鎮梅州里,115/09/02,葉家國,無,
彰化縣田中鎮梅州里,115/09/03,莊舜麟,無,
彰化縣田中鎮三民里,115/09/02,鄭金賜,無,
彰化縣田中鎮三光里,115/09/02,陳裕柳,無,
彰化縣田中鎮三光里,115/09/04,陳安烱,無,
彰化縣田中鎮大社里,115/08/31,陳彥伯,無,
彰化縣田中鎮大社里,115/08/31,陳鴻銘,無,
彰化縣田中鎮大社里,115/09/01,盧勝杰,無,
彰化縣田中鎮大社里,115/09/02,賴義順,無,
彰化縣田中鎮大社里,115/09/02,陳少峯,無,
彰化縣大村鄉大村村,115/09/02,莊櫻檳,無,
彰化縣大村鄉大村村,115/09/02,賴錫應,無,
彰化縣大村鄉茄苳村,115/09/02,吳家榮,無,
彰化縣大村鄉茄苳村,115/09/03,吳萬船,無,
彰化縣大村鄉南勢村,115/08/31,楊惠華,無,
彰化縣大村鄉南勢村,115/09/01,黃玉河,無,
彰化縣大村鄉南勢村,115/09/02,賴沛河,無,
彰化縣大村鄉田洋村,115/09/03,劉楨權,無,
彰化縣大村鄉田洋村,115/09/03,謝汶鈺,無,
彰化縣大村鄉新興村,115/09/02,黃世昌,無,
彰化縣大村鄉新興村,115/09/02,陳錫亮,無,
彰化縣大村鄉過溝村,115/08/31,賴保全,無,
彰化縣大村鄉美港村,115/09/02,賴福財,無,
彰化縣大村鄉平和村,115/09/02,賴居林,無,
彰化縣大村鄉貢旗村,115/09/02,賴晋甲,無,
彰化縣大村鄉加錫村,115/09/02,康佰武,無,
彰化縣大村鄉村上村,115/08/31,黃文和,無,
彰化縣大村鄉村上村,115/09/02,賴順從,無,
彰化縣大村鄉大橋村,115/09/02,賴志民,無,
彰化縣大村鄉大橋村,115/09/03,吳銘國,無,
彰化縣大村鄉大崙村,115/09/01,游存常,無,
彰化縣大村鄉大崙村,115/09/02,賴碧珠,無,
彰化縣大村鄉大崙村,115/09/02,陳鑫池,無,
彰化縣大村鄉擺塘村,115/09/02,游家興,無,
彰化縣大村鄉擺塘村,115/09/02,游建文,無,
彰化縣大村鄉擺塘村,115/09/04,游對,無,
彰化縣大村鄉黃厝村,115/08/31,黃朝啓,無,
彰化縣大村鄉黃厝村,115/09/03,馮漢湖,無,
彰化縣大村鄉福興村,115/09/02,汪耀庭,無,
彰化縣埔鹽鄉埔鹽村,115/08/31,陳坤龍,無,
彰化縣埔鹽鄉埔鹽村,115/09/03,魏信顧,無,
彰化縣埔鹽鄉埔南村,115/08/31,陳勝利,無,
彰化縣埔鹽鄉埔南村,115/09/04,蔡瑞堯,無,
彰化縣埔鹽鄉廍子村,115/09/01,陳貽正,無,
彰化縣埔鹽鄉出水村,115/09/02,陳桂昌,無,
彰化縣埔鹽鄉出水村,115/09/02,楊進隆,無,
彰化縣埔鹽鄉南港村,115/08/31,許宗雄,無,
彰化縣埔鹽鄉南港村,115/08/31,林啓崇,無,
彰化縣埔鹽鄉打廉村,115/08/31,陳光玨,無,
彰化縣埔鹽鄉打廉村,115/09/02,陳育勝,無,
彰化縣埔鹽鄉豐澤村,115/08/31,蔡耀德,無,
彰化縣埔鹽鄉豐澤村,115/09/02,陳義銘,無,
彰化縣埔鹽鄉豐澤村,115/09/02,陳鴻銓,無,
彰化縣埔鹽鄉崑崙村,115/09/02,蔡松煇,無,
彰化縣埔鹽鄉崑崙村,115/09/02,顏秀戀,無,
彰化縣埔鹽鄉崑崙村,115/09/02,蔡志錦,無,
彰化縣埔鹽鄉角樹村,115/08/31,陳柏愿,無,
彰化縣埔鹽鄉角樹村,115/09/04,陳湧德,無,
彰化縣埔鹽鄉瓦磘村,115/09/02,翁錫通,無,
彰化縣埔鹽鄉瓦磘村,115/09/02,施易昌,無,
彰化縣埔鹽鄉好修村,115/08/31,黃世仁,無,
彰化縣埔鹽鄉好修村,115/09/03,施勳河,無,
彰化縣埔鹽鄉西湖村,115/09/02,李阿池,無,
彰化縣埔鹽鄉西湖村,115/09/02,陳金爾,無,
彰化縣埔鹽鄉大有村,115/09/03,陳輝隆,無,
彰化縣埔鹽鄉新興村,115/09/02,康炳旺,無,
彰化縣埔鹽鄉新興村,115/09/02,黃朝鑫,無,
彰化縣埔鹽鄉永平村,115/09/02,施金章,無,
彰化縣埔鹽鄉永樂村,115/09/02,石國銘,無,
彰化縣埔鹽鄉永樂村,115/09/04,林坤献,無,
彰化縣埔鹽鄉石埤村,115/08/31,施永弦,無,
彰化縣埔鹽鄉石埤村,115/09/02,施讚興,無,
彰化縣埔鹽鄉天盛村,115/08/31,黃錦滄,無,
彰化縣埔鹽鄉天盛村,115/08/31,施慶堯,無,
彰化縣埔鹽鄉太平村,115/08/31,林俊江,無,
彰化縣埔鹽鄉太平村,115/09/02,童永冬,無,
彰化縣埔鹽鄉新水村,115/09/03,王志民,無,
彰化縣埔鹽鄉新水村,115/09/04,施愷峻,無,
彰化縣埔鹽鄉三省村,115/09/03,張志鵬,無,
彰化縣埔鹽鄉三省村,115/09/04,施義章,無,
彰化縣埔鹽鄉南新村,115/09/01,施郁民,無,
彰化縣埔鹽鄉南新村,115/09/04,施正賀,無,
彰化縣埔心鄉東門村,115/08/31,陳有在,無,
彰化縣埔心鄉埔心村,115/09/01,邱芳春,無,
彰化縣埔心鄉義民村,115/09/02,徐劉惠蘇,無,
彰化縣埔心鄉義民村,115/09/04,徐英綸,無,
彰化縣埔心鄉油車村,115/09/03,楊其芳,無,
彰化縣埔心鄉瓦北村,115/09/02,鄭玉盆,無,
彰化縣埔心鄉瓦北村,115/09/04,謝佳容,無,
彰化縣埔心鄉瓦中村,115/08/31,余堅,無,
彰化縣埔心鄉瓦中村,115/09/04,張麗娜,無,
彰化縣埔心鄉瓦南村,115/09/01,張添寅,無,
彰化縣埔心鄉瓦南村,115/09/03,張秀霙,無,
彰化縣埔心鄉太平村,115/09/02,張祥作,無,
彰化縣埔心鄉太平村,115/09/02,張先進,無,
彰化縣埔心鄉經口村,115/09/02,楊芬芳,無,
彰化縣埔心鄉經口村,115/09/02,張哲嘉,無,
彰化縣埔心鄉大華村,115/08/31,賴麗寬,無,
彰化縣埔心鄉大華村,115/08/31,吳啓誠,無,
彰化縣埔心鄉大華村,115/09/02,吳啓信,無,
彰化縣埔心鄉大華村,115/09/02,吳傳廣,無,
彰化縣埔心鄉仁里村,115/08/31,劉永棍,無,
彰化縣埔心鄉仁里村,115/08/31,陳秀玲,無,
彰化縣埔心鄉仁里村,115/09/01,劉書誠,無,
彰化縣埔心鄉仁里村,115/09/04,曾羽呈,無,
彰化縣埔心鄉舊舘村,115/08/31,蔡昇助,無,
彰化縣埔心鄉舊舘村,115/09/02,楊羿蔙,無,
彰化縣埔心鄉南舘村,115/09/02,邱環字,無,
彰化縣埔心鄉南舘村,115/09/02,邱志國,無,
彰化縣埔心鄉新舘村,115/09/02,羅正成,無,
彰化縣埔心鄉新舘村,115/09/02,吳陳金環,無,
彰化縣埔心鄉羅厝村,115/08/31,邱建順,無,
彰化縣埔心鄉羅厝村,115/09/04,劉振翔,無,
彰化縣埔心鄉芎蕉村,115/08/31,許森林,無,
彰化縣埔心鄉二重村,115/09/03,賴逢偉,無,
彰化縣埔心鄉二重村,115/09/03,黃怡誠,無,
彰化縣埔心鄉梧鳳村,115/09/02,黃立仲,無,
彰化縣埔心鄉梧鳳村,115/09/02,黃旭四,無,
彰化縣埔心鄉埤霞村,115/09/02,黃志明,無,
彰化縣埔心鄉埤霞村,115/09/02,黃幃鑫,無,
彰化縣埔心鄉埤霞村,115/09/03,黃進春,無,
彰化縣埔心鄉埤霞村,115/09/04,黃鴻儒,無,
彰化縣埔心鄉埤脚村,115/09/02,黃輝要,無,
彰化縣埔心鄉埤脚村,115/09/02,蔡明晃,無,
彰化縣永靖鄉永東村,115/09/02,張銘達,無,
彰化縣永靖鄉永西村,115/08/31,胡耿銘,無,
彰化縣永靖鄉永西村,115/09/04,魏品,無,
彰化縣永靖鄉永南村,115/09/02,周意祥,無,
彰化縣永靖鄉永南村,115/09/02,劉嘉龍,無,
彰化縣永靖鄉永北村,115/09/02,劉銘松,無,
彰化縣永靖鄉永北村,115/09/02,劉俊宏,無,
彰化縣永靖鄉永北村,115/09/03,陳建名,無,
彰化縣永靖鄉港西村,115/09/01,陳勝照,無,
彰化縣永靖鄉港西村,115/09/02,黃銀砂,無,
彰化縣永靖鄉五福村,115/09/03,高芳熙,無,
彰化縣永靖鄉湳港村,115/09/02,呂金和,無,
彰化縣永靖鄉湳港村,115/09/02,劉有益,無,
彰化縣永靖鄉新莊村,115/09/02,詹日新,無,
彰化縣永靖鄉瑚璉村,115/09/01,邱垂育,無,
彰化縣永靖鄉瑚璉村,115/09/03,李振申,無,
彰化縣永靖鄉五汴村,115/09/02,袁百里,無,
彰化縣永靖鄉五汴村,115/09/02,黃鈺琇,無,
彰化縣永靖鄉浮圳村,115/09/02,游世庭,無,
彰化縣永靖鄉光雲村,115/09/02,詹德如,無,
彰化縣永靖鄉光雲村,115/09/04,陳郁函,無,
彰化縣永靖鄉東寧村,115/08/31,林月卿,無,
彰化縣永靖鄉東寧村,115/09/02,詹敏梳,無,
彰化縣永靖鄉東寧村,115/09/03,洪仁俊,無,
彰化縣永靖鄉永興村,115/08/31,賴聰賢,無,
彰化縣永靖鄉永興村,115/09/01,邱寬重,無,
彰化縣永靖鄉永興村,115/09/03,張源祿,無,
彰化縣永靖鄉崙子村,115/09/02,凃永富,無,
彰化縣永靖鄉崙子村,115/09/03,曾金通,無,
彰化縣永靖鄉獨鰲村,115/09/02,陳信作,無,
彰化縣永靖鄉獨鰲村,115/09/02,陳先忍,無,
彰化縣永靖鄉獨鰲村,115/09/04,江洽如,無,
彰化縣永靖鄉敦厚村,115/09/02,王永宜,無,
彰化縣永靖鄉敦厚村,115/09/03,魏盈稘,無,
彰化縣永靖鄉崙美村,115/09/02,胡錫孟,無,
彰化縣永靖鄉崙美村,115/09/03,胡順昌,無,
彰化縣永靖鄉同安村,115/09/02,陳坤立,無,
彰化縣永靖鄉同仁村,115/09/01,李美華,無,
彰化縣永靖鄉同仁村,115/09/02,李鎮宇,無,
彰化縣永靖鄉湳墘村,115/08/31,林輝,無,
彰化縣永靖鄉湳墘村,115/09/02,邱瑞富,無,
彰化縣永靖鄉四芳村,115/08/31,盧清連,無,
彰化縣永靖鄉四芳村,115/09/02,盧明科,無,
彰化縣永靖鄉福興村,115/08/31,劉雅芳,無,
彰化縣永靖鄉福興村,115/09/01,邱國堅,無,
彰化縣永靖鄉福興村,115/09/02,江坤沛,無,
彰化縣永靖鄉竹子村,115/08/31,周文曲,無,
彰化縣永靖鄉竹子村,115/09/02,邱慶利,無,
彰化縣社頭鄉社頭村,115/09/02,范素芬,無,
彰化縣社頭鄉社頭村,115/09/03,張育豪,無,
彰化縣社頭鄉東興村,115/09/02,蕭武雄,無,
彰化縣社頭鄉東興村,115/09/02,蕭福銘,無,
彰化縣社頭鄉山湖村,115/09/02,劉秀蘭,無,
彰化縣社頭鄉廣興村,115/09/02,蕭東信,無,
彰化縣社頭鄉廣興村,115/09/03,劉淑玲,無,
彰化縣社頭鄉廣福村,115/09/02,謝文程,無,
彰化縣社頭鄉朝興村,115/08/31,翁明崧,無,
彰化縣社頭鄉朝興村,115/09/02,蕭家鏞,無,
彰化縣社頭鄉仁雅村,115/09/02,陳文騫,無,
彰化縣社頭鄉仁雅村,115/09/03,陳麗芳,無,
彰化縣社頭鄉仁雅村,115/09/03,陳圓,無,
彰化縣社頭鄉橋頭村,115/09/02,陳兩成,無,
彰化縣社頭鄉橋頭村,115/09/02,劉三合,無,
彰化縣社頭鄉仁和村,115/09/02,蕭吉良,無,
彰化縣社頭鄉仁和村,115/09/03,黃琮淵,無,
彰化縣社頭鄉崙雅村,115/09/03,蔡宸漢,無,
彰化縣社頭鄉崙雅村,115/09/04,王明㨗,無,
彰化縣社頭鄉湳底村,115/09/01,謝勝文,無,
彰化縣社頭鄉泰安村,115/09/02,蕭益忠,無,
彰化縣社頭鄉泰安村,115/09/02,張麗雪,無,
彰化縣社頭鄉美雅村,115/09/02,蕭志鎰,無,
彰化縣社頭鄉新厝村,115/09/02,劉培謙,無,
彰化縣社頭鄉新厝村,115/09/03,劉志慶,無,
彰化縣社頭鄉平和村,115/09/02,蕭耀寬,無,
彰化縣社頭鄉平和村,115/09/02,蕭成洽,無,
彰化縣社頭鄉里仁村,115/09/02,蕭錦時,無,
彰化縣社頭鄉里仁村,115/09/02,邱裕嘉,無,
彰化縣社頭鄉張厝村,115/09/02,賴素珍,無,
彰化縣社頭鄉張厝村,115/09/02,張松柏,無,
彰化縣社頭鄉張厝村,115/09/04,楊瑞蓉,無,
彰化縣社頭鄉龍井村,115/09/02,蕭秋長,無,
彰化縣社頭鄉龍井村,115/09/04,蕭富榮,無,
彰化縣社頭鄉舊社村,115/08/31,陳瑞良,無,
彰化縣社頭鄉舊社村,115/09/02,黃秀如,無,
彰化縣社頭鄉埤斗村,115/09/02,紀勝英,無,
彰化縣社頭鄉埤斗村,115/09/03,蕭詠隆,無,
彰化縣社頭鄉湳雅村,115/09/04,劉錦田,無,
彰化縣社頭鄉湳雅村,115/09/04,許明功,無,
彰化縣社頭鄉松竹村,115/09/02,張秀優,無,
彰化縣社頭鄉清水村,115/09/02,陳登葟,無,
彰化縣社頭鄉清水村,115/09/02,蕭錦明,無,
彰化縣社頭鄉協和村,115/08/31,劉都,無,
彰化縣二水鄉合和村,115/09/02,董碧顏,無,
彰化縣二水鄉上豊村,115/08/31,李新富,無,
彰化縣二水鄉上豊村,115/09/02,林献仁,無,
彰化縣二水鄉過圳村,115/09/02,羅澄麃,無,
彰化縣二水鄉五伯村,115/09/02,謝靜文,無,
彰化縣二水鄉五伯村,115/09/03,陳志傑,無,
彰化縣二水鄉光化村,115/08/31,呂益安,無,
彰化縣二水鄉光化村,115/09/02,張惠明,無,
彰化縣二水鄉光化村,115/09/02,孔炳煌,無,
彰化縣二水鄉文化村,115/09/02,林友隆,無,
彰化縣二水鄉文化村,115/09/02,張駿議,無,
彰化縣二水鄉二水村,115/08/31,楊景林,無,
彰化縣二水鄉二水村,115/09/01,張萬昇,無,
彰化縣二水鄉聖化村,115/09/01,張淑慧,無,
彰化縣二水鄉聖化村,115/09/02,鄭鴻志,無,
彰化縣二水鄉裕民村,115/08/31,楊清吉,無,
彰化縣二水鄉裕民村,115/09/02,楊慶旺,無,
彰化縣二水鄉裕民村,115/09/02,林祐任,無,
彰化縣二水鄉惠民村,115/09/02,許武雄,無,
彰化縣二水鄉惠民村,115/09/03,許維勝,無,
彰化縣二水鄉惠民村,115/09/03,張家文,無,
彰化縣二水鄉大園村,115/09/02,謝寶任,無,
彰化縣二水鄉大園村,115/09/03,陳建仁,無,
彰化縣二水鄉修仁村,115/08/31,陳星佑,無,
彰化縣二水鄉修仁村,115/09/02,鄧晴云,無,
彰化縣二水鄉合興村,115/08/31,張窓明,無,
彰化縣二水鄉合興村,115/09/01,陳進達,無,
彰化縣二水鄉源泉村,115/09/02,蔡勝鴻,無,
彰化縣二水鄉源泉村,115/09/03,賴文泉,無,
彰化縣二水鄉倡和村,115/09/04,鄭慶松,無,
彰化縣二水鄉復興村,115/08/31,張叁寶,無,
彰化縣二水鄉復興村,115/09/02,謝國涼,民主進步黨,
彰化縣二水鄉十五村,115/09/02,張敏華,無,
彰化縣二水鄉十五村,115/09/02,黃秀花,無,
彰化縣二水鄉十五村,115/09/04,謝宜妙,無,
彰化縣北斗鎮光復里,115/09/01,許俊士,無,
彰化縣北斗鎮新政里,115/08/31,傅銘霖,無,
彰化縣北斗鎮重慶里,115/08/31,陳森桂,無,
彰化縣北斗鎮重慶里,115/09/02,陳肇基,無,
彰化縣北斗鎮五權里,115/09/02,謝正良,無,
彰化縣北斗鎮七星里,115/09/01,易世朋,無,
彰化縣北斗鎮居仁里,115/08/31,陳東榮,無,
彰化縣北斗鎮居仁里,115/09/02,林志銘,無,
彰化縣北斗鎮東光里,115/09/02,呂學銘,無,
彰化縣北斗鎮東光里,115/09/02,林晁立,無,
彰化縣北斗鎮文昌里,115/09/02,田秋水,無,
彰化縣北斗鎮文昌里,115/09/04,傅俊嘉,司法正義黨,
彰化縣北斗鎮中和里,115/09/02,李宏裕,無,
彰化縣北斗鎮中和里,115/09/02,許國男,無,
彰化縣北斗鎮西德里,115/09/01,林建良,無,
彰化縣北斗鎮西德里,115/09/02,黃志忠,無,
彰化縣北斗鎮西安里,115/08/31,林義平,無,
彰化縣北斗鎮中寮里,115/09/03,陳傳富,無,
彰化縣北斗鎮大道里,115/08/31,許明圖,無,
彰化縣北斗鎮大道里,115/09/02,王炳垣,無,
彰化縣北斗鎮新生里,115/08/31,吳金郎,無,
彰化縣北斗鎮大新里,115/08/31,陳孟麒,無,
彰化縣北斗鎮大新里,115/09/02,蔡石獅,無,
彰化縣二林鎮東和里,115/09/02,洪大順,無,
彰化縣二林鎮東和里,115/09/04,林詣佩,無,
彰化縣二林鎮南光里,115/09/03,洪淑女,無,
彰化縣二林鎮南光里,115/09/04,陳昱瑋,無,
彰化縣二林鎮南光里,115/09/04,黄一郎,無,
彰化縣二林鎮西平里,115/08/31,洪勝峰,無,
彰化縣二林鎮北平里,115/09/04,洪建榮,無,
彰化縣二林鎮中西里,115/09/02,洪秋邦,無,
彰化縣二林鎮廣興里,115/08/31,詹金水,無,
彰化縣二林鎮香田里,115/09/02,陳格俊,無,
彰化縣二林鎮外竹里,115/08/31,洪啓峯,無,
彰化縣二林鎮外竹里,115/09/03,顏信鴻,無,
彰化縣二林鎮外竹里,115/09/03,吳思妶,無,
彰化縣二林鎮興華里,115/09/02,洪建民,無,
彰化縣二林鎮東興里,115/08/31,魏筑妤,無,
彰化縣二林鎮東興里,115/09/02,王元裕,無,
彰化縣二林鎮後厝里,115/09/04,詹順吉,無,
彰化縣二林鎮豐田里,115/09/02,吳朝章,無,
彰化縣二林鎮頂厝里,115/09/02,洪誌謙,無,
彰化縣二林鎮趙甲里,115/09/02,曾免,無,
彰化縣二林鎮振興里,115/09/02,楊貴葉,無,
彰化縣二林鎮振興里,115/09/03,謝文藝,無,
彰化縣二林鎮萬興里,115/09/02,謝來旺,無,
彰化縣二林鎮永興里,115/09/02,陳加勝,無,
彰化縣二林鎮西庄里,115/09/02,洪漢中,無,
彰化縣二林鎮梅芳里,115/09/02,吳錦龍,無,
彰化縣二林鎮華崙里,115/09/02,張俊卿,無,
彰化縣二林鎮東勢里,115/08/31,傅精用,無,
彰化縣二林鎮東勢里,115/09/02,蔡宗哲,無,
彰化縣二林鎮萬合里,115/08/31,陳瑞泰,無,
彰化縣二林鎮萬合里,115/09/02,林福在,無,
彰化縣二林鎮萬合里,115/09/03,薛錫銘,無,
彰化縣二林鎮大永里,115/08/31,莊明章,無,
彰化縣二林鎮大永里,115/09/02,莊仲茂,無,
彰化縣二林鎮原斗里,115/08/31,莊坤錫,無,
彰化縣二林鎮原斗里,115/09/02,鄭宏昌,無,
彰化縣二林鎮西斗里,115/09/01,蔡淑芬,無,
彰化縣二林鎮西斗里,115/09/04,莊清董,無,
彰化縣二林鎮東華里,115/08/31,曾文昌,無,
彰化縣二林鎮東華里,115/09/02,陳裕隆,無,
彰化縣二林鎮復豐里,115/09/03,曾財發,無,
彰化縣田尾鄉田尾村,115/09/02,王進峰,無,
彰化縣田尾鄉田尾村,115/09/03,王進財,無,
彰化縣田尾鄉豐田村,115/09/01,許世榮,無,
彰化縣田尾鄉饒平村,115/09/02,蔡文欽,無,
彰化縣田尾鄉饒平村,115/09/03,楊文綜,無,
彰化縣田尾鄉睦宜村,115/09/02,陳作禮,無,
彰化縣田尾鄉睦宜村,115/09/02,陳俊達,無,
彰化縣田尾鄉福田村,115/08/31,陳壯飛,無,
彰化縣田尾鄉福田村,115/09/03,陳憲榮,無,
彰化縣田尾鄉新興村,115/09/03,蒲創結,無,
彰化縣田尾鄉新興村,115/09/03,劉振興,無,
彰化縣田尾鄉北鎮村,115/09/02,張應富,無,
彰化縣田尾鄉南鎮村,115/09/01,劉定國,無,
彰化縣田尾鄉新生村,115/08/31,林世潭,無,
彰化縣田尾鄉新生村,115/09/03,黃國正,無,
彰化縣田尾鄉南曾村,115/08/31,李明營,無,
彰化縣田尾鄉南曾村,115/09/04,邱雅蕾,無,
彰化縣田尾鄉北曾村,115/09/01,莊添鏿,無,
彰化縣田尾鄉溪畔村,115/09/02,陳中和,無,
彰化縣田尾鄉溪畔村,115/09/02,陳錦津,無,
彰化縣田尾鄉打簾村,115/09/02,邱垂麟,無,
彰化縣田尾鄉柳鳳村,115/08/31,周文田,無,
彰化縣田尾鄉柳鳳村,115/09/02,江大明,無,
彰化縣田尾鄉柳鳳村,115/09/02,李漢榮,無,
彰化縣田尾鄉柳鳳村,115/09/03,林可心,無,
彰化縣田尾鄉陸豐村,115/08/31,邱柏勲,無,
彰化縣田尾鄉海豐村,115/08/31,吳永棋,無,
彰化縣田尾鄉仁里村,115/08/31,李坤極,無,
彰化縣田尾鄉新厝村,115/08/31,羅暉杉,無,
彰化縣田尾鄉溪頂村,115/08/31,林肇卿,無,
彰化縣田尾鄉正義村,115/09/02,王政堅,無,
彰化縣埤頭鄉和豊村,115/08/31,陳立彬,無,
彰化縣埤頭鄉興農村,115/08/31,黃成居,無,
彰化縣埤頭鄉埤頭村,115/09/02,黃丁元,無,
彰化縣埤頭鄉埤頭村,115/09/02,吳彰輝,無,
彰化縣埤頭鄉豊崙村,115/08/31,林登福,無,
彰化縣埤頭鄉豊崙村,115/09/01,張順凱,無,
彰化縣埤頭鄉崙子村,115/09/04,黃士晃,無,
彰化縣埤頭鄉合興村,115/08/31,沈春美,無,
彰化縣埤頭鄉合興村,115/08/31,顏錫琨,無,
彰化縣埤頭鄉合興村,115/09/02,杜崇維,無,
彰化縣埤頭鄉平原村,115/08/31,許順忠,無,
彰化縣埤頭鄉平原村,115/09/02,許水柳,無,
彰化縣埤頭鄉平原村,115/09/03,許建成,無,
彰化縣埤頭鄉崙腳村,115/08/31,許勝源,無,
彰化縣埤頭鄉元埔村,115/08/31,謝麗香,無,
彰化縣埤頭鄉元埔村,115/09/02,王鋒緯,無,
彰化縣埤頭鄉芙朝村,115/08/31,黃永昌,無,
彰化縣埤頭鄉芙朝村,115/08/31,黃昱傑,無,
彰化縣埤頭鄉新庄村,115/08/31,黃為結,無,
彰化縣埤頭鄉陸嘉村,115/09/02,鄒伯其,無,
彰化縣埤頭鄉竹圍村,115/09/01,廖學義,無,
彰化縣埤頭鄉竹圍村,115/09/03,謝淑媛,無,
彰化縣埤頭鄉竹圍村,115/09/03,黃惠雯,無,
彰化縣埤頭鄉中和村,115/09/02,曾建長,無,
彰化縣埤頭鄉庄內村,115/08/31,郭幼玲,無,
彰化縣埤頭鄉庄內村,115/08/31,黃玉溱,無,
彰化縣埤頭鄉庄內村,115/08/31,鄭秀珠,無,
彰化縣埤頭鄉大湖村,115/08/31,邱木生,無,
彰化縣埤頭鄉永豐村,115/08/31,陳新溪,無,
彰化縣埤頭鄉永豐村,115/09/01,杜文仁,無,
彰化縣芳苑鄉芳苑村,115/08/31,洪坤富,無,
彰化縣芳苑鄉芳中村,115/08/31,陳忠男,無,
彰化縣芳苑鄉仁愛村,115/09/04,黃順興,無,
彰化縣芳苑鄉信義村,115/08/31,洪承湟,無,
彰化縣芳苑鄉後寮村,115/08/31,洪慶豐,無,
彰化縣芳苑鄉三合村,115/08/31,洪文賓,無,
彰化縣芳苑鄉三合村,115/09/03,蔡宜玲,無,
彰化縣芳苑鄉永興村,115/09/01,洪玲妮,無,
彰化縣芳苑鄉永興村,115/09/02,陳阿金,無,
彰化縣芳苑鄉五俊村,115/09/02,洪綮皇,無,
彰化縣芳苑鄉路上村,115/08/31,謝文浻,無,
彰化縣芳苑鄉路上村,115/09/03,謝慶文,無,
彰化縣芳苑鄉路平村,115/09/02,謝金助,無,
彰化縣芳苑鄉路平村,115/09/02,謝秋臨,無,
彰化縣芳苑鄉路平村,115/09/03,謝武建,無,
彰化縣芳苑鄉三成村,115/08/31,謝健郎,無,
彰化縣芳苑鄉三成村,115/09/02,謝財生,無,
彰化縣芳苑鄉福榮村,115/08/31,謝東霖,無,
彰化縣芳苑鄉頂廍村,115/09/02,洪文森,無,
彰化縣芳苑鄉新街村,115/09/03,洪浚荃,無,
彰化縣芳苑鄉新街村,115/09/03,洪深泉,無,
彰化縣芳苑鄉王功村,115/08/31,林文正,無,
彰化縣芳苑鄉王功村,115/09/02,黃丁禮,無,
彰化縣芳苑鄉博愛村,115/09/03,林進雄,無,
彰化縣芳苑鄉和平村,115/08/31,林進財,無,
彰化縣芳苑鄉和平村,115/09/02,林清發,無,
彰化縣芳苑鄉民生村,115/09/03,洪坤郎,無,
彰化縣芳苑鄉興仁村,115/09/02,林振興,無,
彰化縣芳苑鄉興仁村,115/09/03,蘇輝煌,無,
彰化縣芳苑鄉新寶村,115/09/01,黃献芳,無,
彰化縣芳苑鄉新寶村,115/09/02,梁祥盛,無,
彰化縣芳苑鄉草湖村,115/09/01,吳堃禾,無,
彰化縣芳苑鄉文津村,115/09/02,陳鴻圖,無,
彰化縣芳苑鄉建平村,115/09/02,陳長居,無,
彰化縣芳苑鄉建平村,115/09/02,李英源,無,
彰化縣芳苑鄉崙腳村,115/09/01,陳玉山,無,
彰化縣芳苑鄉崙腳村,115/09/02,黃錫明,無,
彰化縣芳苑鄉新生村,115/09/01,謝和順,無,
彰化縣芳苑鄉新生村,115/09/01,盧縈緹,無,
彰化縣芳苑鄉漢寶村,115/09/04,鄭鵬豐,無,
彰化縣大城鄉潭墘村,115/09/01,蔡維珍,無,
彰化縣大城鄉潭墘村,115/09/03,柯志憲,無,
彰化縣大城鄉上山村,115/08/31,顏連寬,無,
彰化縣大城鄉上山村,115/08/31,陳志吉,無,
彰化縣大城鄉東城村,115/08/31,吳佳𠧊,無,
彰化縣大城鄉東城村,115/09/02,蔡進騰,無,
彰化縣大城鄉西城村,115/09/02,張巧奉,無,
彰化縣大城鄉西城村,115/09/02,王福村,無,
彰化縣大城鄉大城村,115/09/03,張忠和,無,
彰化縣大城鄉菜寮村,115/09/02,顏財託,無,
彰化縣大城鄉菜寮村,115/09/03,林炳芳,無,
彰化縣大城鄉山腳村,115/09/02,蔡勝燦,無,
彰化縣大城鄉山腳村,115/09/03,張麗雲,無,
彰化縣大城鄉山腳村,115/09/04,蔡文宗,無,
彰化縣大城鄉永和村,115/09/02,康忠義,無,
彰化縣大城鄉頂庄村,115/09/02,簡佳萍,無,
彰化縣大城鄉頂庄村,115/09/03,許仁寳,無,
彰化縣大城鄉公館村,115/09/02,王冠鈞,無,
彰化縣大城鄉公館村,115/09/02,蔡慶伍,無,
彰化縣大城鄉臺西村,115/09/04,許讓出,無,
彰化縣大城鄉東港村,115/09/01,陳駿傑,無,
彰化縣大城鄉西港村,115/09/02,陳儀興,無,
彰化縣大城鄉豐美村,115/09/02,林英藝,無,
彰化縣大城鄉豐美村,115/09/03,王順平,無,
彰化縣大城鄉豐美村,115/09/03,許勝傑,無,
彰化縣大城鄉三豐村,115/09/02,洪行,無,
彰化縣大城鄉三豐村,115/09/03,林鶴連,無,
彰化縣竹塘鄉竹元村,115/08/31,蕭慶彬,無,
彰化縣竹塘鄉竹塘村,115/08/31,詹炳煌,無,
彰化縣竹塘鄉小西村,115/08/31,莊志峯,無,
彰化縣竹塘鄉小西村,115/09/02,邱茂峰,無,
彰化縣竹塘鄉小西村,115/09/02,林永富,無,
彰化縣竹塘鄉民靖村,115/09/02,莊瑞林,無,
彰化縣竹塘鄉民靖村,115/09/02,莊豐名,無,
彰化縣竹塘鄉五庄村,115/09/03,邱俊雄,無,
彰化縣竹塘鄉五庄村,115/09/03,陳世俊,無,
彰化縣竹塘鄉樹腳村,115/09/02,林清凉,無,
彰化縣竹塘鄉樹腳村,115/09/03,黃宥嘉,無,
彰化縣竹塘鄉田頭村,115/09/01,黃温進,無,
彰化縣竹塘鄉田頭村,115/09/02,鄧坤富,無,
彰化縣竹塘鄉田頭村,115/09/02,鄧世龍,無,
彰化縣竹塘鄉新廣村,115/08/31,鐘仁慶,無,
彰化縣竹塘鄉溪墘村,115/09/02,詹培煜,無,
彰化縣竹塘鄉竹林村,115/08/31,張鴻武,無,
彰化縣竹塘鄉竹林村,115/09/04,余培福,無,
彰化縣竹塘鄉土庫村,115/08/31,廖鐘謀,無,
彰化縣竹塘鄉土庫村,115/09/04,陳碧鈴,無,
彰化縣竹塘鄉內新村,115/08/31,廖清彬,無,
彰化縣竹塘鄉長安村,115/08/31,洪敏貴,無,
彰化縣竹塘鄉永安村,115/08/31,詹峰賓,無,
彰化縣溪州鄉溪厝村,115/09/02,林杉源,無,
彰化縣溪州鄉溪厝村,115/09/03,呂永富,無,
彰化縣溪州鄉舊眉村,115/09/03,蔡順龍,無,
彰化縣溪州鄉柑園村,115/08/31,宋春安,無,
彰化縣溪州鄉柑園村,115/09/02,宋金堆,無,
彰化縣溪州鄉水尾村,115/08/31,鐘宏池,無,
彰化縣溪州鄉水尾村,115/09/03,蔡曉如,無,
彰化縣溪州鄉坑厝村,115/09/03,鄭萬長,無,
彰化縣溪州鄉圳寮村,115/09/01,謝健志,無,
彰化縣溪州鄉圳寮村,115/09/04,陳勇位,無,
彰化縣溪州鄉潮洋村,115/09/02,孫樹生,無,
彰化縣溪州鄉瓦厝村,115/09/02,劉惠娟,無,
彰化縣溪州鄉瓦厝村,115/09/04,李昶龍,無,
彰化縣溪州鄉西畔村,115/09/03,陳明遠,無,
彰化縣溪州鄉西畔村,115/09/03,宋俊憲,無,
彰化縣溪州鄉張厝村,115/09/02,朱合沛,無,
彰化縣溪州鄉張厝村,115/09/02,廖武勝,無,
彰化縣溪州鄉溪州村,115/09/02,陳麗華,無,
彰化縣溪州鄉溪州村,115/09/03,邱怡秋,無,
彰化縣溪州鄉成功村,115/09/03,陳福田,無,
彰化縣溪州鄉菜公村,115/09/02,黃世民,無,
彰化縣溪州鄉菜公村,115/09/04,楊金源,無,
彰化縣溪州鄉尾厝村,115/09/02,陳秋玉,無,
彰化縣溪州鄉尾厝村,115/09/04,劉清棚,無,
彰化縣溪州鄉大庄村,115/08/31,陳振家,無,
彰化縣溪州鄉大庄村,115/09/02,鄭根藤,無,
彰化縣溪州鄉大庄村,115/09/03,陳福仁,無,
彰化縣溪州鄉三圳村,115/09/02,廖昆中,無,
彰化縣溪州鄉東州村,115/09/03,劉芙驊,無,
彰化縣溪州鄉榮光村,115/09/02,鄭章廷,無,
彰化縣溪州鄉榮光村,115/09/02,屈振宇,無,
彰化縣溪州鄉三條村,115/09/02,廖清福,無,
彰化縣溪州鄉三條村,115/09/02,廖俊安,無,
南投縣南投市龍泉里,115/09/02,許文爵,無,
南投縣南投市龍泉里,115/09/04,張秀綢,無,
南投縣南投市康壽里,115/09/02,林沛薇,無,
南投縣南投市康壽里,115/09/02,吳昭俊,無,
南投縣南投市三民里,115/09/02,蕭承倉,無,
南投縣南投市仁和里,115/09/02,張詠宗,無,
南投縣南投市仁和里,115/09/04,張肇嘉,無,
南投縣南投市南投里,115/08/31,陳信嘉,無,
南投縣南投市彰仁里,115/09/02,張嘉賢,無,
南投縣南投市彰仁里,115/09/03,張毓真,無,
南投縣南投市崇文里,115/09/02,謝淑華,無,
南投縣南投市崇文里,115/09/02,簡汝浜,無,
南投縣南投市漳興里,115/09/02,謝慶同,無,
南投縣南投市漳興里,115/09/03,簡木水,無,
南投縣南投市漳和里,115/09/02,張武釙,中國國民黨,
南投縣南投市漳和里,115/09/02,黃素梅,無,
南投縣南投市漳和里,115/09/02,劉阿丹,無,
南投縣南投市軍功里,115/09/02,吳安妮,無,
南投縣南投市軍功里,115/09/02,黃麗花,無,
南投縣南投市東山里,115/08/31,曾文聰,無,
南投縣南投市東山里,115/08/31,楊朝貴,無,
南投縣南投市東山里,115/09/02,吳寬和,無,
南投縣南投市平和里,115/08/31,林招伯,無,
南投縣南投市平和里,115/09/02,江俊忠,無,
南投縣南投市平和里,115/09/02,林世照,無,
南投縣南投市平和里,115/09/03,蘇詩涵,無,
南投縣南投市平和里,115/09/04,柯秋作,無,
南投縣南投市振興里,115/09/01,廖國清,無,
南投縣南投市振興里,115/09/02,曾金榜,無,
南投縣南投市千秋里,115/09/02,張喜暖,無,
南投縣南投市千秋里,115/09/02,陳建昌,無,
南投縣南投市三興里,115/08/31,陳中和,無,
南投縣南投市三興里,115/09/02,賴元周,無,
南投縣南投市三興里,115/09/02,劉俊佑,無,
南投縣南投市三和里,115/09/02,吳志鵬,無,
南投縣南投市三和里,115/09/03,賴玉婷,無,
南投縣南投市嘉興里,115/09/02,張漢其,無,
南投縣南投市嘉興里,115/09/03,張擇量,無,
南投縣南投市嘉和里,115/09/02,吳玉珍,無,
南投縣南投市嘉和里,115/09/03,吳孟育,無,
南投縣南投市福山里,115/09/02,楊勝鴻,無,
南投縣南投市福山里,115/09/04,許榮呈,無,
南投縣南投市永興里,115/09/03,施美莉,無,
南投縣南投市鳳鳴里,115/08/31,陳信利,無,
南投縣南投市鳳鳴里,115/09/03,余文廣,無,
南投縣南投市鳳山里,115/09/02,許佳明,無,
南投縣南投市平山里,115/09/02,吳繼全,無,
南投縣南投市平山里,115/09/03,陳淑如,無,
南投縣南投市平山里,115/09/04,王進烘,無,
南投縣南投市新興里,115/09/01,陳漢宗,無,
南投縣南投市新興里,115/09/02,王日強,無,
南投縣南投市新興里,115/09/02,鄭智壕,無,
南投縣南投市新興里,115/09/03,石書諭,無,
南投縣南投市新興里,115/09/03,林佳勳,無,
南投縣南投市新興里,115/09/03,黃崇珍,無,
南投縣南投市永豐里,115/09/04,王淑綿,無,
南投縣南投市福興里,115/09/02,許條眞,無,
南投縣南投市福興里,115/09/03,范文蘭,無,
南投縣南投市營北里,115/09/03,戰姵鈴,無,
南投縣南投市營北里,115/09/03,林季園,中國國民黨,
南投縣南投市營南里,115/09/02,蔡育民,中國國民黨,
南投縣南投市營南里,115/09/02,許惠娟,無,
南投縣南投市內興里,115/08/31,吳國光,無,
南投縣南投市內興里,115/09/02,劉坤印,無,
南投縣南投市內新里,115/09/02,黃美瑟,無,
南投縣南投市內新里,115/09/02,鄒銀妹,無,
南投縣南投市內新里,115/09/02,曾丁萬,無,
南投縣南投市光華里,115/08/31,王淑美,無,
南投縣南投市光華里,115/09/04,曾馥婷,中國國民黨,
南投縣南投市光榮里,115/09/02,鄭深二,中國國民黨,
南投縣南投市光明里,115/09/02,黃希谷,中國國民黨,
南投縣南投市光輝里,115/09/02,沈玉珠,中國國民黨,
南投縣埔里鎮東門里,115/08/31,徐紹博,無,
南投縣埔里鎮東門里,115/09/02,林玉眯,無,
南投縣埔里鎮東門里,115/09/02,陳梅玉,無,
南投縣埔里鎮東門里,115/09/02,張瑞昆,無,
南投縣埔里鎮東門里,115/09/02,陳麗文,無,
南投縣埔里鎮南門里,115/08/31,陳昭維,無,
南投縣埔里鎮西門里,115/08/31,王美慧,無,
南投縣埔里鎮西門里,115/09/02,潘禎榮,勞動黨,
南投縣埔里鎮北門里,115/09/02,王金貞,無,
南投縣埔里鎮北門里,115/09/02,陳進萬,無,
南投縣埔里鎮同聲里,115/09/02,周文棋,中國國民黨,
南投縣埔里鎮薰化里,115/09/02,黃沛盟,無,
南投縣埔里鎮薰化里,115/09/04,謝孟軒,無,
南投縣埔里鎮清新里,115/09/03,童翎宛,無,
南投縣埔里鎮大城里,115/09/02,詹福安,無,
南投縣埔里鎮大城里,115/09/03,洪鴻圖,無,
南投縣埔里鎮籃城里,115/08/31,蔡榮權,無,
南投縣埔里鎮籃城里,115/09/03,陳慧如,無,
南投縣埔里鎮籃城里,115/09/03,陳志芬,無,
南投縣埔里鎮枇杷里,115/08/31,潘鐵國,無,
南投縣埔里鎮枇杷里,115/09/02,陳炫魁,無,
南投縣埔里鎮水頭里,115/08/31,洪夢彪,無,
南投縣埔里鎮水頭里,115/08/31,宋麗珠,無,
南投縣埔里鎮水頭里,115/09/04,廖正裕,無,
南投縣埔里鎮麒麟里,115/08/31,黃戊寅,無,
南投縣埔里鎮麒麟里,115/08/31,蕭貴昇,無,
南投縣埔里鎮珠格里,115/09/02,游麗瓊,無,
南投縣埔里鎮珠格里,115/09/02,黃清仕,無,
南投縣埔里鎮珠格里,115/09/03,陳秀鳳,無,
南投縣埔里鎮珠格里,115/09/04,温碧玉,無,
南投縣埔里鎮溪南里,115/08/31,林志良,無,
南投縣埔里鎮桃米里,115/08/31,曾秀桃,無,
南投縣埔里鎮成功里,115/08/31,彭惠珍,無,
南投縣埔里鎮南村里,115/09/02,潘錦上,無,
南投縣埔里鎮愛蘭里,115/09/02,陳文富,無,
南投縣埔里鎮愛蘭里,115/09/02,張晃田,無,
南投縣埔里鎮鐵山里,115/09/02,陳劉昇揚,無,
南投縣埔里鎮鐵山里,115/09/02,柯韞和,中國國民黨,
南投縣埔里鎮鐵山里,115/09/03,林秀惠,無,
南投縣埔里鎮鐵山里,115/09/04,羅書婷,無,
南投縣埔里鎮房里里,115/08/31,陳梅馨,無,
南投縣埔里鎮房里里,115/08/31,潘秋明,無,
南投縣埔里鎮房里里,115/09/01,全育芳,無,
南投縣埔里鎮房里里,115/09/02,潘冠廷,無,
南投縣埔里鎮房里里,115/09/02,潘玉芳,無,
南投縣埔里鎮房里里,115/09/03,潘真珠,無,
南投縣埔里鎮向善里,115/09/03,賴志成,無,
南投縣埔里鎮一新里,115/09/03,林宥岑,無,
南投縣埔里鎮廣成里,115/08/31,羅寅雄,無,
南投縣埔里鎮廣成里,115/09/02,張國豐,無,
南投縣埔里鎮廣成里,115/09/03,湯秋發,無,
南投縣埔里鎮史港里,115/08/31,鍾宗遠,無,
南投縣埔里鎮史港里,115/09/02,張景琳,無,
南投縣埔里鎮福興里,115/09/03,黃冠豪,無,
南投縣埔里鎮福興里,115/09/03,羅家豐,無,
南投縣埔里鎮牛眠里,115/09/02,潘俊瑋,無,
南投縣埔里鎮大湳里,115/08/31,阮聰智,無,
南投縣埔里鎮蜈蚣里,115/09/03,黃美玉,無,
南投縣埔里鎮合成里,115/08/31,陳信順,無,
南投縣埔里鎮合成里,115/09/04,徐佩怡,無,
南投縣埔里鎮合成里,115/09/04,古煥昇,無,
南投縣埔里鎮北安里,115/09/03,葉俊宏,無,
南投縣埔里鎮北安里,115/09/04,劉素敏,無,
南投縣埔里鎮杷城里,115/09/03,王文𤇥,無,
南投縣埔里鎮北梅里,115/08/31,潘棋榮,無,
南投縣埔里鎮泰安里,115/08/31,劉曜榕,無,
南投縣埔里鎮泰安里,115/08/31,宋梓賢,無,
南投縣草屯鎮玉峰里,115/09/02,莊詠鈞,無,
南投縣草屯鎮炎峰里,115/09/02,洪慶文,無,
南投縣草屯鎮和平里,115/09/01,李永裕,無,
南投縣草屯鎮和平里,115/09/02,李東仁,無,
南投縣草屯鎮敦和里,115/09/02,洪佩琦,無,
南投縣草屯鎮敦和里,115/09/02,洪浚誠,無,
南投縣草屯鎮山腳里,115/09/03,陳國賓,無,
南投縣草屯鎮山腳里,115/09/04,陳松茂,無,
南投縣草屯鎮富寮里,115/08/31,賴盈璇,無,
南投縣草屯鎮富寮里,115/09/02,簡家俊,無,
南投縣草屯鎮富寮里,115/09/03,張大茂,無,
南投縣草屯鎮御史里,115/09/01,張志吉,無,
南投縣草屯鎮御史里,115/09/02,蕭忠憲,無,
南投縣草屯鎮新豐里,115/09/02,陳美玲,無,
南投縣草屯鎮碧峰里,115/09/02,袁玉珍,無,
南投縣草屯鎮碧峰里,115/09/04,林嘉富,無,
南投縣草屯鎮碧洲里,115/09/02,白淯錡,無,
南投縣草屯鎮碧洲里,115/09/03,林芳輝,無,
南投縣草屯鎮復興里,115/09/02,白國明,無,
南投縣草屯鎮復興里,115/09/02,林健男,無,
南投縣草屯鎮復興里,115/09/02,莊士忠,無,
南投縣草屯鎮上林里,115/09/02,蕭世杰,無,
南投縣草屯鎮新庄里,115/09/02,洪承凱,無,
南投縣草屯鎮北投里,115/09/02,王枝發,無,
南投縣草屯鎮北投里,115/09/03,張瑞洋,無,
南投縣草屯鎮石川里,115/09/02,洪睿盛,無,
南投縣草屯鎮石川里,115/09/02,洪添安,無,
南投縣草屯鎮加老里,115/09/02,洪柏森,無,
南投縣草屯鎮加老里,115/09/03,洪炎煌,無,
南投縣草屯鎮北勢里,115/09/02,林國均,無,
南投縣草屯鎮北勢里,115/09/02,藍俊昇,無,
南投縣草屯鎮中原里,115/09/02,李孟紘,無,
南投縣草屯鎮中原里,115/09/02,林瑞堂,無,
南投縣草屯鎮中原里,115/09/02,李義遠,無,
南投縣草屯鎮南埔里,115/09/02,李士吉,無,
南投縣草屯鎮土城里,115/09/02,施惟德,無,
南投縣草屯鎮土城里,115/09/03,黃月春,無,
南投縣草屯鎮坪頂里,115/08/31,李瑞堂,無,
南投縣草屯鎮坪頂里,115/09/02,李銘樑,無,
南投縣草屯鎮雙冬里,115/09/02,洪朝專,無,
南投縣草屯鎮雙冬里,115/09/03,林進漢,無,
南投縣草屯鎮平林里,115/09/02,謝瑞棋,無,
南投縣草屯鎮中正里,115/08/31,李文鑫,無,
南投縣草屯鎮中正里,115/08/31,洪瑞良,無,
南投縣草屯鎮中正里,115/09/01,林漢欽,無,
南投縣草屯鎮中山里,115/09/02,簡妙樺,無,
南投縣草屯鎮明正里,115/09/02,李桂杏,無,
南投縣草屯鎮新厝里,115/09/03,簡宏校,無,
南投縣竹山鎮竹山里,115/08/31,曾鈺琄,無,
南投縣竹山鎮竹山里,115/09/01,葉虔佑,無,
南投縣竹山鎮中正里,115/09/01,蘇柏源,無,
南投縣竹山鎮中正里,115/09/02,林志勝,無,
南投縣竹山鎮中山里,115/09/02,歐小微,無,
南投縣竹山鎮中山里,115/09/03,蔡宗政,無,
南投縣竹山鎮雲林里,115/08/31,辜泓諭,無,
南投縣竹山鎮雲林里,115/09/02,李秋榜,無,
南投縣竹山鎮雲林里,115/09/02,温芊卉,無,
南投縣竹山鎮雲林里,115/09/02,林桓廷,無,
南投縣竹山鎮硘磘里,115/09/02,廖崇伯,無,
南投縣竹山鎮硘磘里,115/09/04,陳華倫,無,
南投縣竹山鎮下坪里,115/09/01,林炳堯,無,
南投縣竹山鎮下坪里,115/09/02,張寶月,無,
南投縣竹山鎮下坪里,115/09/04,鍾薰誼,無,
南投縣竹山鎮桂林里,115/08/31,林金賓,無,
南投縣竹山鎮桂林里,115/09/01,蘇琦祝,無,
南投縣竹山鎮桂林里,115/09/03,林俊佑,無,
南投縣竹山鎮中和里,115/08/31,林盈材,無,
南投縣竹山鎮中崎里,115/08/31,陳福霖,無,
南投縣竹山鎮中崎里,115/09/01,葉慶村,無,
南投縣竹山鎮中崎里,115/09/02,林文娜,無,
南投縣竹山鎮中崎里,115/09/02,曾英傑,無,
南投縣竹山鎮德興里,115/09/01,陳孟周,無,
南投縣竹山鎮德興里,115/09/02,陳雅紅,無,
南投縣竹山鎮延平里,115/08/31,林鴻義,無,
南投縣竹山鎮延正里,115/08/31,曾世林,無,
南投縣竹山鎮延正里,115/09/03,管梅秀,無,
南投縣竹山鎮延山里,115/09/02,劉東山,無,
南投縣竹山鎮延山里,115/09/03,陳碧棋,無,
南投縣竹山鎮延和里,115/09/03,林韓聖,無,
南投縣竹山鎮延和里,115/09/03,鄭淑真,無,
南投縣竹山鎮延和里,115/09/03,林春輝,無,
南投縣竹山鎮延和里,115/09/04,胡銘凱,中國國民黨,
南投縣竹山鎮山崇里,115/08/31,黃德富,無,
南投縣竹山鎮山崇里,115/09/01,江松智,無,
南投縣竹山鎮山崇里,115/09/02,黃俊銘,無,
南投縣竹山鎮社寮里,115/09/02,許炳村,無,
南投縣竹山鎮社寮里,115/09/02,莊竣發,無,
南投縣竹山鎮中央里,115/09/02,林惠仕,無,
南投縣竹山鎮中央里,115/09/02,莊錦川,無,
南投縣竹山鎮富州里,115/09/02,陳火順,無,
南投縣竹山鎮富州里,115/09/03,楊麗娜,無,
南投縣竹山鎮大鞍里,115/08/31,陳秀𥱧,無,
南投縣竹山鎮大鞍里,115/09/02,范梓鍊,無,
南投縣竹山鎮田子里,115/08/31,陳盈如,無,
南投縣竹山鎮田子里,115/09/02,林川吉,無,
南投縣竹山鎮田子里,115/09/03,葉宥豆,無,
南投縣竹山鎮福興里,115/08/31,林其發,無,
南投縣竹山鎮福興里,115/09/02,林哲政,無,
南投縣竹山鎮鯉魚里,115/08/31,余如堅,無,
南投縣竹山鎮鯉魚里,115/09/02,余富洲,無,
南投縣竹山鎮鯉魚里,115/09/04,葉瑞萍,無,
南投縣竹山鎮瑞竹里,115/08/31,林先峯,無,
南投縣竹山鎮瑞竹里,115/09/02,林春一,無,
南投縣竹山鎮坪頂里,115/08/31,陳豊俊,無,
南投縣竹山鎮坪頂里,115/09/03,陳宜蔓,無,
南投縣竹山鎮桶頭里,115/08/31,黃培基,無,
南投縣竹山鎮桶頭里,115/09/02,曾朝明,無,
南投縣竹山鎮秀林里,115/09/01,林志諺,無,
南投縣竹山鎮秀林里,115/09/02,林坤裕,無,
南投縣竹山鎮秀林里,115/09/02,葉鴻琳,無,
南投縣竹山鎮延祥里,115/08/31,廖珈吟,無,
南投縣竹山鎮延祥里,115/09/02,邱雅麟,無,
南投縣竹山鎮延祥里,115/09/03,林秋月,無,
南投縣竹山鎮延祥里,115/09/04,魏壯良,無,
南投縣竹山鎮竹圍里,115/09/03,林志榮,無,
南投縣集集鎮集集里,115/09/02,黃南珍,無,
南投縣集集鎮集集里,115/09/03,許宗壹,無,
南投縣集集鎮和平里,115/09/02,郭建良,無,
南投縣集集鎮林尾里,115/08/31,,無,
南投縣集集鎮林尾里,115/09/02,王龍德,無,
南投縣集集鎮林尾里,115/09/03,吳大修,無,
南投縣集集鎮林尾里,115/09/04,陳育琳,無,
南投縣集集鎮田寮里,115/08/31,陳秀眞,無,
南投縣集集鎮田寮里,115/09/02,賴文正,無,
南投縣集集鎮田寮里,115/09/03,陳秀雪,無,
南投縣集集鎮隘寮里,115/09/03,游世文,無,
南投縣集集鎮隘寮里,115/09/03,楊正郎,無,
南投縣集集鎮玉映里,115/09/02,楊絜茗,無,
南投縣集集鎮玉映里,115/09/03,林素玲,無,
南投縣集集鎮玉映里,115/09/04,陳永男,無,
南投縣集集鎮吳厝里,115/09/02,廖文鎬,無,
南投縣集集鎮吳厝里,115/09/03,林家莉,無,
南投縣集集鎮八張里,115/09/01,蔡秉軒,無,
南投縣集集鎮八張里,115/09/01,鄧智全,無,
南投縣集集鎮永昌里,115/08/31,吳麗容,無,
南投縣集集鎮永昌里,115/09/03,蔡榮仁,無,
南投縣集集鎮富山里,115/09/03,李文賢,無,
南投縣集集鎮富山里,115/09/04,陳孟熙,無,
南投縣集集鎮廣明里,115/08/31,吳麗貞,無,
南投縣集集鎮廣明里,115/09/02,莊振昌,無,
南投縣集集鎮廣明里,115/09/02,廖貴福,無,
南投縣名間鄉南雅村,115/09/02,王藝儒,無,
南投縣名間鄉南雅村,115/09/03,何永生,無,
南投縣名間鄉中正村,115/08/31,李溪成,無,
南投縣名間鄉中正村,115/09/03,林晉生,無,
南投縣名間鄉中山村,115/09/02,周文華,無,
南投縣名間鄉中山村,115/09/02,蕭旼玳,無,
南投縣名間鄉濁水村,115/09/02,吳欽緯,無,
南投縣名間鄉濁水村,115/09/02,陳佳杞,無,
南投縣名間鄉炭寮村,115/08/31,蔡文益,無,
南投縣名間鄉新民村,115/09/04,陳峯江,無,
南投縣名間鄉新民村,115/09/04,羅賜美,無,
南投縣名間鄉新街村,115/08/31,陳敬勲,無,
南投縣名間鄉新街村,115/09/01,謝明潭,無,
南投縣名間鄉東湖村,115/09/02,黃清其,無,
南投縣名間鄉東湖村,115/09/02,吳元仁,無,
南投縣名間鄉萬丹村,115/08/31,陳志明,無,
南投縣名間鄉萬丹村,115/09/03,吳秋珍,無,
南投縣名間鄉田仔村,115/08/31,陳敬義,無,
南投縣名間鄉田仔村,115/09/02,陳正昇,無,
南投縣名間鄉大庄村,115/09/02,楊碧雲,無,
南投縣名間鄉大庄村,115/09/03,陳文王,無,
南投縣名間鄉廍下村,115/09/02,陳煥彩,無,
南投縣名間鄉大坑村,115/08/31,陳振科,無,
南投縣名間鄉大坑村,115/08/31,謝宗展,無,
南投縣名間鄉大坑村,115/09/03,陳世宏,無,
南投縣名間鄉竹圍村,115/09/02,陳添昇,無,
南投縣名間鄉竹圍村,115/09/02,黃啓樑,無,
南投縣名間鄉赤水村,115/08/31,陳松明,無,
南投縣名間鄉赤水村,115/08/31,陳勇村,無,
南投縣名間鄉三崙村,115/08/31,楊紋練,無,
南投縣名間鄉松山村,115/08/31,陳秀,無,
南投縣名間鄉松山村,115/09/04,張閔欽,無,
南投縣名間鄉松柏村,115/09/03,謝文軒,無,
南投縣名間鄉埔中村,115/08/31,陳建州,無,
南投縣名間鄉崁腳村,115/09/02,謝舜日,無,
南投縣名間鄉崁腳村,115/09/04,陳旺賢,無,
南投縣名間鄉新厝村,115/08/31,陳震南,無,
南投縣名間鄉新厝村,115/09/02,陳明東,無,
南投縣名間鄉新厝村,115/09/02,邱國華,無,
南投縣名間鄉新厝村,115/09/04,李貴櫻,無,
南投縣名間鄉新光村,115/09/02,陳建次,無,
南投縣名間鄉新光村,115/09/04,陳寬裕,無,
南投縣名間鄉仁和村,115/09/02,黃國瑞,無,
南投縣名間鄉仁和村,115/09/03,江宇,無,
南投縣鹿谷鄉鹿谷村,115/08/31,李錫緣,無,
南投縣鹿谷鄉鹿谷村,115/09/02,劉御常,無,
南投縣鹿谷鄉初鄉村,115/09/02,朱勣璘,無,
南投縣鹿谷鄉初鄉村,115/09/02,李光曜,無,
南投縣鹿谷鄉初鄉村,115/09/03,謝文智,無,
南投縣鹿谷鄉彰雅村,115/09/02,余靜芬,無,
南投縣鹿谷鄉廣興村,115/09/02,黃筆顯,無,
南投縣鹿谷鄉廣興村,115/09/04,吳志昌,無,
南投縣鹿谷鄉內湖村,115/08/31,曾志權,無,
南投縣鹿谷鄉內湖村,115/09/02,陳竹能,無,
南投縣鹿谷鄉竹林村,115/09/03,林宏山,無,
南投縣鹿谷鄉竹豐村,115/09/02,陳達學,無,
南投縣鹿谷鄉竹豐村,115/09/02,林錦輝,無,
南投縣鹿谷鄉竹豐村,115/09/02,沈順南,無,
南投縣鹿谷鄉和雅村,115/08/31,陳貞復,中國國民黨,
南投縣鹿谷鄉鳳凰村,115/09/02,劉志成,無,
南投縣鹿谷鄉鳳凰村,115/09/04,許麗鄉,無,
南投縣鹿谷鄉永隆村,115/09/02,陳建良,無,
南投縣鹿谷鄉永隆村,115/09/02,張永達,無,
南投縣鹿谷鄉秀峰村,115/09/02,曾文香,無,
南投縣鹿谷鄉秀峰村,115/09/02,林茂延,無,
南投縣鹿谷鄉清水村,115/08/31,黃辛,無,
南投縣鹿谷鄉清水村,115/09/01,廖豐逸,無,
南投縣鹿谷鄉瑞田村,115/09/02,黃瑞華,無,
南投縣鹿谷鄉瑞田村,115/09/02,陳銘信,無,
南投縣中寮鄉廣興村,115/08/31,洪明享,無,
南投縣中寮鄉崁頂村,115/09/01,廖洲益,無,
南投縣中寮鄉崁頂村,115/09/02,廖俊松,無,
南投縣中寮鄉八仙村,115/09/02,江輝能,無,
南投縣中寮鄉和興村,115/08/31,孫瑞娟,無,
南投縣中寮鄉福盛村,115/08/31,李慶忠,無,
南投縣中寮鄉福盛村,115/09/04,蕭永華,無,
南投縣中寮鄉永平村,115/08/31,陳坤星,無,
南投縣中寮鄉永平村,115/09/02,吳炎泉,無,
南投縣中寮鄉復興村,115/08/31,官玉瑛,無,
南投縣中寮鄉復興村,115/09/02,李明蒼,無,
南投縣中寮鄉中寮村,115/09/01,黃文安,無,
南投縣中寮鄉中寮村,115/09/02,陳玉美,無,
南投縣中寮鄉廣福村,115/09/01,洪長湖,無,
南投縣中寮鄉永福村,115/08/31,張彩琴,無,
南投縣中寮鄉永福村,115/09/02,陳美怡,無,
南投縣中寮鄉義和村,115/09/02,侯淑惠,無,
南投縣中寮鄉義和村,115/09/02,廖先前,無,
南投縣中寮鄉清水村,115/08/31,李劉秀英,無,
南投縣中寮鄉清水村,115/09/04,莊飛亮,無,
南投縣中寮鄉龍安村,115/08/31,廖振添,無,
南投縣中寮鄉龍安村,115/08/31,張恭庭,無,
南投縣中寮鄉龍岩村,115/09/02,黃振國,無,
南投縣中寮鄉龍岩村,115/09/03,蕭龍誼,無,
南投縣中寮鄉永和村,115/09/02,吳孔嘉,無,
南投縣中寮鄉永和村,115/09/03,吳坤波,無,
南投縣中寮鄉內城村,115/09/02,廖增堆,無,
南投縣中寮鄉永芳村,115/09/02,曾盟富,無,
南投縣中寮鄉永芳村,115/09/03,曾景煥,無,
南投縣中寮鄉爽文村,115/09/02,林永峰,無,
南投縣中寮鄉爽文村,115/09/02,廖文權,無,
南投縣魚池鄉東池村,115/09/02,王百祿,中國國民黨,
南投縣魚池鄉魚池村,115/09/01,盧幸助,中國國民黨,
南投縣魚池鄉魚池村,115/09/02,尤政仁,無,
南投縣魚池鄉魚池村,115/09/03,巫旻玲,無,
南投縣魚池鄉中明村,115/08/31,杜寶林,無,
南投縣魚池鄉中明村,115/09/02,楊崑欣,無,
南投縣魚池鄉新城村,115/09/02,王朝觀,無,
南投縣魚池鄉新城村,115/09/02,沈華儷,無,
南投縣魚池鄉大林村,115/09/02,王增財,無,
南投縣魚池鄉大林村,115/09/02,洪菊珠,無,
南投縣魚池鄉大林村,115/09/03,童彩紋,無,
南投縣魚池鄉大林村,115/09/03,王駿博,無,
南投縣魚池鄉東光村,115/09/02,陳峰璋,無,
南投縣魚池鄉共和村,115/09/02,鄒克忠,無,
南投縣魚池鄉大雁村,115/09/01,蘇吉正,無,
南投縣魚池鄉大雁村,115/09/02,葉建興,無,
南投縣魚池鄉五城村,115/08/31,杜忠有,無,
南投縣魚池鄉五城村,115/09/02,林紹憲,無,
南投縣魚池鄉水社村,115/09/03,謝明達,無,
南投縣魚池鄉頭社村,115/09/02,蕭豊潾,無,
南投縣魚池鄉頭社村,115/09/02,黃滄哲,中國國民黨,
南投縣魚池鄉武登村,115/09/02,黃永斌,無,
南投縣魚池鄉日月村,115/09/02,劉源榮,無,
南投縣魚池鄉日月村,115/09/03,袁守康,無,
南投縣國姓鄉國姓村,115/09/02,張林標,無,
南投縣國姓鄉國姓村,115/09/03,陳幸霞,無,
南投縣國姓鄉石門村,115/09/03,蔡誌成,無,
南投縣國姓鄉石門村,115/09/04,劉惠娟,無,
南投縣國姓鄉大旗村,115/09/03,陳武藏,無,
南投縣國姓鄉北港村,115/09/01,陳泳榮,無,
南投縣國姓鄉北港村,115/09/03,林慶楨,無,
南投縣國姓鄉長流村,115/09/02,羅廣霖,無,
南投縣國姓鄉長流村,115/09/02,林慶雄,無,
南投縣國姓鄉長福村,115/09/02,許書信,無,
南投縣國姓鄉長福村,115/09/03,紀典文,無,
南投縣國姓鄉福龜村,115/09/01,曾義坤,無,
南投縣國姓鄉乾溝村,115/09/01,徐富勇,無,
南投縣國姓鄉乾溝村,115/09/02,管坤裕,無,
南投縣國姓鄉乾溝村,115/09/02,田基堯,無,
南投縣國姓鄉柑林村,115/09/02,李文章,無,
南投縣國姓鄉柑林村,115/09/03,吳付丹,無,
南投縣國姓鄉北山村,115/09/02,楊吉榮,無,
南投縣國姓鄉北山村,115/09/03,劉煥鋒,無,
南投縣國姓鄉南港村,115/08/31,張衣檸,無,
南投縣國姓鄉南港村,115/09/02,洪永鎮,無,
南投縣國姓鄉大石村,115/09/03,邱麗惠,無,
南投縣國姓鄉大石村,115/09/04,陳德賢,無,
南投縣國姓鄉長豐村,115/08/31,廖秀文,無,
南投縣水里鄉水里村,115/08/31,王豐義,無,
南投縣水里鄉水里村,115/09/03,楊詠翔,無,
南投縣水里鄉水里村,115/09/03,陳振華,無,
南投縣水里鄉農富村,115/08/31,陳昭喜,無,
南投縣水里鄉新城村,115/09/01,陳景舟,無,
南投縣水里鄉中央村,115/08/31,李鈺琳,無,
南投縣水里鄉中央村,115/09/01,張暘谷,無,
南投縣水里鄉中央村,115/09/02,林錦龍,無,
南投縣水里鄉中央村,115/09/04,黃名睿,無,
南投縣水里鄉城中村,115/09/04,賴龍德,無,
南投縣水里鄉城中村,115/09/04,黃秀利,無,
南投縣水里鄉北埔村,115/09/02,劉政樺,無,
南投縣水里鄉北埔村,115/09/02,賴粟,無,
南投縣水里鄉鉅工村,115/09/01,施惟平,無,
南投縣水里鄉永豐村,115/08/31,陳韋帆,無,
南投縣水里鄉永豐村,115/09/03,張文,無,
南投縣水里鄉頂崁村,115/08/31,賴清元,無,
南投縣水里鄉頂崁村,115/09/02,張英豪,無,
南投縣水里鄉頂崁村,115/09/04,吳茂舜,無,
南投縣水里鄉車埕村,115/09/02,林錫輝`,無,
南投縣水里鄉車埕村,115/09/04,傅光榮,無,
南投縣水里鄉新興村,115/09/02,邱明光,無,
南投縣水里鄉新山村,115/08/31,黃郁婷,無,
南投縣水里鄉郡坑村,115/09/02,陳文仁,無,
南投縣水里鄉郡坑村,115/09/03,胡弘振,無,
南投縣水里鄉上安村,115/09/02,陳永成,無,
南投縣水里鄉上安村,115/09/03,陳敬家,無,
南投縣水里鄉民和村,115/09/01,廖紹燦,無,
南投縣水里鄉民和村,115/09/02,蔡仁財,無,
南投縣水里鄉民和村,115/09/02,張志遠,無,
南投縣水里鄉民和村,115/09/02,張明為,無,
南投縣水里鄉永興村,115/08/31,許傳福,無,
南投縣水里鄉玉峰村,115/09/02,簡秀媛,無,
南投縣水里鄉興隆村,115/09/02,甘慶純,無,
南投縣水里鄉興隆村,115/09/03,陳建民,無,
南投縣水里鄉南光村,115/09/02,賴建中,無,
南投縣水里鄉南光村,115/09/02,王瑞明,無,
南投縣信義鄉人和村,115/08/31,金慕義,無,
南投縣信義鄉人和村,115/09/01,全清明 Nika‧ Soqluman,無,
南投縣信義鄉地利村,115/08/31,幸國光,無,
南投縣信義鄉地利村,115/08/31,平英驊,無,
南投縣信義鄉地利村,115/09/02,金秋漢,無,
南投縣信義鄉潭南村,115/08/31,松照天,無,
南投縣信義鄉明德村,115/09/03,吳瑞龍,中國國民黨,
南投縣信義鄉明德村,115/09/04,金全慶,無,
南投縣信義鄉愛國村,115/09/02,朱祥豪,無,
南投縣信義鄉自強村,115/09/01,黃文平,無,
南投縣信義鄉自強村,115/09/01,劉姿岑,無,
南投縣信義鄉自強村,115/09/02,汪家滿,無,
南投縣信義鄉羅娜村,115/09/01,呂金安,無,
南投縣信義鄉羅娜村,115/09/01,呂正明,無,
南投縣信義鄉羅娜村,115/09/01,王俊翔,無,
南投縣信義鄉望美村,115/09/01,田美玉,無,
南投縣信義鄉望美村,115/09/04,馬財銀,無,
南投縣信義鄉望美村,115/09/04,馬偉國,無,
南投縣信義鄉同富村,115/09/02,羅瑞卿,無,
南投縣信義鄉同富村,115/09/02,吳進明,無,
南投縣信義鄉神木村,115/09/02,忻軍,無,
南投縣信義鄉神木村,115/09/03,鄧文評,無,
南投縣信義鄉東埔村,115/09/01,伍金豎 Salizan‧ Islituan,無,
南投縣信義鄉東埔村,115/09/02,伍治中,無,
南投縣信義鄉東埔村,115/09/04,伍宗欽,無,
南投縣信義鄉雙龍村,115/09/03,谷鴻志,無,
南投縣信義鄉雙龍村,115/09/03,谷忠勇,無,
南投縣信義鄉雙龍村,115/09/03,尤哈尼諾阿 南 Iuhani ‧Nuanan,無,
南投縣信義鄉雙龍村,115/09/04,申文祥 Laung‧ Kusnavan,無,
南投縣信義鄉新鄉村,115/08/31,田新文,無,
南投縣信義鄉新鄉村,115/08/31,金文煌,中國國民黨,
南投縣信義鄉新鄉村,115/09/02,金欣華,無,
南投縣信義鄉豐丘村,115/09/01,全福盛,無,
南投縣信義鄉豐丘村,115/09/02,李沛綺,無,
南投縣信義鄉卡里布安村,115/08/31,田金城 Qoaz Tanapima,無,
南投縣信義鄉卡里布安村,115/09/04,全明輝 Dalum‧ Soqluman,無,
南投縣仁愛鄉法治村,115/08/31,杜聰正,無,
南投縣仁愛鄉法治村,115/09/03,林慶怡,無,
南投縣仁愛鄉法治村,115/09/03,杜水寶,無,
南投縣仁愛鄉中正村,115/08/31,石志強,中國國民黨,
南投縣仁愛鄉中正村,115/09/02,辜婉蓉,無,
南投縣仁愛鄉互助村,115/09/01,王嘉琪Opin ．Dado,中國國民黨,
南投縣仁愛鄉互助村,115/09/03,張明吉,中國國民黨,
南投縣仁愛鄉新生村,115/09/01,高旭光,中國國民黨,
南投縣仁愛鄉新生村,115/09/01,謝嵩才,中國國民黨,
南投縣仁愛鄉新生村,115/09/02,黃信文,中國國民黨,
南投縣仁愛鄉力行村,115/08/31,林新誠,中國國民黨,
南投縣仁愛鄉力行村,115/09/02,白明惠,無,
南投縣仁愛鄉力行村,115/09/03,翁耀安,中國國民黨,
南投縣仁愛鄉發祥村,115/09/03,全芊蕙,中國國民黨,
南投縣仁愛鄉發祥村,115/09/04,李俊華,無,
南投縣仁愛鄉親愛村,115/08/31,曾維民,無,
南投縣仁愛鄉親愛村,115/09/02,陳楓寧,中國國民黨,
南投縣仁愛鄉親愛村,115/09/03,呂正雄,無,
南投縣仁愛鄉大同村,115/09/02,王夢麟,中國國民黨,
南投縣仁愛鄉大同村,115/09/02,謝戎彥,中國國民黨,
南投縣仁愛鄉南豐村,115/09/01,杜智敏,中國國民黨,
南投縣仁愛鄉南豐村,115/09/02,曾子郡,中國國民黨,
南投縣仁愛鄉春陽村,115/09/02,許克信,中國國民黨,
南投縣仁愛鄉精英村,115/08/31,陳松柏,中國國民黨,
南投縣仁愛鄉精英村,115/09/01,巫永生,中國國民黨,
南投縣仁愛鄉萬豐村,115/09/01,余明星,中國國民黨,
南投縣仁愛鄉萬豐村,115/09/03,白金龍,無,
南投縣仁愛鄉榮興村,115/09/03,吳國寶,中國國民黨,
南投縣仁愛鄉翠華村,115/09/01,張文德,無,
南投縣仁愛鄉翠華村,115/09/02,高政光,中國國民黨,
南投縣仁愛鄉都達村,115/08/31,巫志忠,無,
南投縣仁愛鄉都達村,115/09/02,阿烏伊帖木,中國國民黨,
南投縣仁愛鄉德鹿谷村,115/09/02,邱清文,中國國民黨,
南投縣仁愛鄉德鹿谷村,115/09/03,卓上龍 Watan‧ Haru,無,
雲林縣斗六市忠孝里,115/09/02,郭首証,無,
雲林縣斗六市忠孝里,115/09/02,陳建成,無,
雲林縣斗六市仁愛里,115/08/31,洪弘倫,無,
雲林縣斗六市信義里,115/09/02,施耀斐,無,
雲林縣斗六市信義里,115/09/02,邱献智,無,
雲林縣斗六市四維里,115/09/03,呂昶夆,無,
雲林縣斗六市四維里,115/09/04,林佑權,無,
雲林縣斗六市太平里,115/09/03,邱文富,無,
雲林縣斗六市中和里,115/08/31,張為忠,無,
雲林縣斗六市中和里,115/09/02,林茂橉,無,
雲林縣斗六市光興里,115/09/02,李青容,無,
雲林縣斗六市光興里,115/09/02,蔡美靜,無,
雲林縣斗六市三平里,115/09/01,許庭瑄,無,
雲林縣斗六市三平里,115/09/02,陳智富,無,
雲林縣斗六市三平里,115/09/03,江永清,中國國民黨,
雲林縣斗六市八德里,115/08/31,陳明哲,無,
雲林縣斗六市八德里,115/09/02,陳政杰,民主進步黨,
雲林縣斗六市八德里,115/09/03,李寶寬,無,
雲林縣斗六市八德里,115/09/03,張品翔,無,
雲林縣斗六市鎮北里,115/09/01,張體憲,無,
雲林縣斗六市鎮北里,115/09/02,張書德,中國國民黨,
雲林縣斗六市鎮北里,115/09/02,劉弘暉,民主進步黨,
雲林縣斗六市龍潭里,115/08/31,關紋舜,無,
雲林縣斗六市龍潭里,115/09/02,洪志嘉,無,
雲林縣斗六市鎮南里,115/08/31,林家泰,無,
雲林縣斗六市鎮南里,115/09/02,黃裕柏,無,
雲林縣斗六市鎮南里,115/09/03,賴紘麟,無,
雲林縣斗六市鎮南里,115/09/03,莊志成,無,
雲林縣斗六市林頭里,115/09/01,張雅筑,無,
雲林縣斗六市重光里,115/09/03,吳宗訓,無,
雲林縣斗六市重光里,115/09/04,姜宗文,無,
雲林縣斗六市溝埧里,115/08/31,陳立銓,中國國民黨,
雲林縣斗六市溝埧里,115/09/03,江麗華,無,
雲林縣斗六市江厝里,115/08/31,沈永清,無,
雲林縣斗六市江厝里,115/09/03,沈德旺,無,
雲林縣斗六市三光里,115/09/02,黃順昌,無,
雲林縣斗六市三光里,115/09/03,鄧見合,無,
雲林縣斗六市崙峯里,115/08/31,黃鈺雲,無,
雲林縣斗六市崙峯里,115/09/01,余炳怡,無,
雲林縣斗六市崙峯里,115/09/03,林兩和,中國國民黨,
雲林縣斗六市崙峯里,115/09/03,張哲源,無,
雲林縣斗六市嘉東里,115/09/01,林慶揚,無,
雲林縣斗六市嘉東里,115/09/02,詹東益,無,
雲林縣斗六市嘉東里,115/09/03,張超雄,中國國民黨,
雲林縣斗六市久安里,115/08/31,凃凱翔,中國國民黨,
雲林縣斗六市長平里,115/08/31,高忠傑,無,
雲林縣斗六市保庄里,115/09/03,張帛絃,無,
雲林縣斗六市保庄里,115/09/03,李芳美,無,
雲林縣斗六市虎溪里,115/09/02,郭春良,無,
雲林縣斗六市虎溪里,115/09/02,翁英助,無,
雲林縣斗六市虎溪里,115/09/03,籃樹盛,無,
雲林縣斗六市梅林里,115/08/31,賴坤立,無,
雲林縣斗六市湖山里,115/09/02,鄧玉足,無,
雲林縣斗六市湖山里,115/09/03,林志樺,無,
雲林縣斗六市榴中里,115/09/03,蔡芳聰,無,
雲林縣斗六市榴北里,115/08/31,張朝明,無,
雲林縣斗六市榴南里,115/08/31,林文欽,無,
雲林縣斗六市榴南里,115/09/02,楊慶駩,無,
雲林縣斗六市榴南里,115/09/02,何錦龍,無,
雲林縣斗六市溪洲里,115/08/31,徐文順,無,
雲林縣斗六市長安里,115/08/31,楊美滿,無,
雲林縣斗六市長安里,115/09/03,丁萬翁,無,
雲林縣斗六市十三里,115/09/02,張進啓,無,
雲林縣斗六市十三里,115/09/04,盧俊元,無,
雲林縣斗六市鎮東里,115/09/02,楊鴻玉,無,
雲林縣斗六市鎮東里,115/09/03,吳碧芬,無,
雲林縣斗六市鎮西里,115/08/31,張寶德,無,
雲林縣斗六市鎮西里,115/09/03,章朝南,無,
雲林縣斗六市公正里,115/09/02,鄭文成,無,
雲林縣斗六市社口里,115/09/03,蘇宴民,無,
雲林縣斗六市公誠里,115/09/03,王玳琪,無,
雲林縣斗六市公誠里,115/09/03,張育琳,無,
雲林縣斗六市明德里,115/09/03,賴國進,無,
雲林縣斗六市成功里,115/09/03,曾景坐,無,
雲林縣斗六市文化里,115/08/31,王明池,無,
雲林縣斗六市正心里,115/08/31,吳志聰,無,
雲林縣斗六市正心里,115/09/02,蔡惠敏,無,
雲林縣斗南鎮東仁里,115/08/31,王麗華,無,
雲林縣斗南鎮東仁里,115/09/02,凃維志,無,
雲林縣斗南鎮西岐里,115/09/01,張順從,無,
雲林縣斗南鎮南昌里,115/09/01,沈銘偉,無,
雲林縣斗南鎮南昌里,115/09/03,黃鵬圖,無,
雲林縣斗南鎮北銘里,115/09/02,徐見銘,無,
雲林縣斗南鎮中天里,115/09/02,沈政勳,無,
雲林縣斗南鎮舊社里,115/09/02,葉永萌,無,
雲林縣斗南鎮舊社里,115/09/03,沈郁評,無,
雲林縣斗南鎮林子里,115/09/02,黃順助,無,
雲林縣斗南鎮林子里,115/09/04,張文爲,無,
雲林縣斗南鎮石龜里,115/08/31,吳村田,無,
雲林縣斗南鎮石龜里,115/09/03,謝福地,無,
雲林縣斗南鎮石龜里,115/09/03,許耀文,無,
雲林縣斗南鎮靖興里,115/09/03,宋道周,無,
雲林縣斗南鎮新南里,115/09/04,宋國源,無,
雲林縣斗南鎮阿丹里,115/08/31,曾明瑞,無,
雲林縣斗南鎮阿丹里,115/09/01,歐乾解,無,
雲林縣斗南鎮阿丹里,115/09/03,葉傳盛,無,
雲林縣斗南鎮將軍里,115/09/03,陳坤助,無,
雲林縣斗南鎮將軍里,115/09/04,沈榮華,無,
雲林縣斗南鎮東明里,115/08/31,楊戊瑞,無,
雲林縣斗南鎮東明里,115/09/02,曾致豪,無,
雲林縣斗南鎮東明里,115/09/02,楊政棟,無,
雲林縣斗南鎮新光里,115/09/03,陳宏弦,無,
雲林縣斗南鎮新光里,115/09/04,吳秋蓮,無,
雲林縣斗南鎮田頭里,115/09/02,李慶生,無,
雲林縣斗南鎮田頭里,115/09/02,李妙女,無,
雲林縣斗南鎮田頭里,115/09/03,李財發,無,
雲林縣斗南鎮明昌里,115/08/31,陳婞溱,無,
雲林縣斗南鎮明昌里,115/09/02,蔡淑惠,無,
雲林縣斗南鎮大東里,115/08/31,沈慶炎,無,
雲林縣斗南鎮大東里,115/09/02,沈永靖,無,
雲林縣斗南鎮埤麻里,115/09/02,王瓊微,無,
雲林縣斗南鎮埤麻里,115/09/02,詹勝富,無,
雲林縣斗南鎮西伯里,115/08/31,沈坤樟,無,
雲林縣斗南鎮西伯里,115/09/01,沈憲卿,無,
雲林縣斗南鎮新崙里,115/08/31,張雅萍,無,
雲林縣斗南鎮新崙里,115/09/02,劉立凱,無,
雲林縣斗南鎮小東里,115/08/31,張木霖,無,
雲林縣斗南鎮小東里,115/08/31,呂登華,無,
雲林縣斗南鎮小東里,115/09/03,陳雪津,無,
雲林縣斗南鎮石溪里,115/09/03,高永建,無,
雲林縣斗南鎮石溪里,115/09/03,江學鐘,無,
雲林縣斗南鎮大同里,115/08/31,陳榮珍,無,
雲林縣斗南鎮大同里,115/09/04,陳永河,無,
雲林縣斗南鎮僑真里,115/08/31,黃晉良,無,
雲林縣斗南鎮僑真里,115/09/02,沈春蜜,無,
雲林縣斗南鎮僑真里,115/09/04,陳建名,無,
雲林縣虎尾鎮中山里,115/09/02,陳坤珍,無,
雲林縣虎尾鎮中山里,115/09/03,陳忠宏,無,
雲林縣虎尾鎮新興里,115/08/31,蔡榮富,無,
雲林縣虎尾鎮東仁里,115/09/02,鄭蔡雪娥,無,
雲林縣虎尾鎮東仁里,115/09/04,李貴美,無,
雲林縣虎尾鎮公安里,115/08/31,黃中輝,無,
雲林縣虎尾鎮德興里,115/09/01,蔡睿騫,無,
雲林縣虎尾鎮德興里,115/09/02,陳錦松,無,
雲林縣虎尾鎮德興里,115/09/03,吳金柱,無,
雲林縣虎尾鎮西安里,115/09/02,陳水敏,無,
雲林縣虎尾鎮安慶里,115/09/02,廖勝雄,無,
雲林縣虎尾鎮平和里,115/09/02,黃文科,無,
雲林縣虎尾鎮平和里,115/09/03,陳麗娟,無,
雲林縣虎尾鎮興南里,115/09/02,沈意智,無,
雲林縣虎尾鎮興南里,115/09/02,周清石,無,
雲林縣虎尾鎮興南里,115/09/02,沈龍江,無,
雲林縣虎尾鎮興南里,115/09/02,范紅菊,無,
雲林縣虎尾鎮興南里,115/09/04,廖榮賜,無,
雲林縣虎尾鎮新吉里,115/09/02,謝銀樹,無,
雲林縣虎尾鎮新吉里,115/09/02,張琇婷,無,
雲林縣虎尾鎮穎川里,115/09/02,陳新財,無,
雲林縣虎尾鎮穎川里,115/09/02,王秀卿,無,
雲林縣虎尾鎮穎川里,115/09/02,郭惠珍,無,
雲林縣虎尾鎮延平里,115/08/31,林鴻鈞,無,
雲林縣虎尾鎮延平里,115/09/02,陳奕達,無,
雲林縣虎尾鎮延平里,115/09/04,陳炳勝,無,
雲林縣虎尾鎮三合里,115/09/02,林坤泉,無,
雲林縣虎尾鎮北溪里,115/08/31,陳俊旗,無,
雲林縣虎尾鎮北溪里,115/08/31,黃文賢,無,
雲林縣虎尾鎮墾地里,115/08/31,陳聖祿,無,
雲林縣虎尾鎮墾地里,115/08/31,劉碧玉,無,
雲林縣虎尾鎮墾地里,115/09/02,廖裕民,無,
雲林縣虎尾鎮墾地里,115/09/03,蘇麗宇,中華政黨聯盟,
雲林縣虎尾鎮西屯里,115/09/02,王瑞斌,無,
雲林縣虎尾鎮西屯里,115/09/03,吳枚錦,無,
雲林縣虎尾鎮芳草里,115/08/31,趙朝勤,無,
雲林縣虎尾鎮芳草里,115/09/02,陳煌隨,無,
雲林縣虎尾鎮埒內里,115/08/31,唐碧珠,無,
雲林縣虎尾鎮埒內里,115/08/31,沈義隆,無,
雲林縣虎尾鎮堀頭里,115/08/31,李萬壽,無,
雲林縣虎尾鎮安溪里,115/08/31,蕭清文,無,
雲林縣虎尾鎮安溪里,115/09/01,林全喜,無,
雲林縣虎尾鎮安溪里,115/09/02,程英綢,無,
雲林縣虎尾鎮安溪里,115/09/02,蔡朝忠,無,
雲林縣虎尾鎮安溪里,115/09/03,林榮洲,無,
雲林縣虎尾鎮興中里,115/09/02,曾雲卿,無,
雲林縣虎尾鎮廉使里,115/09/02,林麗娟,無,
雲林縣虎尾鎮廉使里,115/09/03,戴國華,無,
雲林縣虎尾鎮惠來里,115/09/01,周意淳,無,
雲林縣虎尾鎮惠來里,115/09/02,周文章,無,
雲林縣虎尾鎮惠來里,115/09/03,林俊森,無,
雲林縣虎尾鎮頂溪里,115/09/02,陳天飛,無,
雲林縣虎尾鎮頂溪里,115/09/03,周文平,無,
雲林縣虎尾鎮中溪里,115/08/31,周峰毅,無,
雲林縣虎尾鎮中溪里,115/09/02,鄭武山,無,
雲林縣虎尾鎮中溪里,115/09/03,周健民,無,
雲林縣虎尾鎮下溪里,115/09/02,張美華,無,
雲林縣虎尾鎮建國里,115/09/01,蔡文錦,無,
雲林縣虎尾鎮建國里,115/09/04,蘇成就,無,
雲林縣虎尾鎮立仁里,115/09/02,楊素珍,無,
雲林縣虎尾鎮東屯里,115/09/02,方西湖,無,
雲林縣虎尾鎮東屯里,115/09/03,方俊仁,無,
雲林縣西螺鎮振興里,115/09/03,陳秀鑾,無,
雲林縣西螺鎮振興里,115/09/03,劉振瑞,無,
雲林縣西螺鎮大園里,115/09/02,廖學寶,無,
雲林縣西螺鎮大園里,115/09/02,廖榮三,無,
雲林縣西螺鎮大園里,115/09/02,廖振芳,無,
雲林縣西螺鎮廣福里,115/09/02,鄒逢章,無,
雲林縣西螺鎮廣福里,115/09/02,廖萬封,無,
雲林縣西螺鎮廣福里,115/09/04,林楷容,無,
雲林縣西螺鎮廣福里,115/09/04,陳志嘉,無,
雲林縣西螺鎮正興里,115/09/02,陳雙全,無,
雲林縣西螺鎮永安里,115/09/02,廖素珍,無,
雲林縣西螺鎮中和里,115/09/02,陳泰川,無,
雲林縣西螺鎮福興里,115/09/02,陳翠華,無,
雲林縣西螺鎮福興里,115/09/02,邱敏雀,無,
雲林縣西螺鎮光華里,115/09/02,廖錦銘,無,
雲林縣西螺鎮中興里,115/09/02,楊素戀,無,
雲林縣西螺鎮漢光里,115/08/31,廖本淵,無,
雲林縣西螺鎮新安里,115/08/31,林誌明,無,
雲林縣西螺鎮新安里,115/09/02,林士元,無,
雲林縣西螺鎮新豐里,115/08/31,黃志立,無,
雲林縣西螺鎮新豐里,115/09/02,王風雲,無,
雲林縣西螺鎮詔安里,115/09/02,程大源,無,
雲林縣西螺鎮詔安里,115/09/03,程日勝,無,
雲林縣西螺鎮河南里,115/08/31,李湖,無,
雲林縣西螺鎮安定里,115/08/31,程嘉莉,無,
雲林縣西螺鎮安定里,115/09/02,廖進凱,無,
雲林縣西螺鎮福田里,115/08/31,廖聰義,無,
雲林縣西螺鎮福田里,115/09/02,陳銘露,無,
雲林縣西螺鎮大新里,115/08/31,邱國雄,無,
雲林縣西螺鎮大新里,115/09/01,王俊賢,無,
雲林縣西螺鎮埤頭里,115/09/02,李美玲,無,
雲林縣西螺鎮東興里,115/08/31,林文藝,無,
雲林縣西螺鎮東興里,115/08/31,林學正,無,
雲林縣西螺鎮廣興里,115/08/31,賴秀虹,無,
雲林縣西螺鎮廣興里,115/09/03,廖和全,無,
雲林縣西螺鎮廣興里,115/09/04,廖瑞珠,無,
雲林縣西螺鎮鹿場里,115/08/31,胡安郎,無,
雲林縣西螺鎮鹿場里,115/09/02,林建成,無,
雲林縣西螺鎮鹿場里,115/09/03,王嘉宏,無,
雲林縣西螺鎮頂湳里,115/09/03,鍾素群,無,
雲林縣西螺鎮頂湳里,115/09/03,黃彩秋,無,
雲林縣西螺鎮下湳里,115/09/02,張彩媚,無,
雲林縣西螺鎮下湳里,115/09/04,林碧雲,無,
雲林縣西螺鎮九隆里,115/09/03,廖泳菖,無,
雲林縣西螺鎮吳厝里,115/09/02,廖金龍,無,
雲林縣西螺鎮吳厝里,115/09/02,廖萬福,無,
雲林縣西螺鎮七座里,115/09/02,廖學智,無,
雲林縣西螺鎮七座里,115/09/02,詹文生,無,
雲林縣西螺鎮公舘里,115/09/02,李沐威,無,
雲林縣西螺鎮公舘里,115/09/03,廖崎,無,
雲林縣土庫鎮忠正里,115/09/02,李豐任,無,
雲林縣土庫鎮忠正里,115/09/03,郭國興,無,
雲林縣土庫鎮忠正里,115/09/03,許家綾,無,
雲林縣土庫鎮忠正里,115/09/03,林曾彬彬,無,
雲林縣土庫鎮順天里,115/09/02,楊鼎雄,無,
雲林縣土庫鎮宮北里,115/09/02,劉夏苓,無,
雲林縣土庫鎮越港里,115/09/02,林恩暉,無,
雲林縣土庫鎮越港里,115/09/02,林啟文,無,
雲林縣土庫鎮越港里,115/09/04,林啓帆,無,
雲林縣土庫鎮溪邊里,115/09/02,黃晴珍,無,
雲林縣土庫鎮溪邊里,115/09/03,陳世宗,無,
雲林縣土庫鎮興新里,115/09/02,陳信志,無,
雲林縣土庫鎮興新里,115/09/02,郭永山,無,
雲林縣土庫鎮奮起里,115/09/02,楊文孔,無,
雲林縣土庫鎮埤腳里,115/08/31,黃銘豊,無,
雲林縣土庫鎮埤腳里,115/09/02,吳超文,無,
雲林縣土庫鎮埤腳里,115/09/03,張安調,無,
雲林縣土庫鎮大荖里,115/09/02,周傳,無,
雲林縣土庫鎮石廟里,115/09/02,許荺蓁,無,
雲林縣土庫鎮石廟里,115/09/02,陳秋緞,無,
雲林縣土庫鎮東平里,115/09/02,黃再添,無,
雲林縣土庫鎮東平里,115/09/02,林添生,無,
雲林縣土庫鎮南平里,115/08/31,黃素氣,無,
雲林縣土庫鎮北平里,115/08/31,侯萬來,無,
雲林縣土庫鎮北平里,115/09/02,張安輝,無,
雲林縣土庫鎮西平里,115/09/03,林吳秋嬌,無,
雲林縣土庫鎮後埔里,115/08/31,王長慶,無,
雲林縣土庫鎮後埔里,115/09/03,王俊傑,無,
雲林縣土庫鎮崙內里,115/08/31,吳俊輝,無,
雲林縣土庫鎮崙內里,115/09/01,吳邦,無,
雲林縣土庫鎮崙內里,115/09/04,王建懿,無,
雲林縣土庫鎮新庄里,115/09/02,陳信賓,無,
雲林縣北港鎮東陽里,115/09/01,吳春美,無,
雲林縣北港鎮東陽里,115/09/03,蘇金源,無,
雲林縣北港鎮光民里,115/09/03,陳鳳珠,無,
雲林縣北港鎮東華里,115/08/31,黃昱凱,無,
雲林縣北港鎮東華里,115/08/31,陳富森,無,
雲林縣北港鎮南安里,115/09/01,蕭永富,無,
雲林縣北港鎮中和里,115/09/02,李忠誠,無,
雲林縣北港鎮中和里,115/09/03,紀柏宇,無,
雲林縣北港鎮義民里,115/08/31,吳國興,無,
雲林縣北港鎮共榮里,115/08/31,洪榮盛,無,
雲林縣北港鎮共榮里,115/09/02,林清志,無,
雲林縣北港鎮共榮里,115/09/04,林沂鴻,無,
雲林縣北港鎮西勢里,115/08/31,蔡金源,無,
雲林縣北港鎮仁和里,115/08/31,傅信豪,無,
雲林縣北港鎮賜福里,115/08/31,蔡明峰,無,
雲林縣北港鎮公舘里,115/08/31,許家福,無,
雲林縣北港鎮大同里,115/08/31,莊素月,無,
雲林縣北港鎮大同里,115/09/02,蔡英道,無,
雲林縣北港鎮仁安里,115/09/01,蔡宸鎂,無,
雲林縣北港鎮華勝里,115/08/31,許宸維,無,
雲林縣北港鎮華勝里,115/08/31,蔡志勇,無,
雲林縣北港鎮華勝里,115/09/01,吳振利,無,
雲林縣北港鎮華勝里,115/09/03,曾淑麗,無,
雲林縣北港鎮華勝里,115/09/03,林文德,無,
雲林縣北港鎮光復里,115/08/31,吳東合,無,
雲林縣北港鎮光復里,115/09/03,陳禎皇,無,
雲林縣北港鎮新街里,115/08/31,王昭人,無,
雲林縣北港鎮新街里,115/09/01,吳駿明,無,
雲林縣北港鎮劉厝里,115/08/31,李建昇,無,
雲林縣北港鎮府番里,115/09/02,吳旭烽,無,
雲林縣北港鎮府番里,115/09/02,黃壹清,無,
雲林縣北港鎮草湖里,115/08/31,郭建盛,無,
雲林縣北港鎮草湖里,115/09/02,許烜秋,無,
雲林縣北港鎮溝皂里,115/08/31,蔡榮修,無,
雲林縣北港鎮溝皂里,115/09/03,蔡坤哲,無,
雲林縣北港鎮後溝里,115/09/02,蔡清波,無,
雲林縣北港鎮番溝里,115/08/31,李慶東,無,
雲林縣北港鎮大北里,115/08/31,蔡宗廷,無,
雲林縣北港鎮大北里,115/08/31,蔡孟傑,無,
雲林縣北港鎮大北里,115/09/04,蔡明宏,無,
雲林縣北港鎮好收里,115/08/31,陳美心,無,
雲林縣北港鎮好收里,115/09/02,楊松源,無,
雲林縣北港鎮樹腳里,115/09/03,許憶珀,無,
雲林縣北港鎮樹腳里,115/09/03,郭麗雲,無,
雲林縣北港鎮扶朝里,115/08/31,姚水評,無,
雲林縣北港鎮水埔里,115/09/02,蘇秉豐,無,
雲林縣北港鎮新厝里,115/08/31,王趁,無,
雲林縣古坑鄉水碓村,115/09/02,賴宥叡,無,
雲林縣古坑鄉水碓村,115/09/02,郭合興,無,
雲林縣古坑鄉水碓村,115/09/03,林永結,無,
雲林縣古坑鄉田心村,115/08/31,陳坤佐,無,
雲林縣古坑鄉田心村,115/09/03,劉天喜,無,
雲林縣古坑鄉高林村,115/09/02,黃雅靜,無,
雲林縣古坑鄉高林村,115/09/02,高瓊南,無,
雲林縣古坑鄉高林村,115/09/02,陳尚誠,無,
雲林縣古坑鄉荷苞村,115/09/02,張克森,無,
雲林縣古坑鄉荷苞村,115/09/02,鄭連松,無,
雲林縣古坑鄉東和村,115/09/01,鐘良智,無,
雲林縣古坑鄉新庄村,115/09/03,賴世榮,無,
雲林縣古坑鄉棋盤村,115/08/31,王國勝,無,
雲林縣古坑鄉華山村,115/09/02,李國和,無,
雲林縣古坑鄉華南村,115/09/02,劉清極,無,
雲林縣古坑鄉華南村,115/09/03,余明軒,無,
雲林縣古坑鄉永光村,115/09/01,賴茂松,無,
雲林縣古坑鄉永光村,115/09/03,許程超,無,
雲林縣古坑鄉永光村,115/09/04,劉育昇,無,
雲林縣古坑鄉桂林村,115/09/02,黃煌儀,無,
雲林縣古坑鄉崁腳村,115/09/02,凃朝欽,無,
雲林縣古坑鄉樟湖村,115/09/02,廖永樹,無,
雲林縣古坑鄉草嶺村,115/09/03,陳兵通,無,
雲林縣古坑鄉永昌村,115/09/04,王凡衣,無,
雲林縣古坑鄉麻園村,115/09/02,高弘川,無,
雲林縣古坑鄉麻園村,115/09/04,林峻毅,無,
雲林縣古坑鄉古坑村,115/09/01,張村田,無,
雲林縣古坑鄉古坑村,115/09/02,余愛玉,無,
雲林縣古坑鄉朝陽村,115/08/31,邱寶賢,無,
雲林縣古坑鄉朝陽村,115/09/03,董維常,無,
雲林縣古坑鄉西平村,115/09/02,陳志賢,無,
雲林縣古坑鄉湳仔村,115/09/02,吳景富,無,
雲林縣大埤鄉北和村,115/09/02,沈良定,無,
雲林縣大埤鄉北和村,115/09/02,廖鴻章,無,
雲林縣大埤鄉北和村,115/09/03,許葱,無,
雲林縣大埤鄉南和村,115/09/02,翁素蘭,無,
雲林縣大埤鄉大德村,115/08/31,張文秋,無,
雲林縣大埤鄉大德村,115/09/01,陳博銘,無,
雲林縣大埤鄉松竹村,115/08/31,林永鈴,無,
雲林縣大埤鄉松竹村,115/09/02,梁松鵬,無,
雲林縣大埤鄉尚義村,115/09/02,孫昭羽,無,
雲林縣大埤鄉尚義村,115/09/03,許慶源,無,
雲林縣大埤鄉嘉興村,115/09/01,沈定正,無,
雲林縣大埤鄉嘉興村,115/09/02,賴松江,無,
雲林縣大埤鄉嘉興村,115/09/02,詹悅珠,無,
雲林縣大埤鄉豐田村,115/09/02,張玉娟,無,
雲林縣大埤鄉豐田村,115/09/04,沈英正,無,
雲林縣大埤鄉豐田村,115/09/04,莊順吉,無,
雲林縣大埤鄉三結村,115/09/03,徐萬成,無,
雲林縣大埤鄉吉田村,115/09/01,莊來春,無,
雲林縣大埤鄉吉田村,115/09/02,蕭丁財,無,
雲林縣大埤鄉豐岡村,115/09/02,張佩寓,無,
雲林縣大埤鄉聯美村,115/09/02,吳美齡,無,
雲林縣大埤鄉怡然村,115/08/31,李志發,無,
雲林縣大埤鄉怡然村,115/09/02,詹裕立,無,
雲林縣大埤鄉怡然村,115/09/02,李秋雅,無,
雲林縣大埤鄉北鎮村,115/09/02,謝明志,無,
雲林縣大埤鄉興安村,115/09/02,李進二,無,
雲林縣大埤鄉興安村,115/09/02,劉國民,無,
雲林縣大埤鄉西鎮村,115/09/02,唐文卿,無,
雲林縣莿桐鄉莿桐村,115/08/31,陳堅棻,無,
雲林縣莿桐鄉莿桐村,115/08/31,李松家,無,
雲林縣莿桐鄉莿桐村,115/08/31,黃政義,無,
雲林縣莿桐鄉甘厝村,115/08/31,張向,無,
雲林縣莿桐鄉甘西村,115/08/31,林建旭,無,
雲林縣莿桐鄉興桐村,115/08/31,林慶聰,無,
雲林縣莿桐鄉興桐村,115/09/02,林真卿,無,
雲林縣莿桐鄉興桐村,115/09/04,林源耀,無,
雲林縣莿桐鄉義和村,115/08/31,陳柏昇,無,
雲林縣莿桐鄉義和村,115/09/01,歐景文,無,
雲林縣莿桐鄉埔子村,115/08/31,林維信,無,
雲林縣莿桐鄉大美村,115/09/02,何順良,無,
雲林縣莿桐鄉埔尾村,115/08/31,黃榮良,無,
雲林縣莿桐鄉埔尾村,115/09/02,張辰安,無,
雲林縣莿桐鄉饒平村,115/09/04,錢國榮,無,
雲林縣莿桐鄉興貴村,115/09/02,黃聰府,無,
雲林縣莿桐鄉四合村,115/09/02,黃增男,無,
雲林縣莿桐鄉四合村,115/09/02,蔡見成,無,
雲林縣莿桐鄉麻園村,115/09/02,鄭永鴻,無,
雲林縣莿桐鄉麻園村,115/09/02,鄭平中,無,
雲林縣莿桐鄉五華村,115/09/03,李佳誠,無,
雲林縣莿桐鄉六合村,115/09/02,張綺苓,無,
雲林縣林內鄉林南村,115/09/02,林鴻顏,無,
雲林縣林內鄉林南村,115/09/02,鄭明祁,無,
雲林縣林內鄉林中村,115/08/31,詹文邦,無,
雲林縣林內鄉林中村,115/09/02,王志忠,無,
雲林縣林內鄉林北村,115/08/31,蔡錦騰,無,
雲林縣林內鄉坪頂村,115/08/31,林賢宗,無,
雲林縣林內鄉林茂村,115/09/02,張維達,無,
雲林縣林內鄉九芎村,115/09/02,余銘勲,無,
雲林縣林內鄉九芎村,115/09/02,黃麗麗,無,
雲林縣林內鄉九芎村,115/09/03,張貴鳳,無,
雲林縣林內鄉九芎村,115/09/04,林昱安,無,
雲林縣林內鄉湖本村,115/09/02,廖家浩,無,
雲林縣林內鄉湖本村,115/09/03,林文祥,無,
雲林縣林內鄉烏塗村,115/09/02,蔡錡瀧,無,
雲林縣林內鄉烏塗村,115/09/02,張翠屏,無,
雲林縣林內鄉烏塗村,115/09/04,林暐傑,無,
雲林縣林內鄉烏麻村,115/09/02,詹飛聲,無,
雲林縣林內鄉烏麻村,115/09/04,張竣堯,無,
雲林縣林內鄉重興村,115/09/02,施欽鐘,無,
雲林縣林內鄉重興村,115/09/02,張聰賜,無,
雲林縣二崙鄉崙東村,115/09/01,廖敏助,無,
雲林縣二崙鄉崙東村,115/09/02,葉麗美,無,
雲林縣二崙鄉崙東村,115/09/02,游裕盛,無,
雲林縣二崙鄉崙西村,115/09/02,廖本焜,無,
雲林縣二崙鄉來惠村,115/09/02,廖文合,無,
雲林縣二崙鄉三和村,115/09/01,李宏隆,無,
雲林縣二崙鄉三和村,115/09/02,廖年忠,無,
雲林縣二崙鄉湳仔村,115/09/02,廖世恭,無,
雲林縣二崙鄉湳仔村,115/09/04,廖倚賢,無,
雲林縣二崙鄉田尾村,115/09/02,廖國順,無,
雲林縣二崙鄉田尾村,115/09/04,廖契雄,無,
雲林縣二崙鄉定安村,115/08/31,廖峻慶,無,
雲林縣二崙鄉大華村,115/09/03,銅村榮,無,
雲林縣二崙鄉大華村,115/09/04,蘇木榮,無,
雲林縣二崙鄉義庄村,115/09/03,廖益賜,無,
雲林縣二崙鄉義庄村,115/09/04,廖定國,無,
雲林縣二崙鄉楊賢村,115/08/31,廖世塏,無,
雲林縣二崙鄉港後村,115/09/02,李清波,無,
雲林縣二崙鄉港後村,115/09/04,吳淑敏,無,
雲林縣二崙鄉大義村,115/08/31,李羅經,無,
雲林縣二崙鄉大義村,115/09/03,李育旺,無,
雲林縣二崙鄉油車村,115/08/31,江永欽,無,
雲林縣二崙鄉油車村,115/09/02,李榮吉,無,
雲林縣二崙鄉油車村,115/09/03,李文河,無,
雲林縣二崙鄉大庄村,115/09/02,林裕民,無,
雲林縣二崙鄉大庄村,115/09/03,鍾照,無,
雲林縣二崙鄉庄西村,115/09/04,曹金龍,無,
雲林縣二崙鄉大同村,115/09/03,鍾合郎,無,
雲林縣二崙鄉大同村,115/09/03,鍾金源,無,
雲林縣二崙鄉大同村,115/09/04,鍾長旺,無,
雲林縣二崙鄉復興村,115/08/31,李春生,無,
雲林縣二崙鄉復興村,115/09/04,廖鳳藝,無,
雲林縣二崙鄉永定村,115/08/31,程伍聰,無,
雲林縣二崙鄉永定村,115/09/02,張秀珍,無,
雲林縣崙背鄉東明村,115/09/03,劉榮豐,無,
雲林縣崙背鄉西榮村,115/09/03,李健誠,無,
雲林縣崙背鄉南陽村,115/09/01,李重勲,無,
雲林縣崙背鄉南陽村,115/09/02,廖國良,無,
雲林縣崙背鄉崙前村,115/08/31,李文宏,無,
雲林縣崙背鄉崙前村,115/09/04,張育銜,無,
雲林縣崙背鄉羅厝村,115/08/31,李照域,無,
雲林縣崙背鄉港尾村,115/08/31,廖炳淞,無,
雲林縣崙背鄉阿勸村,115/08/31,廖培廷,無,
雲林縣崙背鄉阿勸村,115/09/01,李昆進,無,
雲林縣崙背鄉五魁村,115/08/31,許明全,無,
雲林縣崙背鄉大有村,115/09/01,唐柏凱,無,
雲林縣崙背鄉大有村,115/09/02,林金虎,無,
雲林縣崙背鄉大有村,115/09/02,曾慈慧,無,
雲林縣崙背鄉大有村,115/09/04,陳麗萍,無,
雲林縣崙背鄉豐榮村,115/09/01,許詠喬,無,
雲林縣崙背鄉豐榮村,115/09/01,林裕豊,無,
雲林縣崙背鄉豐榮村,115/09/02,林瑞騰,無,
雲林縣崙背鄉豐榮村,115/09/04,林志鍈,無,
雲林縣崙背鄉草湖村,115/09/03,葉艷紅,無,
雲林縣崙背鄉舊庄村,115/09/02,許進田,無,
雲林縣崙背鄉水尾村,115/09/02,鍾継璁,無,
雲林縣崙背鄉水尾村,115/09/02,廖振福,無,
雲林縣崙背鄉枋南村,115/08/31,廖盈嘉,無,
雲林縣崙背鄉枋南村,115/09/02,鍾文夏,無,
雲林縣崙背鄉枋南村,115/09/04,楊坤杉,無,
雲林縣麥寮鄉麥津村,115/09/03,林東宏,無,
雲林縣麥寮鄉麥豐村,115/08/31,吳鎮麟,無,
雲林縣麥寮鄉麥豐村,115/09/03,吳子瑋,無,
雲林縣麥寮鄉瓦磘村,115/09/02,許村田,無,
雲林縣麥寮鄉瓦磘村,115/09/03,許應樹,無,
雲林縣麥寮鄉瓦磘村,115/09/03,林高聖,無,
雲林縣麥寮鄉興華村,115/09/02,蔡明宏,無,
雲林縣麥寮鄉興華村,115/09/04,許文政,無,
雲林縣麥寮鄉崙後村,115/08/31,許來旺,無,
雲林縣麥寮鄉崙後村,115/09/02,蕭文勝,無,
雲林縣麥寮鄉後安村,115/08/31,許澤男,無,
雲林縣麥寮鄉後安村,115/08/31,林松霖,無,
雲林縣麥寮鄉海豐村,115/09/02,陳連對,無,
雲林縣麥寮鄉海豐村,115/09/03,廖炳崇,無,
雲林縣麥寮鄉三盛村,115/09/03,許智斌,無,
雲林縣麥寮鄉橋頭村,115/09/02,許文吉,無,
雲林縣麥寮鄉橋頭村,115/09/04,許文士,無,
雲林縣麥寮鄉橋頭村,115/09/04,范藁儒,無,
雲林縣麥寮鄉新吉村,115/08/31,鍾錦翠,無,
雲林縣麥寮鄉施厝村,115/09/02,許勝結,無,
雲林縣麥寮鄉雷厝村,115/09/02,林秋城,無,
雲林縣麥寮鄉中興村,115/09/02,許再發,無,
雲林縣東勢鄉東南村,115/09/03,林素敏,無,
雲林縣東勢鄉東北村,115/08/31,吳銘雋,無,
雲林縣東勢鄉東北村,115/09/03,黃榮堂,無,
雲林縣東勢鄉嘉隆村,115/09/02,黃寶榮,無,
雲林縣東勢鄉復興村,115/08/31,張文發,無,
雲林縣東勢鄉月眉村,115/09/02,張見文,無,
雲林縣東勢鄉程海村,115/09/02,吳振嘉,無,
雲林縣東勢鄉龍潭村,115/08/31,黃定峯,無,
雲林縣東勢鄉安南村,115/08/31,許文志,無,
雲林縣東勢鄉安南村,115/09/04,謝君貝,無,
雲林縣東勢鄉昌南村,115/08/31,陳論,無,
雲林縣東勢鄉昌南村,115/09/01,陳正春,無,
雲林縣東勢鄉同安村,115/08/31,周連告,無,
雲林縣東勢鄉同安村,115/08/31,周漢國,無,
雲林縣東勢鄉同安村,115/09/02,林俞伸,無,
雲林縣東勢鄉新坤村,115/08/31,林漢宗,無,
雲林縣東勢鄉新坤村,115/09/01,黃華山,無,
雲林縣東勢鄉四美村,115/08/31,吳鐵全,無,
雲林縣東勢鄉四美村,115/09/01,吳群英,無,
雲林縣東勢鄉四美村,115/09/02,賴淑婷,無,
雲林縣褒忠鄉中民村,115/08/31,吳明和,無,
雲林縣褒忠鄉中民村,115/08/31,林郁峰,無,
雲林縣褒忠鄉埔姜村,115/09/02,陳金北,無,
雲林縣褒忠鄉埔姜村,115/09/03,楊金閶,無,
雲林縣褒忠鄉中勝村,115/09/02,蘇水泉,無,
雲林縣褒忠鄉中勝村,115/09/03,張文邦,無,
雲林縣褒忠鄉新湖村,115/09/02,許金鐘,無,
雲林縣褒忠鄉新湖村,115/09/02,林忠賢,無,
雲林縣褒忠鄉新湖村,115/09/03,吳東池,無,
雲林縣褒忠鄉馬鳴村,115/09/01,許文禎,無,
雲林縣褒忠鄉有才村,115/09/01,周月華,無,
雲林縣褒忠鄉有才村,115/09/01,林西海,無,
雲林縣褒忠鄉有才村,115/09/01,蔡明祐,無,
雲林縣褒忠鄉有才村,115/09/03,林一民,無,
雲林縣褒忠鄉田洋村,115/08/31,章深根,無,
雲林縣褒忠鄉田洋村,115/09/02,曾旗南,無,
雲林縣褒忠鄉龍岩村,115/09/02,呂東憲,無,
雲林縣褒忠鄉龍岩村,115/09/02,康榮福,無,
雲林縣褒忠鄉潮厝村,115/08/31,許振興,無,
雲林縣褒忠鄉潮厝村,115/09/02,王進添,無,
雲林縣褒忠鄉潮厝村,115/09/03,陳成琮,無,
雲林縣臺西鄉台西村,115/08/31,賴俊傑,無,
雲林縣臺西鄉海北村,115/08/31,丁福來,無,
雲林縣臺西鄉海北村,115/09/02,丁金勤,無,
雲林縣臺西鄉海南村,115/08/31,吳志勇,無,
雲林縣臺西鄉海南村,115/09/01,丁丞濂,無,
雲林縣臺西鄉海南村,115/09/02,丁綺鋒,無,
雲林縣臺西鄉海南村,115/09/02,丁文星,無,
雲林縣臺西鄉海口村,115/09/01,丁慶雄,無,
雲林縣臺西鄉海口村,115/09/01,林吾欽,無,
雲林縣臺西鄉海口村,115/09/02,吳瑞美,無,
雲林縣臺西鄉溪頂村,115/09/02,林騰馨,無,
雲林縣臺西鄉溪頂村,115/09/03,林錠玉,無,
雲林縣臺西鄉溪頂村,115/09/04,林振運,無,
雲林縣臺西鄉牛厝村,115/09/02,陳寶玉,無,
雲林縣臺西鄉牛厝村,115/09/02,曹慶隆,無,
雲林縣臺西鄉泉州村,115/08/31,丁金獅,無,
雲林縣臺西鄉泉州村,115/08/31,吳文利,無,
雲林縣臺西鄉光華村,115/08/31,丁金城,無,
雲林縣臺西鄉五榔村,115/09/02,吳東峰,無,
雲林縣臺西鄉五榔村,115/09/03,吳順涼,無,
雲林縣臺西鄉山寮村,115/09/01,林麗美,無,
雲林縣臺西鄉山寮村,115/09/03,丁志豪,無,
雲林縣臺西鄉富琦村,115/08/31,林宏諺,無,
雲林縣臺西鄉永豐村,115/09/01,許文毅,無,
雲林縣臺西鄉永豐村,115/09/04,林萬憲,無,
雲林縣臺西鄉和豐村,115/08/31,林培煌,無,
雲林縣臺西鄉和豐村,115/09/01,吳鴻基,無,
雲林縣臺西鄉蚊港村,115/09/01,林育嫺,無,
雲林縣臺西鄉蚊港村,115/09/04,李育先,無,
雲林縣臺西鄉蚊港村,115/09/04,林德村,無,
雲林縣臺西鄉五港村,115/09/03,凌飛龍,無,
雲林縣臺西鄉五港村,115/09/03,林財茗,無,
雲林縣元長鄉長南村,115/08/31,李陳玉美,無,
雲林縣元長鄉長南村,115/09/03,李嘉夢,無,
雲林縣元長鄉長北村,115/08/31,吳美緣,無,
雲林縣元長鄉長北村,115/09/02,李傅秀蕋,無,
雲林縣元長鄉子茂村,115/09/01,施林麗玉,無,
雲林縣元長鄉後湖村,115/09/02,劉悅治,無,
雲林縣元長鄉後湖村,115/09/03,蔡宗宏,無,
雲林縣元長鄉山內村,115/09/04,吳文香,無,
雲林縣元長鄉合和村,115/09/03,周連瑩,無,
雲林縣元長鄉五塊村,115/08/31,蔡龍烟,無,
雲林縣元長鄉潭西村,115/08/31,蔡承瑋,無,
雲林縣元長鄉潭西村,115/09/02,李忠信,無,
雲林縣元長鄉潭西村,115/09/02,蔡榮基,無,
雲林縣元長鄉潭東村,115/09/02,蕭宗獻,無,
雲林縣元長鄉客厝村,115/08/31,吳朝慶,無,
雲林縣元長鄉客厝村,115/09/03,許新宗,無,
雲林縣元長鄉卓運村,115/08/31,楊順發,無,
雲林縣元長鄉卓運村,115/09/03,凃東輝,無,
雲林縣元長鄉頂寮村,115/09/02,蔡倍東,無,
雲林縣元長鄉頂寮村,115/09/03,黃思瑜,無,
雲林縣元長鄉下寮村,115/09/02,吳文玲,無,
雲林縣元長鄉下寮村,115/09/02,吳敏佑,無,
雲林縣元長鄉龍岩村,115/09/02,鄭丁界,無,
雲林縣元長鄉龍岩村,115/09/02,吳水福,無,
雲林縣元長鄉龍岩村,115/09/03,吳順意,無,
雲林縣元長鄉西莊村,115/09/02,吳金龍,無,
雲林縣元長鄉西莊村,115/09/04,林吳姿美,無,
雲林縣元長鄉鹿北村,115/09/02,湯力昇,無,
雲林縣元長鄉鹿南村,115/08/31,吳若望,無,
雲林縣元長鄉鹿南村,115/09/04,陳世斌,無,
雲林縣元長鄉鹿南村,115/09/04,郭福源,無,
雲林縣元長鄉瓦磘村,115/09/01,陳恒次,無,
雲林縣元長鄉瓦磘村,115/09/02,陳麗華,無,
雲林縣元長鄉瓦磘村,115/09/02,陳登錦,無,
雲林縣元長鄉瓦磘村,115/09/02,吳惠玉,無,
雲林縣元長鄉瓦磘村,115/09/03,陳安邦,無,
雲林縣元長鄉內寮村,115/09/02,吳昭安,無,
雲林縣元長鄉內寮村,115/09/02,吳國璋,無,
雲林縣元長鄉崙仔村,115/08/31,王宗智,無,
雲林縣元長鄉崙仔村,115/08/31,王順興,無,
雲林縣元長鄉崙仔村,115/09/04,王吉隆,無,
雲林縣元長鄉新吉村,115/09/02,陳進朝,無,
雲林縣元長鄉新吉村,115/09/03,邱聖丰,無,
雲林縣四湖鄉四湖村,115/08/31,吳金城,無,
雲林縣四湖鄉四湖村,115/08/31,陳怡婷,無,
雲林縣四湖鄉新庄村,115/09/02,吳世美,無,
雲林縣四湖鄉溪底村,115/08/31,林弘惟,無,
雲林縣四湖鄉溪底村,115/09/02,吳啟銘,無,
雲林縣四湖鄉溪底村,115/09/04,吳宥諒,無,
雲林縣四湖鄉鹿場村,115/09/03,陳淑君,無,
雲林縣四湖鄉湖西村,115/09/02,吳昇宓,無,
雲林縣四湖鄉湖西村,115/09/03,王玉鍊,無,
雲林縣四湖鄉施湖村,115/08/31,黃美娥,無,
雲林縣四湖鄉湖寮村,115/09/02,王任志,無,
雲林縣四湖鄉湖寮村,115/09/02,吳文陽,無,
雲林縣四湖鄉蔡厝村,115/09/02,王清忠,無,
雲林縣四湖鄉蔡厝村,115/09/04,蔡國亮,無,
雲林縣四湖鄉飛沙村,115/09/04,吳坤龍,無,
雲林縣四湖鄉三姓村,115/09/02,王秋蜜,無,
雲林縣四湖鄉三姓村,115/09/02,劉鳴鋒,無,
雲林縣四湖鄉內湖村,115/09/02,吳春奇,無,
雲林縣四湖鄉內湖村,115/09/03,吳信民,無,
雲林縣四湖鄉羊調村,115/08/31,吳文界,無,
雲林縣四湖鄉羊調村,115/09/03,黃團,無,
雲林縣四湖鄉崙北村,115/09/02,吳萬清,無,
雲林縣四湖鄉崙南村,115/09/02,吳錳源,無,
雲林縣四湖鄉崙南村,115/09/03,吳美玲,無,
雲林縣四湖鄉廣溝村,115/08/31,黃崑火,無,
雲林縣四湖鄉萡子村,115/08/31,蔡茂源,無,
雲林縣四湖鄉萡子村,115/09/02,駱鳳蘭,無,
雲林縣四湖鄉林厝村,115/09/01,林朝偉,無,
雲林縣四湖鄉林厝村,115/09/02,,無,
雲林縣四湖鄉林厝村,115/09/04,林家正 Le'e pehelai,無,
雲林縣四湖鄉林東村,115/09/02,王經偉,無,
雲林縣四湖鄉溪尾村,115/09/02,朱義環,無,
雲林縣四湖鄉飛東村,115/09/02,吳勇翰,無,
雲林縣四湖鄉飛東村,115/09/03,蔡明輝,無,
雲林縣四湖鄉萡東村,115/09/03,蔡心娜,無,
雲林縣口湖鄉湖東村,115/08/31,蘇龍魁,無,
雲林縣口湖鄉湖東村,115/09/02,蘇四郎,無,
雲林縣口湖鄉口湖村,115/09/02,呂貴粟,無,
雲林縣口湖鄉口湖村,115/09/02,李錦秀,無,
雲林縣口湖鄉頂湖村,115/08/31,呂明政,無,
雲林縣口湖鄉頂湖村,115/09/02,王秋雲,無,
雲林縣口湖鄉埔北村,115/08/31,蔡建明,無,
雲林縣口湖鄉埔北村,115/09/02,劉萬居,無,
雲林縣口湖鄉埔南村,115/08/31,吳孟宗,無,
雲林縣口湖鄉埔南村,115/09/02,王銘揚,無,
雲林縣口湖鄉謝厝村,115/09/02,謝依芩,無,
雲林縣口湖鄉謝厝村,115/09/03,蘇東明,無,
雲林縣口湖鄉蚵寮村,115/09/03,陳玉釵,無,
雲林縣口湖鄉蚵寮村,115/09/03,陳昆鼎,無,
雲林縣口湖鄉蚵寮村,115/09/03,林彥銘,無,
雲林縣口湖鄉下崙村,115/08/31,楊運縈,無,
雲林縣口湖鄉下崙村,115/09/02,吳明海,無,
雲林縣口湖鄉崙中村,115/09/03,謝文棋,無,
雲林縣口湖鄉崙東村,115/08/31,王老閩,無,
雲林縣口湖鄉崙東村,115/09/02,曾霖明,無,
雲林縣口湖鄉青蚶村,115/09/02,蔡明堂,無,
雲林縣口湖鄉港東村,115/09/02,黃金樹,無,
雲林縣口湖鄉港西村,115/08/31,李永鴻,無,
雲林縣口湖鄉港西村,115/09/03,林伊萍,無,
雲林縣口湖鄉台子村,115/08/31,林素貞,無,
雲林縣口湖鄉台子村,115/08/31,林志昇,無,
雲林縣口湖鄉台子村,115/09/02,林榮輝,無,
雲林縣口湖鄉成龍村,115/08/31,田志茂,無,
雲林縣口湖鄉成龍村,115/09/02,翁龍騰,無,
雲林縣口湖鄉成龍村,115/09/02,李明輝,無,
雲林縣口湖鄉湖口村,115/09/02,吳麗花,無,
雲林縣口湖鄉湖口村,115/09/04,李高田,無,
雲林縣口湖鄉湖口村,115/09/04,李嘉益,無,
雲林縣口湖鄉水井村,115/09/02,李豐善,無,
雲林縣口湖鄉後厝村,115/08/31,李金盾,無,
雲林縣口湖鄉後厝村,115/08/31,何欣容,無,
雲林縣口湖鄉後厝村,115/09/02,何俊德,無,
雲林縣口湖鄉梧南村,115/08/31,李清南,無,
雲林縣口湖鄉梧北村,115/08/31,王春生,無,
雲林縣口湖鄉梧北村,115/09/02,洪惠英,無,
雲林縣口湖鄉過港村,115/09/02,李文閔,無,
雲林縣口湖鄉過港村,115/09/02,李錦蜜,無,
雲林縣水林鄉水北村,115/09/02,洪茂仁,無,
雲林縣水林鄉水南村,115/08/31,張素惠,無,
雲林縣水林鄉水南村,115/09/02,王册,無,
雲林縣水林鄉海埔村,115/08/31,莊國豐,無,
雲林縣水林鄉土厝村,115/09/02,蔡陣順,無,
雲林縣水林鄉春埔村,115/08/31,嚴清山,無,
雲林縣水林鄉春埔村,115/09/04,吳亞霖,無,
雲林縣水林鄉西井村,115/08/31,丁明富,無,
雲林縣水林鄉車港村,115/09/02,蔡炳煌,無,
雲林縣水林鄉蘇秦村,115/08/31,吳志孟,無,
雲林縣水林鄉蘇秦村,115/09/02,吳正木,無,
雲林縣水林鄉蘇秦村,115/09/02,吳燦發,無,
雲林縣水林鄉灣東村,115/08/31,黃博厚,無,
雲林縣水林鄉灣東村,115/09/03,蔡謀奇,無,
雲林縣水林鄉灣西村,115/09/03,黃常,民主進步黨,
雲林縣水林鄉萬興村,115/08/31,柳建羽,民主進步黨,
雲林縣水林鄉萬興村,115/09/03,余重山,無,
雲林縣水林鄉尖山村,115/09/02,楊政勳,無,
雲林縣水林鄉大山村,115/08/31,楊金欉,無,
雲林縣水林鄉大山村,115/09/04,李陳淑貞,無,
雲林縣水林鄉大溝村,115/09/01,李啓政,無,
雲林縣水林鄉順興村,115/09/02,李瑞豐,無,
雲林縣水林鄉順興村,115/09/02,李振明,無,
雲林縣水林鄉蕃薯村,115/09/02,吳世明,無,
雲林縣水林鄉山腳村,115/08/31,王伯勳,無,
雲林縣水林鄉山腳村,115/08/31,潘志誠,無,
雲林縣水林鄉松北村,115/08/31,陳國淵,無,
雲林縣水林鄉松北村,115/09/02,黃三龍,無,
雲林縣水林鄉松中村,115/09/02,林勝郎,無,
雲林縣水林鄉松西村,115/09/01,郭清寬,無,
雲林縣水林鄉松西村,115/09/02,郭天助,無,
雲林縣水林鄉松西村,115/09/04,洪榮順,無,
雲林縣水林鄉瓊埔村,115/09/02,柯艷華,無,
雲林縣水林鄉瓊埔村,115/09/02,王民眾,無,
雲林縣水林鄉塭底村,115/08/31,郭崑泰,無,
雲林縣水林鄉塭底村,115/09/03,張益源,無,
雲林縣水林鄉後寮村,115/08/31,陳正龍,無,
雲林縣水林鄉後寮村,115/09/01,陳湟仁,無,
雲林縣水林鄉溪墘村,115/09/01,鄭振裕,無,
嘉義縣太保市太保里,115/09/03,郭秀琴,無,
嘉義縣太保市後庄里,115/09/01,沈得山,無,
嘉義縣太保市後庄里,115/09/03,楊金龍,無,
嘉義縣太保市前潭里,115/09/01,林俊哲,無,
嘉義縣太保市後潭里,115/09/02,蔡永義,無,
嘉義縣太保市後潭里,115/09/02,蔡樹福,無,
嘉義縣太保市梅埔里,115/09/02,官德發,無,
嘉義縣太保市梅埔里,115/09/02,黃枝萬,無,
嘉義縣太保市春珠里,115/09/02,蔡德村,無,
嘉義縣太保市春珠里,115/09/02,李長濱,無,
嘉義縣太保市春珠里,115/09/03,廖利凌,無,
嘉義縣太保市崙頂里,115/09/03,黃阿菊,無,
嘉義縣太保市崙頂里,115/09/04,楊聖賢,無,
嘉義縣太保市東勢里,115/09/02,徐仲明,無,
嘉義縣太保市東勢里,115/09/04,龔栩慶,無,
嘉義縣太保市新埤里,115/09/02,許正義,無,
嘉義縣太保市新埤里,115/09/02,徐錦昌,無,
嘉義縣太保市舊埤里,115/08/31,劉惠櫻,無,
嘉義縣太保市舊埤里,115/09/02,呂雯莉,無,
嘉義縣太保市舊埤里,115/09/02,蘇坤煌,無,
嘉義縣太保市田尾里,115/09/01,陳燕文,無,
嘉義縣太保市田尾里,115/09/02,陳憲發,無,
嘉義縣太保市港尾里,115/08/31,楊清標,無,
嘉義縣太保市港尾里,115/08/31,張家銘,無,
嘉義縣太保市港尾里,115/09/02,黃陽,無,
嘉義縣太保市過溝里,115/08/31,林儀興,無,
嘉義縣太保市過溝里,115/08/31,葉隆詳,無,
嘉義縣太保市過溝里,115/09/04,蔡松益,無,
嘉義縣太保市麻寮里,115/09/02,侯水波,無,
嘉義縣太保市麻寮里,115/09/02,龔信銓,無,
嘉義縣太保市麻寮里,115/09/04,葉子榮,無,
嘉義縣太保市麻寮里,115/09/04,巫清安,無,
嘉義縣太保市南新里,115/08/31,葉全成,無,
嘉義縣太保市南新里,115/09/04,葉金菊,無,
嘉義縣太保市北新里,115/09/02,葉錦昌,無,
嘉義縣太保市北新里,115/09/03,許一進,無,
嘉義縣太保市埤鄉里,115/08/31,林思琦,無,
嘉義縣太保市安仁里,115/09/02,陳政龍,無,
嘉義縣太保市安仁里,115/09/02,戴葦僑,無,
嘉義縣朴子市安福里,115/08/31,林岳平,無,
嘉義縣朴子市平和里,115/09/03,蘇黃寳玉,無,
嘉義縣朴子市平和里,115/08/31,周許素蘭,無,
嘉義縣朴子市內厝里,115/09/02,彭永達,無,
嘉義縣朴子市開元里,115/09/02,林耀堂,無,
嘉義縣朴子市開元里,115/09/02,辜韻如,無,
嘉義縣朴子市順天里,115/09/03,陳麗莉,無,
嘉義縣朴子市順天里,115/08/31,吳博鈺,無,
嘉義縣朴子市中正里,115/09/04,蘇俊偉,無,
嘉義縣朴子市博厚里,115/09/04,吳俊緯,無,
嘉義縣朴子市博厚里,115/09/02,康國榮,無,
嘉義縣朴子市文化里,115/08/31,楊石旭,無,
嘉義縣朴子市永和里,115/09/01,余永寬,無,
嘉義縣朴子市永和里,115/09/02,李志偉,無,
嘉義縣朴子市竹圍里,115/09/02,莊長源,無,
嘉義縣朴子市竹圍里,115/09/02,蔡雅靜,無,
嘉義縣朴子市新寮里,115/09/03,張昭林,無,
嘉義縣朴子市新寮里,115/09/02,陳貞潔,無,
嘉義縣朴子市双溪里,115/08/31,黃振卿,無,
嘉義縣朴子市双溪里,115/09/02,侯騏睿,無,
嘉義縣朴子市溪口里,115/09/02,侯金地,無,
嘉義縣朴子市溪口里,115/09/02,侯明堯,無,
嘉義縣朴子市德興里,115/09/02,侯茂昆,無,
嘉義縣朴子市德興里,115/09/02,侯德宗,無,
嘉義縣朴子市仁和里,115/09/02,鄭緯麟,無,
嘉義縣朴子市仁和里,115/09/02,陳麗嬌,無,
嘉義縣朴子市大鄉里,115/08/31,涂國和,無,
嘉義縣朴子市大鄉里,115/09/02,黃慧娟,無,
嘉義縣朴子市大鄉里,115/09/02,林峻達,無,
嘉義縣朴子市大葛里,115/09/01,涂葉素華,無,
嘉義縣朴子市大葛里,115/09/02,楊國智,無,
嘉義縣朴子市佳禾里,115/08/31,何玉合,無,
嘉義縣朴子市佳禾里,115/09/02,李金謀,無,
嘉義縣朴子市竹村里,115/09/04,王垂旻,無,
嘉義縣朴子市竹村里,115/08/31,郭文典,無,
嘉義縣朴子市崁前里,115/09/02,方松林,無,
嘉義縣朴子市崁前里,115/09/02,陳坤山,無,
嘉義縣朴子市順安里,115/09/04,曾進興,無,
嘉義縣朴子市順安里,115/09/02,涂添煌,無,
嘉義縣朴子市崁後里,115/09/04,葉金明,無,
嘉義縣朴子市崁後里,115/09/03,王文賀,無,
嘉義縣朴子市崁後里,115/09/03,張清洝,無,
嘉義縣朴子市德家里,115/09/01,黃玉寬,無,
嘉義縣朴子市德家里,115/09/02,陳世宗,無,
嘉義縣朴子市新庄里,115/09/01,薛世傑,無,
嘉義縣朴子市新庄里,115/09/02,莊忠諺,無,
嘉義縣朴子市梅華里,115/09/04,翁琮評,無,
嘉義縣朴子市梅華里,115/08/31,黃勝義,無,
嘉義縣朴子市松華里,115/08/31,王崇炫,無,
嘉義縣朴子市松華里,115/09/02,陳淑嫥,無,
嘉義縣朴子市南竹里,115/09/02,陳崑備,無,
嘉義縣布袋鎮岱江里,115/09/02,蔡忠峰,無,
嘉義縣布袋鎮岱江里,115/09/02,蔡宗榮,無,
嘉義縣布袋鎮岱江里,115/09/02,蔡螢鴻,無,
嘉義縣布袋鎮岱江里,115/09/03,蔡章源,無,
嘉義縣布袋鎮九龍里,115/09/02,蔡明宏,無,
嘉義縣布袋鎮岑海里,115/09/03,翁億頴,無,
嘉義縣布袋鎮興中里,115/08/31,蕭維漢,無,
嘉義縣布袋鎮興中里,115/09/01,蔡憶茹,無,
嘉義縣布袋鎮興中里,115/09/02,蔡俊凱,無,
嘉義縣布袋鎮光復里,115/09/02,蔡重慶,無,
嘉義縣布袋鎮見龍里,115/09/02,黃清基,無,
嘉義縣布袋鎮新厝里,115/09/01,蕭俊銘,無,
嘉義縣布袋鎮新厝里,115/09/02,蕭明展,無,
嘉義縣布袋鎮龍江里,115/09/02,蕭吳王珠,無,
嘉義縣布袋鎮新岑里,115/08/31,蔡政擧,無,
嘉義縣布袋鎮新民里,115/08/31,蔡承佑,無,
嘉義縣布袋鎮復興里,115/09/02,蘇清鴻,無,
嘉義縣布袋鎮好美里,115/09/02,蘇元勲,無,
嘉義縣布袋鎮永安里,115/09/01,邱添丁,無,
嘉義縣布袋鎮永安里,115/09/02,黃韋迪,無,
嘉義縣布袋鎮東港里,115/09/02,林榮泰,無,
嘉義縣布袋鎮東港里,115/09/03,許晋伍,無,
嘉義縣布袋鎮江山里,115/09/03,翁振家,無,
嘉義縣布袋鎮菜舖里,115/09/02,莊正得,無,
嘉義縣布袋鎮考試里,115/09/02,陳泰和,無,
嘉義縣布袋鎮振寮里,115/09/02,莊貴翔,無,
嘉義縣布袋鎮西安里,115/08/31,王仁靖,無,
嘉義縣布袋鎮西安里,115/08/31,王崇印,無,
嘉義縣布袋鎮東安里,115/08/31,陳兩傳,無,
嘉義縣布袋鎮東安里,115/09/03,陳良勝,無,
嘉義縣布袋鎮中安里,115/09/02,柳春暖,無,
嘉義縣布袋鎮中安里,115/09/03,李鴻銘,無,
嘉義縣布袋鎮樹林里,115/09/01,戴雅蘭,無,
嘉義縣布袋鎮貴舍里,115/09/01,郭鎧源,無,
嘉義縣布袋鎮貴舍里,115/09/02,吳麗雲,無,
嘉義縣大林鎮東林里,115/09/02,陳建安,無,
嘉義縣大林鎮西林里,115/08/31,黃金潭,無,
嘉義縣大林鎮西林里,115/09/02,劉建男,無,
嘉義縣大林鎮西林里,115/09/03,鄒志雄,無,
嘉義縣大林鎮吉林里,115/09/02,孫美鳳,無,
嘉義縣大林鎮平林里,115/08/31,葉秀齡,無,
嘉義縣大林鎮平林里,115/09/01,李哲霖,無,
嘉義縣大林鎮明華里,115/09/01,江志堅,無,
嘉義縣大林鎮明華里,115/09/03,劉燕山,無,
嘉義縣大林鎮明和里,115/08/31,李清課,無,
嘉義縣大林鎮明和里,115/08/31,吳錫祿,無,
嘉義縣大林鎮明和里,115/08/31,蔡富男,無,
嘉義縣大林鎮排路里,115/08/31,呂新章,無,
嘉義縣大林鎮排路里,115/09/02,張敬忠,無,
嘉義縣大林鎮西結里,115/08/31,蘇百希,無,
嘉義縣大林鎮西結里,115/08/31,黃萬得,無,
嘉義縣大林鎮湖北里,115/08/31,林昭松,無,
嘉義縣大林鎮湖北里,115/09/04,陳玲珠,無,
嘉義縣大林鎮湖北里,115/09/04,林長樂,無,
嘉義縣大林鎮大糖里,115/09/02,蕭淑芬,無,
嘉義縣大林鎮大美里,115/08/31,賴啓芳,無,
嘉義縣大林鎮大美里,115/09/02,蔡伯利,無,
嘉義縣大林鎮大美里,115/09/03,黃麗玲,無,
嘉義縣大林鎮過溪里,115/08/31,徐琬茹,無,
嘉義縣大林鎮過溪里,115/09/01,簡溪河,無,
嘉義縣大林鎮過溪里,115/09/02,簡明煌,無,
嘉義縣大林鎮中坑里,115/09/02,,無,
嘉義縣大林鎮上林里,115/08/31,陳煦湘,無,
嘉義縣大林鎮中林里,115/08/31,林勝立,無,
嘉義縣大林鎮中林里,115/09/04,蘇麗權,無,
嘉義縣大林鎮三和里,115/08/31,簡春山,無,
嘉義縣大林鎮三和里,115/09/04,劉昱宏,無,
嘉義縣大林鎮溝背里,115/09/02,江春源,無,
嘉義縣大林鎮義和里,115/08/31,簡聰應,無,
嘉義縣大林鎮義和里,115/09/02,劉香利,無,
嘉義縣大林鎮義和里,115/09/02,張啓君,無,
嘉義縣大林鎮內林里,115/09/02,簡和仁,無,
嘉義縣大林鎮內林里,115/09/04,洪清華,無,
嘉義縣大林鎮三角里,115/09/02,黃振南,無,
嘉義縣大林鎮三村里,115/09/02,黃瓊慧,無,
嘉義縣民雄鄉東榮村,115/08/31,張金富,無,
嘉義縣民雄鄉中樂村,115/09/01,洪源漳,無,
嘉義縣民雄鄉中樂村,115/09/04,劉榮裕,無,
嘉義縣民雄鄉西安村,115/09/01,江源發,無,
嘉義縣民雄鄉寮頂村,115/09/02,何蕭錦有,無,
嘉義縣民雄鄉福權村,115/09/02,賴建利,無,
嘉義縣民雄鄉福權村,115/09/03,楊文助,無,
嘉義縣民雄鄉東湖村,115/08/31,翁靜美,無,
嘉義縣民雄鄉東湖村,115/09/02,呂春木,無,
嘉義縣民雄鄉頂崙村,115/08/31,劉進興,無,
嘉義縣民雄鄉頂崙村,115/09/01,劉瑞仁,無,
嘉義縣民雄鄉頂崙村,115/09/03,劉育良,無,
嘉義縣民雄鄉菁埔村,115/09/02,何清鑫,無,
嘉義縣民雄鄉中和村,115/09/02,何石生,無,
嘉義縣民雄鄉平和村,115/09/02,鄭再樺,無,
嘉義縣民雄鄉平和村,115/09/03,王順富,無,
嘉義縣民雄鄉西昌村,115/09/02,張家福,無,
嘉義縣民雄鄉豊收村,115/08/31,陳明智,無,
嘉義縣民雄鄉豊收村,115/08/31,陳正溪,無,
嘉義縣民雄鄉三興村,115/09/02,莊柏桐,無,
嘉義縣民雄鄉三興村,115/09/02,王世仁,無,
嘉義縣民雄鄉三興村,115/09/03,夏佩君,無,
嘉義縣民雄鄉東興村,115/08/31,張政僑,無,
嘉義縣民雄鄉東興村,115/09/02,翁有義,無,
嘉義縣民雄鄉鎮北村,115/09/01,郭惠徵,無,
嘉義縣民雄鄉鎮北村,115/09/02,鄭漢上,無,
嘉義縣民雄鄉鎮北村,115/09/02,黃嘉富,無,
嘉義縣民雄鄉鎮北村,115/09/04,鄭明哲,無,
嘉義縣民雄鄉鎮北村,115/09/04,劉春養,無,
嘉義縣民雄鄉興中村,115/09/02,姚鋒鍾,無,
嘉義縣民雄鄉興南村,115/09/01,黃丞鈞,無,
嘉義縣民雄鄉福興村,115/09/02,林邦隆,無,
嘉義縣民雄鄉福興村,115/09/02,張永錚,無,
嘉義縣民雄鄉文隆村,115/09/02,黃琮壹,無,
嘉義縣民雄鄉山中村,115/09/04,鄭永欽,無,
嘉義縣民雄鄉中央村,115/09/01,劉文明,無,
嘉義縣民雄鄉中央村,115/09/03,何慶堃,無,
嘉義縣民雄鄉中央村,115/09/03,魏瑞杉,無,
嘉義縣民雄鄉中央村,115/09/04,郭鼎鑫,無,
嘉義縣民雄鄉北斗村,115/09/02,謝志宏,無,
嘉義縣民雄鄉北斗村,115/09/04,許博竣,無,
嘉義縣民雄鄉双福村,115/08/31,劉明同,無,
嘉義縣民雄鄉双福村,115/09/03,黃福元,無,
嘉義縣民雄鄉大崎村,115/08/31,陳谷全,無,
嘉義縣民雄鄉秀林村,115/09/02,林平峯,無,
嘉義縣民雄鄉松山村,115/08/31,何明煌,無,
嘉義縣民雄鄉松山村,115/08/31,周義明,無,
嘉義縣民雄鄉松山村,115/08/31,周炳立,無,
嘉義縣民雄鄉松山村,115/09/02,何昆洋,無,
嘉義縣民雄鄉金興村,115/09/01,何建明,無,
嘉義縣民雄鄉福樂村,115/08/31,王秋雯,無,
嘉義縣民雄鄉福樂村,115/09/02,簡啓仁,無,
嘉義縣民雄鄉新山村,115/09/01,許榮都,無,
嘉義縣民雄鄉新山村,115/09/01,黃英泰,無,
嘉義縣民雄鄉新山村,115/09/02,劉榮黨,無,
嘉義縣民雄鄉新山村,115/09/03,簡豪毅,無,
嘉義縣民雄鄉新山村,115/09/03,謝安妮,無,
嘉義縣溪口鄉溪東村,115/08/31,張有裕,無,
嘉義縣溪口鄉溪東村,115/09/02,謝陸成,無,
嘉義縣溪口鄉溪西村,115/09/02,曾景春,無,
嘉義縣溪口鄉溪北村,115/09/03,張躍達,無,
嘉義縣溪口鄉溪北村,115/09/03,劉軍耀,無,
嘉義縣溪口鄉游東村,115/09/01,邱茂森,無,
嘉義縣溪口鄉游西村,115/08/31,孫文信,無,
嘉義縣溪口鄉游西村,115/09/02,謝文華,無,
嘉義縣溪口鄉柴林村,115/09/02,王日生,無,
嘉義縣溪口鄉林腳村,115/08/31,許彩鳳,無,
嘉義縣溪口鄉美南村,115/08/31,陳文添,無,
嘉義縣溪口鄉美南村,115/09/04,陳金水,無,
嘉義縣溪口鄉美北村,115/08/31,陳淑惠,無,
嘉義縣溪口鄉美北村,115/09/02,陳崑木,無,
嘉義縣溪口鄉本厝村,115/09/03,葉得祿,無,
嘉義縣溪口鄉柳溝村,115/08/31,王永浚,無,
嘉義縣溪口鄉柳溝村,115/09/03,蔡茂欽,無,
嘉義縣溪口鄉柳溝村,115/09/03,何佳倫,無,
嘉義縣溪口鄉疊溪村,115/09/01,劉德福,無,
嘉義縣溪口鄉疊溪村,115/09/02,劉慶維,無,
嘉義縣溪口鄉妙崙村,115/09/02,張文昇,無,
嘉義縣溪口鄉妙崙村,115/09/03,黃仁宏,無,
嘉義縣溪口鄉坪頂村,115/09/02,謝淑濱,無,
嘉義縣溪口鄉坪頂村,115/09/02,鄭力升,無,
嘉義縣新港鄉宮前村,115/08/31,林榮霏,無,
嘉義縣新港鄉宮前村,115/08/31,邱聰益,無,
嘉義縣新港鄉宮後村,115/08/31,林啓瑞,無,
嘉義縣新港鄉宮後村,115/09/02,江麗屏,無,
嘉義縣新港鄉大興村,115/09/01,林益生,無,
嘉義縣新港鄉福德村,115/08/31,郭正欽,無,
嘉義縣新港鄉福德村,115/09/02,張振榮,無,
嘉義縣新港鄉古民村,115/08/31,黃英毅,無,
嘉義縣新港鄉古民村,115/08/31,王國章,無,
嘉義縣新港鄉古民村,115/09/04,蔡峻傑,無,
嘉義縣新港鄉中庄村,115/08/31,張秀安,無,
嘉義縣新港鄉大潭村,115/09/02,吳耀夏,無,
嘉義縣新港鄉大潭村,115/09/02,林宗慰,無,
嘉義縣新港鄉大潭村,115/09/04,林志長,無,
嘉義縣新港鄉西庄村,115/08/31,林保源,無,
嘉義縣新港鄉西庄村,115/08/31,梁勝萬,無,
嘉義縣新港鄉埤子村,115/08/31,鄭宏崎,無,
嘉義縣新港鄉南崙村,115/08/31,陳連海,無,
嘉義縣新港鄉南崙村,115/08/31,陳水信,無,
嘉義縣新港鄉南崙村,115/08/31,王張素女,無,
嘉義縣新港鄉北崙村,115/08/31,蔡秀芳,無,
嘉義縣新港鄉北崙村,115/08/31,陳素卿,無,
嘉義縣新港鄉海瀛村,115/09/02,郭祐旭,無,
嘉義縣新港鄉海瀛村,115/09/04,劉秀寬,無,
嘉義縣新港鄉月眉村,115/08/31,林明泰,無,
嘉義縣新港鄉月潭村,115/08/31,李冠樟,無,
嘉義縣新港鄉溪北村,115/08/31,李明棟,無,
嘉義縣新港鄉三間村,115/08/31,蕭金修,無,
嘉義縣新港鄉中洋村,115/09/01,江德欽,無,
嘉義縣新港鄉菜公村,115/08/31,林黃秀玉,無,
嘉義縣新港鄉菜公村,115/09/03,謝孟君,無,
嘉義縣新港鄉安和村,115/08/31,吳崑崗,無,
嘉義縣新港鄉安和村,115/09/01,陳利生,無,
嘉義縣新港鄉潭大村,115/08/31,江錦澤,無,
嘉義縣新港鄉南港村,115/08/31,鄭錦煌,無,
嘉義縣新港鄉南港村,115/09/04,陳建樺,無,
嘉義縣新港鄉板頭村,115/08/31,杜徐灑,無,
嘉義縣新港鄉板頭村,115/09/03,謝奇麟,無,
嘉義縣新港鄉共和村,115/08/31,洪金成,無,
嘉義縣新港鄉共和村,115/09/04,洪閤鍵,無,
嘉義縣六腳鄉蒜頭村,115/09/01,呂松助,無,
嘉義縣六腳鄉蒜東村,115/09/03,侯文通,無,
嘉義縣六腳鄉蒜南村,115/08/31,黃福,無,
嘉義縣六腳鄉蒜南村,115/09/04,陳振寬,無,
嘉義縣六腳鄉工廠村,115/09/02,黃江正,無,
嘉義縣六腳鄉灣南村,115/09/02,陳國志,無,
嘉義縣六腳鄉灣南村,115/09/02,黃品勝,無,
嘉義縣六腳鄉灣北村,115/09/02,陳日炎,無,
嘉義縣六腳鄉灣北村,115/09/04,陳嘉賢,無,
嘉義縣六腳鄉雙涵村,115/09/02,陳鶴松,無,
嘉義縣六腳鄉雙涵村,115/09/03,陳奕安,無,
嘉義縣六腳鄉塗師村,115/08/31,侯新發,無,
嘉義縣六腳鄉三義村,115/08/31,蔡聰享,無,
嘉義縣六腳鄉港美村,115/08/31,林哲祥,無,
嘉義縣六腳鄉港美村,115/09/02,黃昱賓,無,
嘉義縣六腳鄉豐美村,115/09/01,林燕霜,無,
嘉義縣六腳鄉豐美村,115/09/02,黃在崎,無,
嘉義縣六腳鄉六斗村,115/08/31,康珍,無,
嘉義縣六腳鄉崙陽村,115/08/31,蘇芳雅,無,
嘉義縣六腳鄉崙陽村,115/09/02,洪坤雄,無,
嘉義縣六腳鄉崙陽村,115/09/02,蔡添丁,無,
嘉義縣六腳鄉蘇厝村,115/08/31,蘇富雄,無,
嘉義縣六腳鄉竹本村,115/09/01,莊正光,無,
嘉義縣六腳鄉竹本村,115/09/02,陳偉世,無,
嘉義縣六腳鄉永賢村,115/09/02,陳永誠,無,
嘉義縣六腳鄉永賢村,115/09/04,楊淑惠,無,
嘉義縣六腳鄉魚寮村,115/09/01,莊明溪,無,
嘉義縣六腳鄉魚寮村,115/09/02,陳金照,無,
嘉義縣六腳鄉潭墘村,115/09/02,戴阿敬,無,
嘉義縣六腳鄉潭墘村,115/09/02,王金山,無,
嘉義縣六腳鄉正義村,115/09/04,林麗珍,無,
嘉義縣六腳鄉溪厝村,115/09/02,黃柏瑄,無,
嘉義縣六腳鄉六腳村,115/08/31,呂忠信,無,
嘉義縣六腳鄉六腳村,115/08/31,陳日春,無,
嘉義縣六腳鄉六南村,115/09/02,楊惠誌,無,
嘉義縣六腳鄉崩山村,115/08/31,謝英彬,無,
嘉義縣六腳鄉崩山村,115/09/02,周石松,無,
嘉義縣六腳鄉崩山村,115/09/04,林育德,無,
嘉義縣六腳鄉古林村,115/09/02,吳嘉旺,無,
嘉義縣六腳鄉古林村,115/09/04,吳敏雄,無,
嘉義縣六腳鄉更寮村,115/08/31,李崑峯,無,
嘉義縣六腳鄉更寮村,115/08/31,吳孟撰,無,
嘉義縣東石鄉東石村,115/08/31,黃明雄,無,
嘉義縣東石鄉東石村,115/09/02,黃錫雄,無,
嘉義縣東石鄉猿樹村,115/09/02,黃聰吉,無,
嘉義縣東石鄉型厝村,115/09/02,黃進忠,無,
嘉義縣東石鄉塭港村,115/09/03,許錫林,無,
嘉義縣東石鄉三家村,115/08/31,蕭振部,無,
嘉義縣東石鄉永屯村,115/09/03,陳智煌,無,
嘉義縣東石鄉海埔村,115/09/02,鄭國幸,無,
嘉義縣東石鄉龍港村,115/09/03,吳振德,無,
嘉義縣東石鄉副瀨村,115/08/31,林泰平,無,
嘉義縣東石鄉副瀨村,115/09/04,柯祝文,無,
嘉義縣東石鄉下揖村,115/09/02,陳慶堂,無,
嘉義縣東石鄉頂揖村,115/09/02,張麗霞,無,
嘉義縣東石鄉頂揖村,115/09/04,陳慶樂,無,
嘉義縣東石鄉溪下村,115/09/02,張居雙,無,
嘉義縣東石鄉港墘村,115/09/01,嚴玄明,無,
嘉義縣東石鄉港墘村,115/09/03,鄭弼卿,無,
嘉義縣東石鄉港墘村,115/09/03,陳圻軒,無,
嘉義縣東石鄉蔦松村,115/08/31,余澄溪,無,
嘉義縣東石鄉蔦松村,115/09/01,余建德,無,
嘉義縣東石鄉圍潭村,115/09/02,莊讚芬,無,
嘉義縣東石鄉圍潭村,115/09/02,莊茂龍,無,
嘉義縣東石鄉洲仔村,115/08/31,鄭清木,無,
嘉義縣東石鄉東崙村,115/08/31,王木源,無,
嘉義縣東石鄉東崙村,115/09/03,陳國堂,無,
嘉義縣東石鄉東崙村,115/09/04,鄭存佑,無,
嘉義縣東石鄉西崙村,115/08/31,唐啓泰,無,
嘉義縣東石鄉西崙村,115/09/04,鄭王秀媛,無,
嘉義縣東石鄉塭仔村,115/08/31,蘇梁峰,無,
嘉義縣東石鄉塭仔村,115/08/31,鄭叁泰,無,
嘉義縣東石鄉網寮村,115/09/01,陳鯤溟,無,
嘉義縣東石鄉網寮村,115/09/03,戴慶堂,無,
嘉義縣東石鄉掌潭村,115/09/02,李奮籐,無,
嘉義縣東石鄉掌潭村,115/09/03,蕭榮馨,無,
嘉義縣東石鄉掌潭村,115/09/04,蕭世禾,無,
嘉義縣東石鄉港口村,115/08/31,楊峻明,無,
嘉義縣東石鄉港口村,115/09/02,丁振管,無,
嘉義縣東石鄉鰲鼓村,115/09/02,李銘春,無,
嘉義縣義竹鄉岸腳村,115/08/31,卓榮宏,無,
嘉義縣義竹鄉岸腳村,115/09/03,翁黃幸栢,無,
嘉義縣義竹鄉義竹村,115/09/02,謝文彬,無,
嘉義縣義竹鄉義竹村,115/09/04,翁榮輝,無,
嘉義縣義竹鄉六桂村,115/09/03,黃江山,無,
嘉義縣義竹鄉仁里村,115/09/02,翁群政,無,
嘉義縣義竹鄉仁里村,115/09/03,李維傑,無,
嘉義縣義竹鄉傳芳村,115/08/31,翁璋賜,無,
嘉義縣義竹鄉傳芳村,115/08/31,翁瑞芳,無,
嘉義縣義竹鄉傳芳村,115/09/04,翁婉榛,無,
嘉義縣義竹鄉頭竹村,115/09/02,黃榮利,無,
嘉義縣義竹鄉五厝村,115/09/02,顏恭誠,無,
嘉義縣義竹鄉五厝村,115/09/02,顏廷宇,無,
嘉義縣義竹鄉中平村,115/09/04,謝勝麒,無,
嘉義縣義竹鄉埤前村,115/09/02,蔡榮文,無,
嘉義縣義竹鄉埤前村,115/09/02,潘順慶,無,
嘉義縣義竹鄉平溪村,115/09/01,溫哲男,無,
嘉義縣義竹鄉平溪村,115/09/02,林有德,無,
嘉義縣義竹鄉後鎮村,115/09/02,張耿豪,無,
嘉義縣義竹鄉後鎮村,115/09/04,林茂欽,無,
嘉義縣義竹鄉北華村,115/08/31,周銘修,無,
嘉義縣義竹鄉北華村,115/08/31,蔡明賢,無,
嘉義縣義竹鄉新店村,115/09/02,王源溫,無,
嘉義縣義竹鄉新店村,115/09/02,葉朝賢,無,
嘉義縣義竹鄉東過村,115/09/02,康榮郎,無,
嘉義縣義竹鄉西過村,115/09/02,曾旭村,無,
嘉義縣義竹鄉官和村,115/09/01,王鐘啓,無,
嘉義縣義竹鄉官順村,115/09/01,蘇正郎,無,
嘉義縣義竹鄉官順村,115/09/02,陳啟宏,無,
嘉義縣義竹鄉新富村,115/09/02,林福傳,無,
嘉義縣義竹鄉新富村,115/09/02,何宇程,無,
嘉義縣義竹鄉東光村,115/09/02,趙崇福,無,
嘉義縣義竹鄉東榮村,115/08/31,陳光輝,無,
嘉義縣義竹鄉龍蛟村,115/09/02,黃銘弘,無,
嘉義縣義竹鄉龍蛟村,115/09/02,鄭梅蘭,無,
嘉義縣義竹鄉溪洲村,115/09/02,鄭黃君誠,無,
嘉義縣鹿草鄉後寮村,115/08/31,汪宗生,無,
嘉義縣鹿草鄉後寮村,115/09/03,侯宜均,無,
嘉義縣鹿草鄉鹿東村,115/08/31,廖良山,無,
嘉義縣鹿草鄉鹿東村,115/08/31,陳重安,無,
嘉義縣鹿草鄉鹿草村,115/09/02,陳天謀,無,
嘉義縣鹿草鄉鹿草村,115/09/04,黃明旺,無,
嘉義縣鹿草鄉西井村,115/09/02,黃德旺,無,
嘉義縣鹿草鄉西井村,115/09/02,陳俊安,無,
嘉義縣鹿草鄉豊稠村,115/09/02,柯百倡,無,
嘉義縣鹿草鄉重寮村,115/08/31,張群輝,無,
嘉義縣鹿草鄉施家村,115/09/01,施青宏,無,
嘉義縣鹿草鄉下潭村,115/08/31,吳明世,無,
嘉義縣鹿草鄉下潭村,115/09/02,吳輝臨,無,
嘉義縣鹿草鄉光潭村,115/09/01,郭豐銘,無,
嘉義縣鹿草鄉碧潭村,115/08/31,林庚辛,無,
嘉義縣鹿草鄉碧潭村,115/09/02,林芳慶,無,
嘉義縣鹿草鄉松竹村,115/09/03,林明助,無,
嘉義縣鹿草鄉竹山村,115/08/31,蔡鴻章,無,
嘉義縣鹿草鄉竹山村,115/09/03,歐陽群宏,無,
嘉義縣鹿草鄉後堀村,115/09/02,陳信同,無,
嘉義縣鹿草鄉三角村,115/08/31,黃家昌,無,
嘉義縣鹿草鄉三角村,115/09/04,黃忠明,無,
嘉義縣鹿草鄉下麻村,115/08/31,施曉貞,無,
嘉義縣鹿草鄉下麻村,115/09/01,蔡慶成,無,
嘉義縣鹿草鄉下麻村,115/09/02,張世榮,無,
嘉義縣水上鄉水上村,115/09/01,林家逸,無,
嘉義縣水上鄉水上村,115/09/02,潘建成,無,
嘉義縣水上鄉水上村,115/09/02,呂玉治,無,
嘉義縣水上鄉水頭村,115/09/01,黃桂湄,無,
嘉義縣水上鄉水頭村,115/09/02,黃民維,無,
嘉義縣水上鄉大堀村,115/08/31,黃存吉,無,
嘉義縣水上鄉大堀村,115/09/02,賴崑榮,無,
嘉義縣水上鄉大崙村,115/09/02,沈建村,無,
嘉義縣水上鄉大崙村,115/09/03,呂文煜,無,
嘉義縣水上鄉塗溝村,115/09/02,呂銘珍,無,
嘉義縣水上鄉粗溪村,115/09/02,曾龍興,無,
嘉義縣水上鄉粗溪村,115/09/03,黃寶珍,中國國民黨,
嘉義縣水上鄉下寮村,115/09/02,陳正修,無,
嘉義縣水上鄉下寮村,115/09/02,陳順增,無,
嘉義縣水上鄉三和村,115/09/02,鍾文一,無,
嘉義縣水上鄉三和村,115/09/02,曾宏儒,無,
嘉義縣水上鄉回歸村,115/09/02,李福來,無,
嘉義縣水上鄉回歸村,115/09/04,鄭凱升,無,
嘉義縣水上鄉三鎮村,115/09/01,林志忠,中國國民黨,
嘉義縣水上鄉靖和村,115/09/03,蘇慶光,無,
嘉義縣水上鄉南和村,115/09/02,羅錕毅,無,
嘉義縣水上鄉南和村,115/09/02,施伯坤,無,
嘉義縣水上鄉龍德村,115/08/31,林志坤,無,
嘉義縣水上鄉龍德村,115/09/02,林建呈,無,
嘉義縣水上鄉溪洲村,115/09/01,林基農,無,
嘉義縣水上鄉柳林村,115/08/31,黃秋豪,無,
嘉義縣水上鄉柳林村,115/09/01,方秋山,無,
嘉義縣水上鄉柳鄉村,115/08/31,黃義坤,無,
嘉義縣水上鄉柳鄉村,115/09/01,黃達裕,無,
嘉義縣水上鄉柳鄉村,115/09/03,徐淑瑂,無,
嘉義縣水上鄉柳新村,115/08/31,陳皇如,無,
嘉義縣水上鄉柳新村,115/09/03,葉炳榮,無,
嘉義縣水上鄉柳新村,115/09/03,林雅惠,無,
嘉義縣水上鄉寬士村,115/08/31,黃榮郎,無,
嘉義縣水上鄉民生村,115/08/31,鍾桂葉,無,
嘉義縣水上鄉民生村,115/09/02,吳彥騰,無,
嘉義縣水上鄉忠和村,115/09/04,張順興,無,
嘉義縣水上鄉中庄村,115/09/02,張文典,無,
嘉義縣水上鄉中庄村,115/09/03,陳武秋,無,
嘉義縣水上鄉南鄉村,115/08/31,謝魏雪鳯,無,
嘉義縣水上鄉三界村,115/09/02,陳瑞月,無,
嘉義縣水上鄉三界村,115/09/03,陳重鏞,無,
嘉義縣水上鄉國姓村,115/09/02,林信安,無,
嘉義縣水上鄉內溪村,115/08/31,黃文正,無,
嘉義縣水上鄉內溪村,115/08/31,黃金龍,無,
嘉義縣水上鄉內溪村,115/09/02,黃炳輝,無,
嘉義縣水上鄉內溪村,115/09/02,賴沛瑩,無,
嘉義縣水上鄉義興村,115/09/03,陳美英,無,
嘉義縣中埔鄉中埔村,115/09/02,游淑貞,無,
嘉義縣中埔鄉塩舘村,115/09/02,魏明焌,無,
嘉義縣中埔鄉塩舘村,115/09/04,陳火盛,無,
嘉義縣中埔鄉龍門村,115/09/02,張羅麵粉,無,
嘉義縣中埔鄉裕民村,115/09/02,方進財,無,
嘉義縣中埔鄉裕民村,115/09/03,向國政,無,
嘉義縣中埔鄉金蘭村,115/08/31,陳盈良,無,
嘉義縣中埔鄉金蘭村,115/09/02,張石彈,無,
嘉義縣中埔鄉富收村,115/08/31,蕭清忠,無,
嘉義縣中埔鄉富收村,115/09/03,邱琮富,無,
嘉義縣中埔鄉和睦村,115/08/31,賴憲義,無,
嘉義縣中埔鄉和美村,115/09/02,黃怡婷,無,
嘉義縣中埔鄉和美村,115/09/04,林建州,無,
嘉義縣中埔鄉和興村,115/08/31,林晴薰,無,
嘉義縣中埔鄉和興村,115/09/02,劉守仁,無,
嘉義縣中埔鄉和興村,115/09/04,韋綱松,無,
嘉義縣中埔鄉隆興村,115/08/31,梁清輝,無,
嘉義縣中埔鄉義仁村,115/09/01,黃榮義,無,
嘉義縣中埔鄉社口村,115/09/02,邱振國,無,
嘉義縣中埔鄉社口村,115/09/04,龔良榮,無,
嘉義縣中埔鄉灣潭村,115/09/02,林育葶,無,
嘉義縣中埔鄉石硦村,115/09/02,凃旺成,無,
嘉義縣中埔鄉頂埔村,115/08/31,賴正謀,無,
嘉義縣中埔鄉頂埔村,115/09/02,羅偉銘,無,
嘉義縣中埔鄉同仁村,115/09/02,劉俊男,無,
嘉義縣中埔鄉同仁村,115/09/03,呂平順,無,
嘉義縣中埔鄉瑞豐村,115/09/02,陳鍠相,無,
嘉義縣中埔鄉瑞豐村,115/09/04,陳章瑞,無,
嘉義縣中埔鄉沄水村,115/08/31,羅芬鶯,無,
嘉義縣中埔鄉沄水村,115/09/02,何長運,無,
嘉義縣中埔鄉三層村,115/08/31,賴燦北,無,
嘉義縣中埔鄉三層村,115/09/01,謝宗城,無,
嘉義縣中埔鄉深坑村,115/08/31,邱成佑,無,
嘉義縣中埔鄉東興村,115/09/02,曾正發,無,
嘉義縣中埔鄉中崙村,115/09/02,謝文科,無,
嘉義縣竹崎鄉竹崎村,115/09/02,詹惠芬,無,
嘉義縣竹崎鄉竹崎村,115/09/03,游素秋,無,
嘉義縣竹崎鄉竹崎村,115/09/04,陳昭良,無,
嘉義縣竹崎鄉和平村,115/09/02,許全模,無,
嘉義縣竹崎鄉和平村,115/09/03,何弘勝,無,
嘉義縣竹崎鄉坑頭村,115/09/03,王麗芬,無,
嘉義縣竹崎鄉坑頭村,115/09/03,蕭吳青,無,
嘉義縣竹崎鄉沙坑村,115/09/03,蕭火耀,無,
嘉義縣竹崎鄉沙坑村,115/09/03,黃秋綢,無,
嘉義縣竹崎鄉獅埜村,115/09/02,莊金桐,無,
嘉義縣竹崎鄉義和村,115/09/03,鄭隆興,無,
嘉義縣竹崎鄉義仁村,115/09/02,蔡秉諧,無,
嘉義縣竹崎鄉義仁村,115/09/04,蔡宜蓁,無,
嘉義縣竹崎鄉灣橋村,115/09/02,戴柄豐,無,
嘉義縣竹崎鄉灣橋村,115/09/03,洪安定,無,
嘉義縣竹崎鄉鹿滿村,115/08/31,林乙均,無,
嘉義縣竹崎鄉鹿滿村,115/09/03,林添居,無,
嘉義縣竹崎鄉紫雲村,115/09/02,蕭俊良,無,
嘉義縣竹崎鄉紫雲村,115/09/03,賴俊誠,無,
嘉義縣竹崎鄉內埔村,115/09/02,林甜,無,
嘉義縣竹崎鄉昇平村,115/09/01,邱淑眞,無,
嘉義縣竹崎鄉昇平村,115/09/02,柳皇安,無,
嘉義縣竹崎鄉白杞村,115/09/02,林重男,無,
嘉義縣竹崎鄉白杞村,115/09/04,羅燕輝,無,
嘉義縣竹崎鄉桃源村,115/09/01,林繼麟,無,
嘉義縣竹崎鄉桃源村,115/09/02,林俊和,無,
嘉義縣竹崎鄉塘興村,115/09/03,劉錚謨,無,
嘉義縣竹崎鄉義隆村,115/09/03,林建明,無,
嘉義縣竹崎鄉義隆村,115/09/04,何世岳,無,
嘉義縣竹崎鄉龍山村,115/09/02,李樺鑫,無,
嘉義縣竹崎鄉文峯村,115/08/31,陳建宗,無,
嘉義縣竹崎鄉文峯村,115/09/03,王泳焜,無,
嘉義縣竹崎鄉金獅村,115/09/01,李麒麟,無,
嘉義縣竹崎鄉金獅村,115/09/02,林炳煌,無,
嘉義縣竹崎鄉復金村,115/09/03,劉國輝,無,
嘉義縣竹崎鄉緞繻村,115/09/02,蕭素惠,無,
嘉義縣竹崎鄉仁壽村,115/09/02,王陳素梅,無,
嘉義縣竹崎鄉仁壽村,115/09/03,余守堡,無,
嘉義縣竹崎鄉仁壽村,115/09/03,,無,
嘉義縣竹崎鄉中和村,115/09/02,洪銀盛,無,
嘉義縣竹崎鄉光華村,115/09/02,劉佳縣,無,
嘉義縣竹崎鄉光華村,115/09/03,鄧德勝,無,
嘉義縣梅山鄉梅東村,115/09/03,劉文科,無,
嘉義縣梅山鄉梅南村,115/09/04,王紹榮,無,
嘉義縣梅山鄉梅南村,115/09/02,涂明賢,無,
嘉義縣梅山鄉過山村,115/09/02,徐金龍,無,
嘉義縣梅山鄉過山村,115/09/03,吳明岩,無,
嘉義縣梅山鄉梅北村,115/09/03,黃月英,無,
嘉義縣梅山鄉梅北村,115/09/03,施淵元,無,
嘉義縣梅山鄉圳南村,115/09/03,江瑞淵,無,
嘉義縣梅山鄉永興村,115/09/03,劉耀坤,無,
嘉義縣梅山鄉半天村,115/09/02,陳肇欽,無,
嘉義縣梅山鄉半天村,115/09/03,朱文重,無,
嘉義縣梅山鄉圳北村,115/09/03,郭聰明,無,
嘉義縣梅山鄉大南村,115/09/02,胡錦雀,無,
嘉義縣梅山鄉大南村,115/09/03,吳順源,無,
嘉義縣梅山鄉大南村,115/09/03,鍾文堂,無,
嘉義縣梅山鄉双溪村,115/09/03,楊國賓,無,
嘉義縣梅山鄉双溪村,115/09/03,吳嘉仁,無,
嘉義縣梅山鄉安靖村,115/09/02,黃坤水,無,
嘉義縣梅山鄉安靖村,115/09/03,羅清洲,無,
嘉義縣梅山鄉太平村,115/08/31,簡石胆,無,
嘉義縣梅山鄉太平村,115/08/31,嚴清雅,無,
嘉義縣梅山鄉碧湖村,115/09/03,陳良欣,無,
嘉義縣梅山鄉碧湖村,115/09/03,陳明勝,無,
嘉義縣梅山鄉太興村,115/09/02,葉榮騰,無,
嘉義縣梅山鄉瑞峯村,115/09/03,吳信忠,無,
嘉義縣梅山鄉瑞里村,115/09/03,林相卿,無,
嘉義縣梅山鄉太和村,115/09/02,官國翔,無,
嘉義縣梅山鄉龍眼村,115/09/03,曾崇勝,無,
嘉義縣番路鄉江西村,115/09/01,陳素卿,無,
嘉義縣番路鄉內甕村,115/09/02,江金麟,無,
嘉義縣番路鄉內甕村,115/09/03,張景添,無,
嘉義縣番路鄉新福村,115/09/03,江啓賓,無,
嘉義縣番路鄉下坑村,115/09/03,李啟榮,無,
嘉義縣番路鄉番路村,115/09/03,謝居彰,無,
嘉義縣番路鄉民和村,115/09/03,蔡海選,無,
嘉義縣番路鄉觸口村,115/09/01,鄭建泰,無,
嘉義縣番路鄉大湖村,115/09/03,邱林秀美,無,
嘉義縣番路鄉公田村,115/08/31,閃念慈,無,
嘉義縣番路鄉公田村,115/09/02,陳良典,無,
嘉義縣番路鄉公興村,115/09/03,張俊國,無,
嘉義縣番路鄉草山村,115/08/31,翁榮顯,無,
嘉義縣番路鄉草山村,115/09/02,曾秋月,無,
嘉義縣番路鄉草山村,115/09/03,陳良義,無,
嘉義縣大埔鄉大埔村,115/09/02,王義華,無,
嘉義縣大埔鄉大埔村,115/09/03,陳天助,無,
嘉義縣大埔鄉大埔村,115/09/04,賴文斌,無,
嘉義縣大埔鄉和平村,115/09/03,吳慶煌,無,
嘉義縣大埔鄉和平村,115/09/04,余孟威,無,
嘉義縣大埔鄉永樂村,115/09/02,劉秋香,無,
嘉義縣大埔鄉茄苳村,115/09/02,張連進,無,
嘉義縣大埔鄉茄苳村,115/09/03,劉建男,無,
嘉義縣大埔鄉西興村,115/09/03,林昆廣,無,
嘉義縣阿里山鄉中山村,115/08/31,朱海良,無,
嘉義縣阿里山鄉中正村,115/08/31,林孝州,無,
嘉義縣阿里山鄉中正村,115/09/02,陳煌仁,無,
嘉義縣阿里山鄉香林村,115/08/31,陳勝安,無,
嘉義縣阿里山鄉十字村,115/08/31,許瑞文,無,
嘉義縣阿里山鄉十字村,115/09/01,楊兼懷,無,
嘉義縣阿里山鄉來吉村,115/09/02,武正清,無,
嘉義縣阿里山鄉豐山村,115/09/02,陳建富,無,
嘉義縣阿里山鄉達邦村,115/09/02,莊有為,無,
嘉義縣阿里山鄉達邦村,115/09/02,浦維德,無,
嘉義縣阿里山鄉達邦村,115/09/03,方進富,無,
嘉義縣阿里山鄉達邦村,115/09/03,汪金財,無,
嘉義縣阿里山鄉樂野村,115/09/02,汪士傑,無,
嘉義縣阿里山鄉樂野村,115/09/02,汪啟聖,無,
嘉義縣阿里山鄉里佳村,115/09/02,安高德,無,
嘉義縣阿里山鄉山美村,115/09/01,莊信義,無,
嘉義縣阿里山鄉山美村,115/09/04,汪翰,無,
嘉義縣阿里山鄉新美村,115/09/03,莊良賢,無,
嘉義縣阿里山鄉茶山村,115/09/01,賴宥任,無,
嘉義縣阿里山鄉茶山村,115/09/03,李立德,無,
嘉義縣阿里山鄉茶山村,115/09/03,莊立德,無,
屏東縣屏東市光榮里,115/08/31,周順風,無,
屏東縣屏東市光榮里,115/09/04,許文娟,無,
屏東縣屏東市大同里,115/09/02,張美娥,中國國民黨,
屏東縣屏東市大同里,115/09/04,劉鳳美,無,
屏東縣屏東市大埔里,115/08/31,陳慶發,無,
屏東縣屏東市維新里,115/09/01,陳基富,無,
屏東縣屏東市維新里,115/09/02,林文祥,無,
屏東縣屏東市楠樹里,115/08/31,伍靜華,無,
屏東縣屏東市楠樹里,115/08/31,周秀艶,無,
屏東縣屏東市楠樹里,115/09/01,潘達賢,無,
屏東縣屏東市楠樹里,115/09/02,詹士霆,無,
屏東縣屏東市金泉里,115/09/03,洪妙旻,無,
屏東縣屏東市金泉里,115/09/04,黃茂銘,無,
屏東縣屏東市金泉里,115/09/04,鄭淑英,無,
屏東縣屏東市橋南里,115/08/31,吳富美,無,
屏東縣屏東市橋南里,115/09/01,王亭懿,無,
屏東縣屏東市橋南里,115/09/03,蔡舜賢,無,
屏東縣屏東市橋北里,115/09/02,羅福盛,無,
屏東縣屏東市長春里,115/08/31,翁惠琴,無,
屏東縣屏東市長春里,115/09/01,涂文昌,無,
屏東縣屏東市長春里,115/09/01,黃勝泰,無,
屏東縣屏東市長春里,115/09/03,陳君怡,無,
屏東縣屏東市豐榮里,115/08/31,陳素貞,無,
屏東縣屏東市豐源里,115/09/04,丁國庭,無,
屏東縣屏東市豐田里,115/09/01,賴彥辰,無,
屏東縣屏東市豐田里,115/09/02,董怡民,中國國民黨,
屏東縣屏東市大連里,115/09/02,董憲坤,無,
屏東縣屏東市湖西里,115/09/01,陳進忠,無,
屏東縣屏東市湖南里,115/08/31,王正龍,無,
屏東縣屏東市湖南里,115/09/02,陳榮文,無,
屏東縣屏東市歸心里,115/08/31,陳文財,無,
屏東縣屏東市瑞光里,115/08/31,莊新濤,無,
屏東縣屏東市瑞光里,115/09/02,盧逸洋,中國國民黨,
屏東縣屏東市新生里,115/09/02,邱正誠,無,
屏東縣屏東市頂宅里,115/08/31,郭施美玉,無,
屏東縣屏東市厚生里,115/08/31,許世在,無,
屏東縣屏東市建國里,115/09/02,何若羚,無,
屏東縣屏東市建國里,115/09/02,賴秋童,無,
屏東縣屏東市建國里,115/09/02,劉宇綾,無,
屏東縣屏東市建國里,115/09/04,黃馨慧,無,
屏東縣屏東市一心里,115/09/03,張展榮,中國國民黨,
屏東縣屏東市一心里,115/09/04,施信安,無,
屏東縣屏東市義勇里,115/08/31,張景鈦,無,
屏東縣屏東市義勇里,115/09/02,盧泓元,無,
屏東縣屏東市義勇里,115/09/02,陳威伸,中國國民黨,
屏東縣屏東市永安里,115/09/01,陳家和,無,
屏東縣屏東市新興里,115/08/31,傅士熒,無,
屏東縣屏東市新興里,115/09/04,林俊榮,無,
屏東縣屏東市公館里,115/08/31,丁政瑞,無,
屏東縣屏東市公館里,115/09/02,黃麗珍,無,
屏東縣屏東市龍華里,115/08/31,許進昌,無,
屏東縣屏東市玉成里,115/09/02,簡同慰,無,
屏東縣屏東市頂柳里,115/08/31,邱福三,無,
屏東縣屏東市大湖里,115/08/31,方順豐,無,
屏東縣屏東市安鎮里,115/08/31,黃寶霞,無,
屏東縣屏東市安鎮里,115/09/01,周志方,無,
屏東縣屏東市永光里,115/09/01,鄭元興,無,
屏東縣屏東市大洲里,115/08/31,蘇勝文,無,
屏東縣屏東市大洲里,115/09/02,洪幸穗,無,
屏東縣屏東市大武里,115/09/01,陳啓常,無,
屏東縣屏東市大武里,115/09/02,林正霖,中國國民黨,
屏東縣屏東市大武里,115/09/02,辜石清,無,
屏東縣屏東市大武里,115/09/02,蔡永智,無,
屏東縣屏東市前進里,115/09/02,陳盈翰,無,
屏東縣屏東市前進里,115/09/03,余清泉,無,
屏東縣屏東市前進里,115/09/03,王泰益,無,
屏東縣屏東市前進里,115/09/04,黃鈺宸,無,
屏東縣屏東市清溪里,115/08/31,劉素娟,無,
屏東縣屏東市清溪里,115/09/01,郭銘璋,無,
屏東縣屏東市長安里,115/09/03,王基地,無,
屏東縣屏東市長安里,115/09/03,吳魁剛,無,
屏東縣屏東市斯文里,115/09/02,邱芳珠,無,
屏東縣屏東市斯文里,115/09/03,施美如,無,
屏東縣屏東市華山里,115/09/02,謝沅廷,無,
屏東縣屏東市華山里,115/09/03,邱修逸,無,
屏東縣屏東市中正里,115/09/02,李育丞,無,
屏東縣屏東市勝利里,115/08/31,孔豐榮,無,
屏東縣屏東市勝利里,115/09/02,龔麗萍,無,
屏東縣屏東市永城里,115/09/01,陳東鵬,無,
屏東縣屏東市永城里,115/09/02,馮增可,中國國民黨,
屏東縣屏東市永城里,115/09/02,柳順農,無,
屏東縣屏東市永城里,115/09/02,林志勲,無,
屏東縣屏東市永城里,115/09/03,蔡玉霈,無,
屏東縣屏東市溝美里,115/09/02,陳秋明,無,
屏東縣屏東市北勢里,115/08/31,洪永烈,無,
屏東縣屏東市北勢里,115/08/31,邱淑眞,無,
屏東縣屏東市北勢里,115/08/31,陳有利,無,
屏東縣屏東市北興里,115/08/31,陳約禎,無,
屏東縣屏東市北興里,115/09/03,王昭密,無,
屏東縣屏東市仁愛里,115/08/31,莊正旭,無,
屏東縣屏東市廣興里,115/08/31,王順成,無,
屏東縣屏東市廣興里,115/09/02,陳燕周,無,
屏東縣屏東市崇蘭里,115/09/02,賴榮彬,中國國民黨,
屏東縣屏東市崇蘭里,115/09/02,漆明珍,無,
屏東縣屏東市空翔里,115/09/02,祝毅成,中國國民黨,
屏東縣屏東市潭墘里,115/09/02,廖崑竹,無,
屏東縣屏東市潭墘里,115/09/02,李佳蓁,中國國民黨,
屏東縣屏東市三山里,115/08/31,蔡國忠,無,
屏東縣屏東市三山里,115/09/03,林芬霞,無,
屏東縣屏東市海豐里,115/08/31,陳振武,無,
屏東縣屏東市仁義里,115/09/02,游英貴,無,
屏東縣屏東市仁義里,115/09/02,楊詒珺,無,
屏東縣屏東市和興里,115/09/03,蔡晉成,無,
屏東縣屏東市信和里,115/09/03,張世昌,無,
屏東縣屏東市崇武里,115/09/02,戴麒泰,無,
屏東縣屏東市崇武里,115/09/03,馬彥平,中國國民黨,
屏東縣屏東市豐年里,115/09/02,蕭源聖,中國國民黨,
屏東縣屏東市崇陽里,115/09/02,吳靜苑,無,
屏東縣屏東市崇陽里,115/09/02,湯欽福,中國國民黨,
屏東縣屏東市公園里,115/09/02,吳全雅,中國國民黨,
屏東縣潮州鎮潮州里,115/09/02,李思慧,無,
屏東縣潮州鎮潮州里,115/09/02,朱祐馴,無,
屏東縣潮州鎮同榮里,115/09/02,江維珍,無,
屏東縣潮州鎮同榮里,115/09/04,趙文勝,無,
屏東縣潮州鎮新榮里,115/09/01,蔡淑幸,無,
屏東縣潮州鎮新榮里,115/09/03,陳冠璋,無,
屏東縣潮州鎮新生里,115/08/31,洪偉㨗,無,
屏東縣潮州鎮新生里,115/09/01,林吉良,無,
屏東縣潮州鎮新生里,115/09/01,陳春信,無,
屏東縣潮州鎮新生里,115/09/02,詹錦宗,無,
屏東縣潮州鎮光華里,115/09/01,鍾庭滿,無,
屏東縣潮州鎮光華里,115/09/03,羅世宏,無,
屏東縣潮州鎮彭城里,115/08/31,劉國成,無,
屏東縣潮州鎮三星里,115/09/02,劉清豪,無,
屏東縣潮州鎮三星里,115/09/02,簡新發,無,
屏東縣潮州鎮三星里,115/09/02,陳娀安,無,
屏東縣潮州鎮三共里,115/08/31,王綉珍,無,
屏東縣潮州鎮三共里,115/08/31,余和女,無,
屏東縣潮州鎮三共里,115/09/02,程文科,無,
屏東縣潮州鎮三和里,115/09/03,李坤明,無,
屏東縣潮州鎮五魁里,115/09/01,杜金秀,無,
屏東縣潮州鎮五魁里,115/09/02,鄞家綿,無,
屏東縣潮州鎮五魁里,115/09/03,鄞進事,無,
屏東縣潮州鎮五魁里,115/09/03,鄞家乾,無,
屏東縣潮州鎮蓬萊里,115/08/31,張裕隆,無,
屏東縣潮州鎮蓬萊里,115/09/02,蔡志煌,無,
屏東縣潮州鎮蓬萊里,115/09/02,江正譽,無,
屏東縣潮州鎮八爺里,115/09/02,陳聯政,無,
屏東縣潮州鎮永春里,115/08/31,楊金山,無,
屏東縣潮州鎮永春里,115/08/31,陳泰辰,無,
屏東縣潮州鎮永春里,115/09/02,劉正寬,無,
屏東縣潮州鎮富春里,115/09/02,顏美龍,無,
屏東縣潮州鎮富春里,115/09/04,李德珍,無,
屏東縣潮州鎮光春里,115/08/31,李和宜,無,
屏東縣潮州鎮光春里,115/08/31,李信雄,無,
屏東縣潮州鎮光春里,115/09/01,賴金地,無,
屏東縣潮州鎮光春里,115/09/03,王宇睿,無,
屏東縣潮州鎮興美里,115/09/02,謝明亨,無,
屏東縣潮州鎮興美里,115/09/03,莊志精,無,
屏東縣潮州鎮檨子里,115/09/02,賴基豐,無,
屏東縣潮州鎮檨子里,115/09/04,倪駿朗,無,
屏東縣潮州鎮九塊里,115/09/03,潘陳瑱圓,無,
屏東縣潮州鎮泗林里,115/08/31,陳淑燕,無,
屏東縣潮州鎮泗林里,115/09/03,鄭順和,無,
屏東縣潮州鎮四春里,115/09/01,陳界祥,無,
屏東縣潮州鎮四春里,115/09/02,鄭金美,無,
屏東縣潮州鎮四春里,115/09/02,黃財盛,無,
屏東縣潮州鎮四春里,115/09/04,潘建邦,無,
屏東縣潮州鎮崙東里,115/09/01,呂鎮翔,無,
屏東縣潮州鎮崙東里,115/09/02,郭山河,無,
屏東縣東港鎮新勝里,115/08/31,楊瑞吉,無,
屏東縣東港鎮新勝里,115/09/01,陳美妃,無,
屏東縣東港鎮頂中里,115/09/02,李國賓,無,
屏東縣東港鎮頂中里,115/09/04,蔡健雄,無,
屏東縣東港鎮朝安里,115/08/31,鄭清課,無,
屏東縣東港鎮朝安里,115/09/01,黃金條,無,
屏東縣東港鎮東隆里,115/09/01,許水旺,無,
屏東縣東港鎮東隆里,115/09/04,曾進陽,無,
屏東縣東港鎮豐漁里,115/08/31,郭天福,無,
屏東縣東港鎮豐漁里,115/09/03,洪志豪,無,
屏東縣東港鎮盛漁里,115/09/02,許淑珍,無,
屏東縣東港鎮盛漁里,115/09/03,林清崇,無,
屏東縣東港鎮興漁里,115/09/01,鄭淑卿,無,
屏東縣東港鎮鎮海里,115/08/31,許文標,無,
屏東縣東港鎮嘉蓮里,115/09/02,吳合吉,無,
屏東縣東港鎮嘉蓮里,115/09/03,徐國雄,無,
屏東縣東港鎮南平里,115/08/31,趙志賢,無,
屏東縣東港鎮南平里,115/09/02,蕭崑池,無,
屏東縣東港鎮船頭里,115/09/01,林志雄,無,
屏東縣東港鎮船頭里,115/09/02,趙宗欽,無,
屏東縣東港鎮船頭里,115/09/02,黃耀德,無,
屏東縣東港鎮下廍里,115/08/31,周錦谷,無,
屏東縣東港鎮大潭里,115/08/31,蘇榮富,無,
屏東縣東港鎮大潭里,115/09/02,鄭宇程,無,
屏東縣東港鎮興農里,115/09/02,王勝平,無,
屏東縣東港鎮興農里,115/09/02,陳金滿,無,
屏東縣東港鎮興和里,115/09/03,顏國淵,無,
屏東縣東港鎮共和里,115/09/01,林國勝,中國國民黨,
屏東縣東港鎮共和里,115/09/02,曾煜超,無,
屏東縣東港鎮福德里,115/09/02,林義國,無,
屏東縣東港鎮東津里,115/09/01,葉而項,無,
屏東縣東港鎮內關帝里,115/09/02,劉侑融,無,
屏東縣東港鎮內關帝里,115/09/02,林振峰,無,
屏東縣東港鎮內關帝里,115/09/03,張榮典,無,
屏東縣東港鎮東新里,115/09/02,邱瓊誼,無,
屏東縣東港鎮東新里,115/09/02,蘇桐慶,無,
屏東縣東港鎮新街里,115/09/02,葉宗庭,無,
屏東縣東港鎮新街里,115/09/02,郭明德,無,
屏東縣東港鎮東光里,115/09/02,陳德仁,無,
屏東縣恆春鎮城南里,115/08/31,鄭正剛,無,
屏東縣恆春鎮城南里,115/09/01,陳麗貞,無,
屏東縣恆春鎮城南里,115/09/01,邱榮欽,無,
屏東縣恆春鎮城南里,115/09/02,呂青,無,
屏東縣恆春鎮城南里,115/09/04,劉新龍,無,
屏東縣恆春鎮城北里,115/09/02,洪陳滿妹,無,
屏東縣恆春鎮城北里,115/09/03,廖慶民,無,
屏東縣恆春鎮城北里,115/09/04,劉周文,無,
屏東縣恆春鎮城西里,115/09/02,蔡芬芳,無,
屏東縣恆春鎮山腳里,115/09/02,葉登貴,無,
屏東縣恆春鎮山腳里,115/09/02,林文華,無,
屏東縣恆春鎮網紗里,115/09/02,張豈嫚,無,
屏東縣恆春鎮網紗里,115/09/02,朱添得,無,
屏東縣恆春鎮仁壽里,115/09/01,萬書剛,無,
屏東縣恆春鎮仁壽里,115/09/02,黃蕓婍,無,
屏東縣恆春鎮仁壽里,115/09/02,董正民,無,
屏東縣恆春鎮茄湖里,115/08/31,尤信化,無,
屏東縣恆春鎮茄湖里,115/09/03,王清華,無,
屏東縣恆春鎮頭溝里,115/08/31,尤新偉,無,
屏東縣恆春鎮頭溝里,115/09/02,董春財,無,
屏東縣恆春鎮四溝里,115/09/02,廖文志,無,
屏東縣恆春鎮四溝里,115/09/04,廖祐村,無,
屏東縣恆春鎮四溝里,115/09/04,廖世哲,無,
屏東縣恆春鎮德和里,115/08/31,張正林,無,
屏東縣恆春鎮德和里,115/08/31,楊春香,無,
屏東縣恆春鎮龍水里,115/09/01,方義坤,無,
屏東縣恆春鎮龍水里,115/09/03,傅淑珍,無,
屏東縣恆春鎮龍水里,115/09/03,林富琦,無,
屏東縣恆春鎮山海里,115/09/01,李承芳,無,
屏東縣恆春鎮大光里,115/09/02,江清田,無,
屏東縣恆春鎮大光里,115/09/02,吳英世,無,
屏東縣恆春鎮水泉里,115/09/02,林桂蘭,無,
屏東縣恆春鎮南灣里,115/09/01,葉啓俊,無,
屏東縣恆春鎮南灣里,115/09/03,鄭富澄,無,
屏東縣恆春鎮墾丁里,115/09/01,林宏銘,無,
屏東縣恆春鎮墾丁里,115/09/02,劉琴鳴,無,
屏東縣恆春鎮鵝鑾里,115/09/02,謝春敏,無,
屏東縣萬丹鄉萬安村,115/09/02,吳榮展,無,
屏東縣萬丹鄉萬安村,115/09/02,陳家盛,無,
屏東縣萬丹鄉萬惠村,115/09/03,李彥貴,無,
屏東縣萬丹鄉萬惠村,115/09/04,郭忠恒,無,
屏東縣萬丹鄉萬全村,115/08/31,張原惠,無,
屏東縣萬丹鄉萬後村,115/08/31,鄭原煌,無,
屏東縣萬丹鄉萬生村,115/08/31,李妙絹,無,
屏東縣萬丹鄉寶厝村,115/08/31,戴金龍,無,
屏東縣萬丹鄉寶厝村,115/09/01,林大川,無,
屏東縣萬丹鄉寶厝村,115/09/03,鄭明安,無,
屏東縣萬丹鄉四維村,115/09/02,楊世明,無,
屏東縣萬丹鄉四維村,115/09/03,簡銘昌,無,
屏東縣萬丹鄉竹林村,115/08/31,薛世清,無,
屏東縣萬丹鄉竹林村,115/09/02,張志宏,無,
屏東縣萬丹鄉廣安村,115/09/02,潘寶同,無,
屏東縣萬丹鄉田厝村,115/08/31,施宏德,無,
屏東縣萬丹鄉崙頂村,115/08/31,張福僑,無,
屏東縣萬丹鄉厦北村,115/09/02,郭宇城,無,
屏東縣萬丹鄉厦北村,115/09/04,郭祐,無,
屏東縣萬丹鄉厦南村,115/09/01,李文山,無,
屏東縣萬丹鄉厦南村,115/09/02,郭明陽,無,
屏東縣萬丹鄉上村村,115/09/02,陳冠向,無,
屏東縣萬丹鄉加興村,115/09/02,李麗枝,無,
屏東縣萬丹鄉加興村,115/09/02,張崑興,無,
屏東縣萬丹鄉社口村,115/09/01,郭聰德,無,
屏東縣萬丹鄉磚寮村,115/09/03,蔡慶輝,無,
屏東縣萬丹鄉社皮村,115/09/02,林雲上,無,
屏東縣萬丹鄉社上村,115/09/03,劉銀在,無,
屏東縣萬丹鄉社中村,115/08/31,莊正三,無,
屏東縣萬丹鄉社中村,115/09/01,吳睿朋,無,
屏東縣萬丹鄉水泉村,115/08/31,李協振,無,
屏東縣萬丹鄉新庄村,115/09/01,簡信良,無,
屏東縣萬丹鄉香社村,115/08/31,宋安定,無,
屏東縣萬丹鄉香社村,115/09/03,王俊惠,無,
屏東縣萬丹鄉後村村,115/09/01,施信仲,無,
屏東縣萬丹鄉後村村,115/09/02,林文堂,無,
屏東縣萬丹鄉後村村,115/09/03,黃昌茂,無,
屏東縣萬丹鄉新鐘村,115/09/01,饒信義,無,
屏東縣萬丹鄉新鐘村,115/09/02,高文祈,無,
屏東縣萬丹鄉新鐘村,115/09/02,陳世成,無,
屏東縣萬丹鄉灣內村,115/08/31,陳玉意,無,
屏東縣萬丹鄉灣內村,115/09/04,林旺鴻,無,
屏東縣萬丹鄉興全村,115/09/01,陳文聰,無,
屏東縣萬丹鄉興全村,115/09/02,莊裕新,無,
屏東縣萬丹鄉興安村,115/08/31,陳國成,無,
屏東縣萬丹鄉水仙村,115/08/31,莊慶相,無,
屏東縣萬丹鄉水仙村,115/09/03,陳有成,無,
屏東縣萬丹鄉甘棠村,115/09/02,許玉英,無,
屏東縣長治鄉進興村,115/08/31,梁錦文,無,
屏東縣長治鄉新潭村,115/09/01,張淑貞,無,
屏東縣長治鄉潭頭村,115/09/02,李玉鴻,無,
屏東縣長治鄉潭頭村,115/09/02,邱盛元,無,
屏東縣長治鄉香楊村,115/09/01,朱國清,無,
屏東縣長治鄉香楊村,115/09/01,邱文仁,無,
屏東縣長治鄉長興村,115/09/03,梁榮梯,無,
屏東縣長治鄉長興村,115/09/04,劉源富,無,
屏東縣長治鄉德成村,115/09/02,蔡傳恭,無,
屏東縣長治鄉德協村,115/09/02,魏玉財,無,
屏東縣長治鄉德協村,115/09/02,陳韻文,無,
屏東縣長治鄉德協村,115/09/02,楊惠卿,無,
屏東縣長治鄉復興村,115/09/02,黃福和,無,
屏東縣長治鄉復興村,115/09/03,陳智平,無,
屏東縣長治鄉崙上村,115/09/02,邱進安,無,
屏東縣長治鄉崙上村,115/09/02,邱啓川,無,
屏東縣長治鄉德榮村,115/08/31,林明成,無,
屏東縣長治鄉德榮村,115/09/02,陳家宥,無,
屏東縣長治鄉德和村,115/09/02,丁光明,無,
屏東縣長治鄉德和村,115/09/03,潘豐全,無,
屏東縣長治鄉德和村,115/09/04,丁柏騰,無,
屏東縣長治鄉德和村,115/09/04,石劉吉,無,
屏東縣長治鄉繁華村,115/09/03,蘇政奇,無,
屏東縣長治鄉繁昌村,115/09/02,吳秋燕,無,
屏東縣長治鄉繁昌村,115/09/03,蘇坤霖,無,
屏東縣長治鄉繁榮村,115/09/02,周世榮,無,
屏東縣長治鄉繁榮村,115/09/02,白中村,無,
屏東縣長治鄉繁隆村,115/09/02,吳榮陽,無,
屏東縣長治鄉繁隆村,115/09/03,吳平川,無,
屏東縣長治鄉榮華村,115/09/01,塗玉蘭,無,
屏東縣長治鄉榮華村,115/09/03,劉中興,無,
屏東縣麟洛鄉新田村,115/08/31,邱祿祥,無,
屏東縣麟洛鄉新田村,115/09/03,郭東源,無,
屏東縣麟洛鄉新田村,115/09/03,羅遠旺,無,
屏東縣麟洛鄉麟頂村,115/08/31,劉文國,無,
屏東縣麟洛鄉麟頂村,115/08/31,郭錦富,無,
屏東縣麟洛鄉麟頂村,115/09/02,邱世勇,無,
屏東縣麟洛鄉麟蹄村,115/08/31,邱世煌,無,
屏東縣麟洛鄉麟蹄村,115/09/02,邱惠莉,無,
屏東縣麟洛鄉麟趾村,115/09/01,黃怡芳,無,
屏東縣麟洛鄉麟趾村,115/09/02,馮秀麗,無,
屏東縣麟洛鄉麟趾村,115/09/02,黃勝雄,無,
屏東縣麟洛鄉田中村,115/09/02,徐敏凱,無,
屏東縣麟洛鄉田中村,115/09/02,劉火貴,無,
屏東縣麟洛鄉田心村,115/09/02,陳樺東,無,
屏東縣麟洛鄉田心村,115/09/03,何聰傑,無,
屏東縣麟洛鄉田道村,115/09/01,馮蘘絜,無,
屏東縣麟洛鄉田道村,115/09/02,馮景光,無,
屏東縣九如鄉九清村,115/08/31,黃朝祥,無,
屏東縣九如鄉九清村,115/09/01,林世峰,無,
屏東縣九如鄉九塊村,115/08/31,林登財,無,
屏東縣九如鄉九明村,115/08/31,吳秀里,無,
屏東縣九如鄉九明村,115/09/01,黃漢茂,無,
屏東縣九如鄉玉水村,115/08/31,温文祥,無,
屏東縣九如鄉玉水村,115/08/31,汪振成,無,
屏東縣九如鄉玉水村,115/09/02,李龍智,無,
屏東縣九如鄉大坵村,115/09/01,陳慶雄,無,
屏東縣九如鄉大坵村,115/09/02,蔡金松,無,
屏東縣九如鄉三塊村,115/09/01,蔡淑芬,無,
屏東縣九如鄉三塊村,115/09/02,楊慧貞,無,
屏東縣九如鄉後庄村,115/08/31,林芳輝,無,
屏東縣九如鄉耆老村,115/08/31,楊銘煌,無,
屏東縣九如鄉洽興村,115/09/01,鄭博彰,無,
屏東縣九如鄉洽興村,115/09/03,陳仲信,無,
屏東縣九如鄉東寧村,115/08/31,朱文財,無,
屏東縣九如鄉東寧村,115/09/02,王凱利,無,
屏東縣九如鄉玉泉村,115/09/03,周綉苡,無,
屏東縣九如鄉玉泉村,115/09/04,邱文瑞,無,
屏東縣里港鄉玉田村,115/08/31,黃國華,無,
屏東縣里港鄉大平村,115/09/02,陳晉輝,無,
屏東縣里港鄉大平村,115/09/03,呂坤益,無,
屏東縣里港鄉永春村,115/09/02,許芸瑋,無,
屏東縣里港鄉永春村,115/09/03,林玉卿,無,
屏東縣里港鄉永春村,115/09/03,陳春風,無,
屏東縣里港鄉春林村,115/08/31,陳亞筠,無,
屏東縣里港鄉春林村,115/09/02,洪貴圓,無,
屏東縣里港鄉春林村,115/09/02,蔡煥堅,無,
屏東縣里港鄉過江村,115/09/01,洪婉森,無,
屏東縣里港鄉過江村,115/09/03,余岱真,無,
屏東縣里港鄉鐵店村,115/09/02,許麗惠,無,
屏東縣里港鄉塔樓村,115/09/01,王文章,無,
屏東縣里港鄉塔樓村,115/09/03,陳瑞榮,無,
屏東縣里港鄉潮厝村,115/09/02,楊仲庭,無,
屏東縣里港鄉潮厝村,115/09/02,李明財,無,
屏東縣里港鄉茄苳村,115/09/02,王富源,無,
屏東縣里港鄉茄苳村,115/09/02,鄭世鉉,民主進步黨,
屏東縣里港鄉載興村,115/09/02,洪博耀,無,
屏東縣里港鄉載興村,115/09/03,陳冠榮,無,
屏東縣里港鄉土庫村,115/09/01,方清民,無,
屏東縣里港鄉三廍村,115/09/01,林世志,無,
屏東縣里港鄉三廍村,115/09/02,張振源,無,
屏東縣里港鄉中和村,115/09/02,胡益名,無,
屏東縣里港鄉瀰力村,115/09/04,蘇永坤,無,
屏東縣鹽埔鄉新圍村,115/09/02,吳安朝,無,
屏東縣鹽埔鄉新圍村,115/09/02,孫勝杰,無,
屏東縣鹽埔鄉高朗村,115/09/02,盧龍合,無,
屏東縣鹽埔鄉高朗村,115/09/02,蔡韓成,無,
屏東縣鹽埔鄉鹽北村,115/09/02,陳淑娟,無,
屏東縣鹽埔鄉鹽北村,115/09/04,黃白宗,無,
屏東縣鹽埔鄉鹽中村,115/09/02,曾陳春枝,無,
屏東縣鹽埔鄉鹽中村,115/09/02,黃瓊雲,無,
屏東縣鹽埔鄉鹽南村,115/09/02,謝德憲,無,
屏東縣鹽埔鄉仕絨村,115/09/02,江朝鳳,無,
屏東縣鹽埔鄉振興村,115/08/31,簡明吉,無,
屏東縣鹽埔鄉振興村,115/09/04,方正輝,無,
屏東縣鹽埔鄉永隆村,115/09/02,蘇家平,無,
屏東縣鹽埔鄉永隆村,115/09/03,潘佩佳,無,
屏東縣鹽埔鄉久愛村,115/08/31,王萬來,無,
屏東縣鹽埔鄉洛陽村,115/08/31,葉明杰,無,
屏東縣鹽埔鄉洛陽村,115/09/01,高文墩,無,
屏東縣鹽埔鄉洛陽村,115/09/01,龔一權,無,
屏東縣鹽埔鄉新二村,115/08/31,陳冠盛,無,
屏東縣鹽埔鄉新二村,115/09/02,鄭蔡金純,無,
屏東縣鹽埔鄉彭厝村,115/08/31,柯達人,無,
屏東縣鹽埔鄉彭厝村,115/09/02,陳慶記,無,
屏東縣高樹鄉高樹村,115/09/02,徐文輝,無,
屏東縣高樹鄉高樹村,115/09/03,邱群金,無,
屏東縣高樹鄉長榮村,115/09/01,藍和國,無,
屏東縣高樹鄉東興村,115/09/02,沈忠仁,無,
屏東縣高樹鄉東振村,115/08/31,郭有和,無,
屏東縣高樹鄉東振村,115/09/02,古金源,無,
屏東縣高樹鄉源泉村,115/09/02,盧漢章,無,
屏東縣高樹鄉建興村,115/08/31,曾茜郁,無,
屏東縣高樹鄉建興村,115/08/31,林光男,無,
屏東縣高樹鄉大埔村,115/09/02,張何金基,無,
屏東縣高樹鄉大埔村,115/09/02,金勇山,無,
屏東縣高樹鄉菜寮村,115/08/31,蕭惠眞,無,
屏東縣高樹鄉菜寮村,115/09/02,劉宛瑜,無,
屏東縣高樹鄉司馬村,115/09/01,黃佳菱,中國國民黨,
屏東縣高樹鄉司馬村,115/09/02,柯成龍,無,
屏東縣高樹鄉舊寮村,115/09/01,梁廖英女,無,
屏東縣高樹鄉舊寮村,115/09/02,賴淑珍,無,
屏東縣高樹鄉新豐村,115/08/31,張享能,無,
屏東縣高樹鄉泰山村,115/09/02,曹鳳鈴,無,
屏東縣高樹鄉泰山村,115/09/02,廖家麟,無,
屏東縣高樹鄉南華村,115/08/31,林長發,無,
屏東縣高樹鄉南華村,115/09/02,吳林秋月,無,
屏東縣高樹鄉廣福村,115/09/01,鍾明龍,無,
屏東縣高樹鄉廣福村,115/09/02,黃明昌,無,
屏東縣高樹鄉廣福村,115/09/02,曾永忠,無,
屏東縣高樹鄉廣興村,115/09/01,吳貴廷,無,
屏東縣高樹鄉廣興村,115/09/02,曾龍騰,無,
屏東縣高樹鄉舊庄村,115/09/02,陳寶川,無,
屏東縣高樹鄉田子村,115/08/31,許文山,無,
屏東縣高樹鄉鹽樹村,115/09/02,柯寶雄,無,
屏東縣高樹鄉新南村,115/09/02,張吉源,無,
屏東縣萬巒鄉萬巒村,115/09/02,林茂堂,無,
屏東縣萬巒鄉萬巒村,115/09/02,吳英芳,無,
屏東縣萬巒鄉萬全村,115/09/01,林永廷,無,
屏東縣萬巒鄉萬全村,115/09/02,鍾清芳,無,
屏東縣萬巒鄉萬和村,115/09/02,林裕隆,無,
屏東縣萬巒鄉鹿寮村,115/09/01,林立,無,
屏東縣萬巒鄉鹿寮村,115/09/02,戴時敏,無,
屏東縣萬巒鄉硫黃村,115/09/02,林金生,無,
屏東縣萬巒鄉硫黃村,115/09/04,林文榮,無,
屏東縣萬巒鄉泗溝村,115/09/02,林騰富,無,
屏東縣萬巒鄉泗溝村,115/09/02,林國傑,無,
屏東縣萬巒鄉五溝村,115/08/31,劉永淳,無,
屏東縣萬巒鄉五溝村,115/09/02,宋仁欽,無,
屏東縣萬巒鄉五溝村,115/09/03,宋政山,無,
屏東縣萬巒鄉成德村,115/09/01,陳育文,無,
屏東縣萬巒鄉成德村,115/09/01,吳達發,無,
屏東縣萬巒鄉成德村,115/09/02,林榮偉,無,
屏東縣萬巒鄉萬金村,115/09/02,潘君郁,無,
屏東縣萬巒鄉萬金村,115/09/02,潘譽仁,無,
屏東縣萬巒鄉赤山村,115/09/03,潘嘉明,無,
屏東縣萬巒鄉佳佐村,115/09/02,林永量,無,
屏東縣萬巒鄉佳佐村,115/09/02,楊家宏,無,
屏東縣萬巒鄉佳和村,115/08/31,沈淑玲,無,
屏東縣萬巒鄉佳和村,115/09/03,紀進生,無,
屏東縣萬巒鄉新厝村,115/09/03,張欽泰,無,
屏東縣萬巒鄉新置村,115/09/02,鄭松益,無,
屏東縣內埔鄉內埔村,115/09/02,吳振邦,無,
屏東縣內埔鄉內田村,115/08/31,陳玉文,無,
屏東縣內埔鄉內田村,115/08/31,賴榮梧,無,
屏東縣內埔鄉內田村,115/09/02,張峻榮,無,
屏東縣內埔鄉興南村,115/09/03,林錫海,無,
屏東縣內埔鄉義亭村,115/09/02,李鳳金,無,
屏東縣內埔鄉美和村,115/09/02,利文堂,無,
屏東縣內埔鄉美和村,115/09/03,曾瑞英,無,
屏東縣內埔鄉和興村,115/08/31,鍾和成,無,
屏東縣內埔鄉和興村,115/09/02,廖文雄,無,
屏東縣內埔鄉和興村,115/09/02,王藝儒,無,
屏東縣內埔鄉和興村,115/09/03,徐淑萍,無,
屏東縣內埔鄉東寧村,115/08/31,張擧文,無,
屏東縣內埔鄉豐田村,115/09/02,陳卉于,無,
屏東縣內埔鄉振豐村,115/08/31,賴繪心,無,
屏東縣內埔鄉振豐村,115/09/02,賴傳麟,無,
屏東縣內埔鄉振豐村,115/09/02,曾佳祥,無,
屏東縣內埔鄉富田村,115/08/31,陳淦富,無,
屏東縣內埔鄉竹圍村,115/08/31,温福坤,無,
屏東縣內埔鄉竹圍村,115/09/02,林哲正,無,
屏東縣內埔鄉東勢村,115/08/31,鍾貴郡,無,
屏東縣內埔鄉東勢村,115/09/02,邱廣源,無,
屏東縣內埔鄉東片村,115/09/01,姜福慧,無,
屏東縣內埔鄉東片村,115/09/02,黃日禓,無,
屏東縣內埔鄉上樹村,115/09/04,黃錦招,無,
屏東縣內埔鄉上樹村,115/09/04,黃德欽,無,
屏東縣內埔鄉老埤村,115/08/31,林玉美,無,
屏東縣內埔鄉老埤村,115/09/02,潘聰敏,無,
屏東縣內埔鄉老埤村,115/09/04,潘龍泉,無,
屏東縣內埔鄉中林村,115/09/02,鄭永烘,無,
屏東縣內埔鄉龍泉村,115/09/01,徐玉全,中國國民黨,
屏東縣內埔鄉龍泉村,115/09/01,田榮洲,無,
屏東縣內埔鄉龍潭村,115/09/01,王建新,中國國民黨,
屏東縣內埔鄉建興村,115/09/01,陳進昌,無,
屏東縣內埔鄉建興村,115/09/01,蘇萬壽,無,
屏東縣內埔鄉大新村,115/09/02,陳永盛,無,
屏東縣內埔鄉黎明村,115/08/31,黃永全,無,
屏東縣內埔鄉隘寮村,115/08/31,劉順和,無,
屏東縣內埔鄉隘寮村,115/09/03,潘玉燕,無,
屏東縣內埔鄉隘寮村,115/09/03,潘其良,無,
屏東縣內埔鄉水門村,115/09/02,李麗鳳,無,
屏東縣內埔鄉水門村,115/09/03,孔相山,無,
屏東縣竹田鄉竹田村,115/09/02,王慶明,無,
屏東縣竹田鄉竹田村,115/09/02,林燿輝,無,
屏東縣竹田鄉竹南村,115/08/31,李建宏,無,
屏東縣竹田鄉竹南村,115/09/02,侯邑縈,無,
屏東縣竹田鄉糶糴村,115/09/03,謝棨忠,無,
屏東縣竹田鄉糶糴村,115/09/03,謝睿宸,無,
屏東縣竹田鄉履豐村,115/09/02,邱光榮,無,
屏東縣竹田鄉頭崙村,115/09/03,黃金華,無,
屏東縣竹田鄉頭崙村,115/09/04,李財興,無,
屏東縣竹田鄉二崙村,115/09/02,李毅仁,無,
屏東縣竹田鄉二崙村,115/09/03,李虹震,無,
屏東縣竹田鄉美崙村,115/08/31,邱盛泉,無,
屏東縣竹田鄉美崙村,115/09/01,李玉枝,無,
屏東縣竹田鄉南勢村,115/09/02,張鑑昌,無,
屏東縣竹田鄉西勢村,115/08/31,黃秋蘭,無,
屏東縣竹田鄉西勢村,115/09/02,方國賢,無,
屏東縣竹田鄉西勢村,115/09/02,陳文欽,無,
屏東縣竹田鄉西勢村,115/09/04,林銘政,無,
屏東縣竹田鄉福田村,115/09/02,李錦絨,無,
屏東縣竹田鄉福田村,115/09/03,陳懋樣,無,
屏東縣竹田鄉永豐村,115/08/31,藍足珍,無,
屏東縣竹田鄉永豐村,115/09/02,鍾旭東,無,
屏東縣竹田鄉六巷村,115/09/02,許再德,無,
屏東縣竹田鄉六巷村,115/09/03,施志和,無,
屏東縣竹田鄉泗洲村,115/08/31,羅進發,無,
屏東縣竹田鄉泗洲村,115/09/02,鄭雅文,無,
屏東縣竹田鄉大湖村,115/09/02,鄧定輝,無,
屏東縣竹田鄉鳳明村,115/08/31,陳順興,無,
屏東縣新埤鄉新埤村,115/09/02,葉慶裕,無,
屏東縣新埤鄉新埤村,115/09/03,馮招金,無,
屏東縣新埤鄉新埤村,115/09/04,鍾孝聲,無,
屏東縣新埤鄉建功村,115/09/01,孔德成,無,
屏東縣新埤鄉建功村,115/09/02,李麗珍,無,
屏東縣新埤鄉打鐵村,115/09/01,曾永泉,無,
屏東縣新埤鄉打鐵村,115/09/02,林偉政,無,
屏東縣新埤鄉打鐵村,115/09/02,謝瑞裕,無,
屏東縣新埤鄉南豐村,115/09/01,葉光輝,無,
屏東縣新埤鄉南豐村,115/09/01,曾清和,無,
屏東縣新埤鄉萬隆村,115/09/01,潘辛貴,無,
屏東縣新埤鄉萬隆村,115/09/01,賴建成,無,
屏東縣新埤鄉萬隆村,115/09/02,潘宗和,無,
屏東縣新埤鄉箕湖村,115/08/31,潘高山,無,
屏東縣新埤鄉箕湖村,115/09/02,陳丹桂,無,
屏東縣新埤鄉箕湖村,115/09/02,潘國華,無,
屏東縣新埤鄉箕湖村,115/09/03,潘世雄,無,
屏東縣新埤鄉餉潭村,115/08/31,潘暐傑,無,
屏東縣新埤鄉餉潭村,115/09/02,潘吉實,無,
屏東縣新埤鄉餉潭村,115/09/03,潘水鏡,無,
屏東縣新埤鄉餉潭村,115/09/04,潘榮世,無,
屏東縣枋寮鄉枋寮村,115/08/31,許順彰,無,
屏東縣枋寮鄉新龍村,115/08/31,許永煌,無,
屏東縣枋寮鄉新龍村,115/09/02,郭甫男,無,
屏東縣枋寮鄉保生村,115/08/31,楊振村,無,
屏東縣枋寮鄉保生村,115/09/02,許義林,無,
屏東縣枋寮鄉保生村,115/09/02,陳茂盛,無,
屏東縣枋寮鄉保生村,115/09/03,陳玉菁,無,
屏東縣枋寮鄉中寮村,115/08/31,張金財,無,
屏東縣枋寮鄉中寮村,115/09/02,柯宏騰,無,
屏東縣枋寮鄉安樂村,115/09/03,陳清好,無,
屏東縣枋寮鄉隆山村,115/09/02,葉順治,無,
屏東縣枋寮鄉隆山村,115/09/03,陳鄭秀惠,無,
屏東縣枋寮鄉天時村,115/08/31,尤德昌,無,
屏東縣枋寮鄉天時村,115/08/31,葉姿萱,無,
屏東縣枋寮鄉天時村,115/09/02,王彩蘋,無,
屏東縣枋寮鄉天時村,115/09/02,李連福,無,
屏東縣枋寮鄉地利村,115/09/02,陳清溪,無,
屏東縣枋寮鄉地利村,115/09/02,楊永耀,無,
屏東縣枋寮鄉地利村,115/09/03,林居清,無,
屏東縣枋寮鄉人和村,115/09/01,康榮欽,無,
屏東縣枋寮鄉人和村,115/09/02,陳惠珠,無,
屏東縣枋寮鄉內寮村,115/09/02,李潘枝欉,無,
屏東縣枋寮鄉內寮村,115/09/04,王正榮,無,
屏東縣枋寮鄉新開村,115/08/31,林淑娥,無,
屏東縣枋寮鄉新開村,115/09/01,黃朝勝,無,
屏東縣枋寮鄉太源村,115/09/01,潘光爛,無,
屏東縣枋寮鄉太源村,115/09/02,黃晶羚,無,
屏東縣枋寮鄉太源村,115/09/02,黃文豐,無,
屏東縣枋寮鄉玉泉村,115/09/02,潘佳豪,無,
屏東縣枋寮鄉東海村,115/08/31,張連雄,無,
屏東縣枋寮鄉東海村,115/08/31,黃鳳義,無,
屏東縣枋寮鄉大庄村,115/08/31,陳西港,無,
屏東縣枋寮鄉大庄村,115/09/01,陳清烈,無,
屏東縣新園鄉瓦磘村,115/08/31,張簡明峰,無,
屏東縣新園鄉瓦磘村,115/08/31,許益銓,無,
屏東縣新園鄉瓦磘村,115/09/02,李智弘,無,
屏東縣新園鄉瓦磘村,115/09/03,許啓仲,無,
屏東縣新園鄉仙吉村,115/09/02,張惠珍,無,
屏東縣新園鄉仙吉村,115/09/02,蔡坤璋,無,
屏東縣新園鄉仙吉村,115/09/03,周能瑞,無,
屏東縣新園鄉田洋村,115/08/31,歐麗雪,無,
屏東縣新園鄉田洋村,115/09/04,蕭依伶,無,
屏東縣新園鄉港墘村,115/08/31,林清源,無,
屏東縣新園鄉內庄村,115/09/02,陳銀慈,無,
屏東縣新園鄉內庄村,115/09/03,陳啟惠,無,
屏東縣新園鄉新東村,115/09/01,陳威宏,無,
屏東縣新園鄉新東村,115/09/01,李德賢,無,
屏東縣新園鄉新園村,115/08/31,鄭智文,無,
屏東縣新園鄉新園村,115/09/01,宋政家,無,
屏東縣新園鄉烏龍村,115/09/03,楊坤崙,無,
屏東縣新園鄉興龍村,115/09/01,郭永治,無,
屏東縣新園鄉興龍村,115/09/03,郭德興,無,
屏東縣新園鄉興龍村,115/09/03,郭文意,無,
屏東縣新園鄉中洲村,115/09/01,郭瑞隆,無,
屏東縣新園鄉中洲村,115/09/03,林其芳,無,
屏東縣新園鄉南龍村,115/09/03,阮隆山,無,
屏東縣新園鄉南龍村,115/09/03,李鳳榮,無,
屏東縣新園鄉港西村,115/09/03,黃錦,無,
屏東縣新園鄉五房村,115/09/01,蔡明智,無,
屏東縣新園鄉鹽埔村,115/08/31,何有量,無,
屏東縣新園鄉共和村,115/09/03,黃丹鶯,無,
屏東縣崁頂鄉崁頂村,115/09/01,陳林美儉,無,
屏東縣崁頂鄉崁頂村,115/09/02,鄭雅陽,無,
屏東縣崁頂鄉園寮村,115/08/31,莊天賜,無,
屏東縣崁頂鄉園寮村,115/09/04,許月雲,無,
屏東縣崁頂鄉圍內村,115/09/01,劉松美,無,
屏東縣崁頂鄉力社村,115/08/31,陳丁富,無,
屏東縣崁頂鄉洲子村,115/09/01,陳寶玉,無,
屏東縣崁頂鄉北勢村,115/09/02,李文峯,無,
屏東縣崁頂鄉北勢村,115/09/04,黃順發,無,
屏東縣崁頂鄉越溪村,115/09/02,陳志忠,無,
屏東縣崁頂鄉越溪村,115/09/02,陳吉昌,無,
屏東縣崁頂鄉越溪村,115/09/03,蘇國城,無,
屏東縣崁頂鄉港東村,115/09/02,羅來和,無,
屏東縣崁頂鄉港東村,115/09/03,徐秀如,無,
屏東縣林邊鄉林邊村,115/09/02,姚源明,無,
屏東縣林邊鄉林邊村,115/09/04,蔡宜閔,無,
屏東縣林邊鄉光林村,115/08/31,陳清華,無,
屏東縣林邊鄉光林村,115/09/02,劉益昌,無,
屏東縣林邊鄉仁和村,115/09/02,盧麗美,無,
屏東縣林邊鄉仁和村,115/09/04,吳順發,無,
屏東縣林邊鄉中林村,115/08/31,陳慶謀,無,
屏東縣林邊鄉永樂村,115/08/31,吳紹誠,無,
屏東縣林邊鄉永樂村,115/09/03,蔡玉心,無,
屏東縣林邊鄉水利村,115/09/01,張志陽,無,
屏東縣林邊鄉水利村,115/09/02,蔡勝文,無,
屏東縣林邊鄉崎峯村,115/08/31,甘國興,無,
屏東縣林邊鄉田厝村,115/09/02,許文正,無,
屏東縣林邊鄉竹林村,115/08/31,林秋娥,無,
屏東縣林邊鄉竹林村,115/09/01,鄭甘德,無,
屏東縣林邊鄉竹林村,115/09/02,蘇福仁,無,
屏東縣林邊鄉鎮安村,115/08/31,李居財,無,
屏東縣林邊鄉鎮安村,115/09/01,謝坤霖,無,
屏東縣南州鄉溪洲村,115/09/01,蕭耀武,無,
屏東縣南州鄉溪洲村,115/09/02,張榛芮,無,
屏東縣南州鄉溪洲村,115/09/03,朱佩威,無,
屏東縣南州鄉溪南村,115/09/02,郭中聞,無,
屏東縣南州鄉溪南村,115/09/03,宋建成,無,
屏東縣南州鄉仁里村,115/09/02,謝文田,無,
屏東縣南州鄉仁里村,115/09/02,汪晋民,無,
屏東縣南州鄉溪北村,115/09/03,吳美惠,無,
屏東縣南州鄉溪北村,115/09/04,陳清寅,無,
屏東縣南州鄉七塊村,115/08/31,劉進賀,無,
屏東縣南州鄉七塊村,115/09/02,陳永南,無,
屏東縣南州鄉萬華村,115/09/04,葉福全,無,
屏東縣南州鄉萬華村,115/09/04,林志明,無,
屏東縣南州鄉米崙村,115/09/02,鄧木隆,無,
屏東縣南州鄉米崙村,115/09/02,唐仲輝,無,
屏東縣南州鄉壽元村,115/09/04,潘景裕,無,
屏東縣南州鄉同安村,115/09/02,林德恩,無,
屏東縣南州鄉同安村,115/09/02,林素玲,無,
屏東縣南州鄉南安村,115/09/01,黃建業,無,
屏東縣南州鄉南安村,115/09/02,黃江旗,無,
屏東縣佳冬鄉佳冬村,115/09/01,林家平,無,
屏東縣佳冬鄉佳冬村,115/09/03,曾碧蘭,無,
屏東縣佳冬鄉六根村,115/08/31,楊浩逸,無,
屏東縣佳冬鄉六根村,115/09/04,賴子淳,無,
屏東縣佳冬鄉賴家村,115/09/01,王薏蘋,無,
屏東縣佳冬鄉萬建村,115/09/02,賴汝美,無,
屏東縣佳冬鄉萬建村,115/09/03,林國榮,無,
屏東縣佳冬鄉石光村,115/09/04,劉金亭,無,
屏東縣佳冬鄉玉光村,115/09/02,董國佑,無,
屏東縣佳冬鄉玉光村,115/09/02,曾清香,無,
屏東縣佳冬鄉昌隆村,115/09/01,戴張月英,無,
屏東縣佳冬鄉豐隆村,115/09/01,戴沐雄,無,
屏東縣佳冬鄉大同村,115/09/01,陳榮祥,無,
屏東縣佳冬鄉大同村,115/09/03,余正勝,無,
屏東縣佳冬鄉羌園村,115/09/01,陳桂玉,無,
屏東縣佳冬鄉燄溫村,115/08/31,周萬成,無,
屏東縣佳冬鄉塭豐村,115/09/01,洪至本,無,
屏東縣佳冬鄉塭豐村,115/09/02,楊錦雲,無,
屏東縣佳冬鄉塭豐村,115/09/04,蘇曉茹,無,
屏東縣琉球鄉本福村,115/09/01,蘇新富,無,
屏東縣琉球鄉本福村,115/09/01,施輝宗,無,
屏東縣琉球鄉本福村,115/09/03,張萬生,無,
屏東縣琉球鄉中福村,115/09/01,李進成,無,
屏東縣琉球鄉中福村,115/09/02,曾鳳龍,無,
屏東縣琉球鄉漁福村,115/08/31,陳志輝,無,
屏東縣琉球鄉大福村,115/08/31,李麗雯,無,
屏東縣琉球鄉大福村,115/09/02,洪志忠,無,
屏東縣琉球鄉大福村,115/09/03,洪進添,無,
屏東縣琉球鄉大福村,115/09/03,洪永程,無,
屏東縣琉球鄉大福村,115/09/04,周書銘,無,
屏東縣琉球鄉南福村,115/08/31,彭麗桂,無,
屏東縣琉球鄉天福村,115/09/01,陳明星,無,
屏東縣琉球鄉天福村,115/09/02,洪陳美珍,無,
屏東縣琉球鄉上福村,115/09/01,許文馨,無,
屏東縣琉球鄉上福村,115/09/03,許保吉,無,
屏東縣琉球鄉杉福村,115/09/01,洪賜隆,無,
屏東縣琉球鄉杉福村,115/09/02,陳宏鈞,無,
屏東縣琉球鄉杉福村,115/09/04,林江祥,無,
屏東縣車城鄉福興村,115/09/01,王伯超,無,
屏東縣車城鄉福興村,115/09/02,朱敏廷,無,
屏東縣車城鄉福興村,115/09/03,王楚翔,無,
屏東縣車城鄉福安村,115/08/31,王俊貿,無,
屏東縣車城鄉田中村,115/08/31,白長章,無,
屏東縣車城鄉田中村,115/09/02,洪天滿,無,
屏東縣車城鄉田中村,115/09/04,許雯敏,無,
屏東縣車城鄉海口村,115/09/02,王林春葉,無,
屏東縣車城鄉統埔村,115/09/01,林明芳,無,
屏東縣車城鄉統埔村,115/09/04,黃清雲,無,
屏東縣車城鄉溫泉村,115/09/02,林明潮,無,
屏東縣車城鄉保力村,115/09/02,張明文,無,
屏東縣車城鄉保力村,115/09/03,張群,無,
屏東縣車城鄉新街村,115/08/31,張美惠,無,
屏東縣車城鄉新街村,115/09/02,葉輝良,無,
屏東縣車城鄉埔墘村,115/08/31,侯翊潔,無,
屏東縣車城鄉埔墘村,115/09/02,林慧如,無,
屏東縣車城鄉射寮村,115/08/31,黃清何,無,
屏東縣車城鄉射寮村,115/09/03,林昆明,無,
屏東縣車城鄉後灣村,115/09/01,王慶三,無,
屏東縣滿州鄉滿州村,115/09/02,張勝,無,
屏東縣滿州鄉里德村,115/08/31,林智強,無,
屏東縣滿州鄉里德村,115/09/03,李昭良,無,
屏東縣滿州鄉里德村,115/09/04,陳金塗,無,
屏東縣滿州鄉永靖村,115/08/31,潘玉樹,無,
屏東縣滿州鄉永靖村,115/09/02,胡忠雄,無,
屏東縣滿州鄉永靖村,115/09/04,莊期文,無,
屏東縣滿州鄉港口村,115/09/02,楊秀蘭,無,
屏東縣滿州鄉港口村,115/09/04,曾明勇,無,
屏東縣滿州鄉响林村,115/09/01,邱琦峰,無,
屏東縣滿州鄉長樂村,115/09/02,尤瑞宏,無,
屏東縣滿州鄉九棚村,115/09/01,吳俊宏,無,
屏東縣滿州鄉九棚村,115/09/02,洪明輝,無,
屏東縣滿州鄉九棚村,115/09/03,劉怡邑,無,
屏東縣滿州鄉港仔村,115/09/03,謝銘揚,無,
屏東縣滿州鄉港仔村,115/09/03,朱進男,無,
屏東縣枋山鄉枋山村,115/09/02,徐明和,無,
屏東縣枋山鄉枋山村,115/09/03,陳國勇,無,
屏東縣枋山鄉加祿村,115/08/31,陳德山,無,
屏東縣枋山鄉加祿村,115/09/03,郭昌達,無,
屏東縣枋山鄉楓港村,115/09/01,陳惠雪,無,
屏東縣枋山鄉楓港村,115/09/01,許秀蓉,無,
屏東縣枋山鄉善餘村,115/08/31,董沛琳,無,
屏東縣枋山鄉善餘村,115/08/31,黃清海,無,
屏東縣三地門鄉三地村,115/09/03,唐有財,無,
屏東縣三地門鄉三地村,115/09/04,卓文德,無,
屏東縣三地門鄉達來村,115/09/03,董吉正,無,
屏東縣三地門鄉德文村,115/08/31,劉明義,無,
屏東縣三地門鄉德文村,115/09/01,柯文行,無,
屏東縣三地門鄉德文村,115/09/01,杜英寬,無,
屏東縣三地門鄉大社村,115/08/31,勒格艾．巴 瓦瓦隆,無,
屏東縣三地門鄉大社村,115/09/02,王約翰,無,
屏東縣三地門鄉賽嘉村,115/09/01,曾順金,無,
屏東縣三地門鄉賽嘉村,115/09/03,張志宏,無,
屏東縣三地門鄉口社村,115/09/03,宋造福,無,
屏東縣三地門鄉馬兒村,115/09/01,呂中勝 Karangian Paqaljilas,無,
屏東縣三地門鄉馬兒村,115/09/03,李新光,無,
屏東縣三地門鄉馬兒村,115/09/04,李文俊,無,
屏東縣三地門鄉安坡村,115/09/01,徐光輝,無,
屏東縣三地門鄉安坡村,115/09/03,左玉梅 Selep Pakedavai,無,
屏東縣三地門鄉青山村,115/09/01,潘生貴,無,
屏東縣三地門鄉青葉村,115/09/02,杜松順,無,
屏東縣霧臺鄉霧台村,115/08/31,凃俊雄,無,
屏東縣霧臺鄉霧台村,115/09/02,賴天明,無,
屏東縣霧臺鄉霧台村,115/09/03,盧忠勤,無,
屏東縣霧臺鄉阿禮村,115/09/02,杜功華,無,
屏東縣霧臺鄉吉露村,115/09/01,巴淑香,無,
屏東縣霧臺鄉吉露村,115/09/02,顏正光,無,
屏東縣霧臺鄉大武村,115/09/04,麥庸正,無,
屏東縣霧臺鄉佳暮村,115/09/04,徐仁輝,無,
屏東縣霧臺鄉好茶村,115/09/02,陳啟川 Parugurugu ‧Iban,無,
屏東縣瑪家鄉瑪家村,115/09/02,羅仁光,無,
屏東縣瑪家鄉瑪家村,115/09/03,卓利昌,無,
屏東縣瑪家鄉北葉村,115/09/02,李中興,無,
屏東縣瑪家鄉北葉村,115/09/03,馮文明,無,
屏東縣瑪家鄉凉山村,115/08/31,陸秀玲,無,
屏東縣瑪家鄉凉山村,115/09/02,卓永勝,無,
屏東縣瑪家鄉佳義村,115/09/01,柯進國 Davurs． Vaviungan,無,
屏東縣瑪家鄉佳義村,115/09/02,蔡月美,無,
屏東縣瑪家鄉佳義村,115/09/04,陳仁明,無,
屏東縣瑪家鄉佳義村,115/09/04,蔡玉妹 Djemaljala t． Alingiig,無,
屏東縣瑪家鄉排灣村,115/09/02,顏文進,無,
屏東縣瑪家鄉三和村,115/09/03,董賢明,無,
屏東縣泰武鄉佳平村,115/09/04,尤梅玲 Kjy ．Edrdu,無,
屏東縣泰武鄉武潭村,115/08/31,阮志偉,無,
屏東縣泰武鄉武潭村,115/09/02,陳梅美,無,
屏東縣泰武鄉武潭村,115/09/03,劉安生,無,
屏東縣泰武鄉平和村,115/08/31,年平,無,
屏東縣泰武鄉平和村,115/09/04,孔加恩 Djanavㆍa ㆍPatadalj,無,
屏東縣泰武鄉平和村,115/09/04,萬和妹 Ljavaus,無,
屏東縣泰武鄉佳興村,115/09/03,孫永輝,無,
屏東縣泰武鄉佳興村,115/09/03,楊信道,無,
屏東縣泰武鄉泰武村,115/08/31,高榮華,無,
屏東縣泰武鄉萬安村,115/09/01,陳正順 Tjanubak･ Djuljapaya n,無,
屏東縣泰武鄉萬安村,115/09/04,葉玉貞,無,
屏東縣來義鄉來義村,115/09/01,高韶華,無,
屏東縣來義鄉來義村,115/09/03,李飛明,無,
屏東縣來義鄉義林村,115/09/01,宗健邦,無,
屏東縣來義鄉丹林村,115/08/31,顏盧慶勇,無,
屏東縣來義鄉丹林村,115/09/01,辛榮輝,無,
屏東縣來義鄉古樓村,115/08/31,田陳世凱 Qaulai Pauraudran g,無,
屏東縣來義鄉古樓村,115/09/02,柳順慶,中國國民黨,
屏東縣來義鄉文樂村,115/09/02,李信雄,無,
屏東縣來義鄉文樂村,115/09/04,孔志強,無,
屏東縣來義鄉望嘉村,115/09/01,張錦参,無,
屏東縣來義鄉南和村,115/08/31,王自強,無,
屏東縣來義鄉南和村,115/09/04,蔡閎富,無,
屏東縣春日鄉春日村,115/09/02,尤仕成,無,
屏東縣春日鄉古華村,115/09/03,陸清木,無,
屏東縣春日鄉古華村,115/09/04,魏金玉,無,
屏東縣春日鄉士文村,115/09/02,楊大業,無,
屏東縣春日鄉七佳村,115/09/03,鄞美瑛,無,
屏東縣春日鄉歸崇村,115/09/02,林貴生,無,
屏東縣春日鄉力里村,115/09/02,湯志偉,無,
屏東縣春日鄉力里村,115/09/03,劉清吉,中國國民黨,
屏東縣獅子鄉楓林村,115/09/01,熊化文,無,
屏東縣獅子鄉楓林村,115/09/02,杜聰明,無,
屏東縣獅子鄉楓林村,115/09/04,溫芙蓉,無,
屏東縣獅子鄉丹路村,115/09/01,李國豪Kapi Imamula,無,
屏東縣獅子鄉草埔村,115/09/01,李秉勝,無,
屏東縣獅子鄉草埔村,115/09/01,洪志明Uliu ．Isausau,無,
屏東縣獅子鄉草埔村,115/09/03,玉秋生,無,
屏東縣獅子鄉草埔村,115/09/04,湯月軫,無,
屏東縣獅子鄉內文村,115/08/31,施正順 Lulji． Rutalengan,無,
屏東縣獅子鄉竹坑村,115/09/02,林光正,無,
屏東縣獅子鄉獅子村,115/09/01,林文旭,無,
屏東縣獅子鄉獅子村,115/09/01,郭進軍Kapi gal jegalj,無,
屏東縣獅子鄉獅子村,115/09/02,許美花umi val jaivai,無,
屏東縣獅子鄉內獅村,115/08/31,柯南,無,
屏東縣獅子鄉內獅村,115/09/01,卓浩榮,無,
屏東縣獅子鄉內獅村,115/09/03,山宏緯 Cingul Val jaivai,無,
屏東縣獅子鄉南世村,115/09/01,楊登福Api ．Vuruvur,無,
屏東縣牡丹鄉石門村,115/09/03,張字豪,無,
屏東縣牡丹鄉牡丹村,115/09/03,何漢明,無,
屏東縣牡丹鄉東源村,115/08/31,温詩晴,無,
屏東縣牡丹鄉東源村,115/09/02,洪成功,無,
屏東縣牡丹鄉東源村,115/09/02,陳國峯,無,
屏東縣牡丹鄉東源村,115/09/03,高江海,無,
屏東縣牡丹鄉旭海村,115/09/02,潘勳鶴,無,
屏東縣牡丹鄉高士村,115/09/02,許文亮,無,
屏東縣牡丹鄉高士村,115/09/04,余右偉,無,
屏東縣牡丹鄉四林村,115/08/31,賴鐵雄,無,
屏東縣牡丹鄉四林村,115/09/03,曾美娟,無,
宜蘭縣宜蘭市神農里,115/09/02,郭寶簧,無,
宜蘭縣宜蘭市民權里,115/09/02,劉國基,無,
宜蘭縣宜蘭市民權里,115/09/02,楊承浩,無,
宜蘭縣宜蘭市進士里,115/09/01,陳正達,無,
宜蘭縣宜蘭市進士里,115/09/03,許天賜,無,
宜蘭縣宜蘭市南橋里,115/09/02,陳進芳,無,
宜蘭縣宜蘭市南橋里,115/09/02,羅偉倫,無,
宜蘭縣宜蘭市南橋里,115/09/04,林慶榮,無,
宜蘭縣宜蘭市南橋里,115/09/04,林純慧,無,
宜蘭縣宜蘭市建業里,115/09/02,李永,無,
宜蘭縣宜蘭市建業里,115/09/02,余溪明,無,
宜蘭縣宜蘭市建業里,115/09/02,徐裕淵,無,
宜蘭縣宜蘭市南津里,115/09/01,林全和,無,
宜蘭縣宜蘭市南津里,115/09/02,林聰明,無,
宜蘭縣宜蘭市凱旋里,115/09/02,林振雄,無,
宜蘭縣宜蘭市凱旋里,115/09/02,林瑞皇,無,
宜蘭縣宜蘭市黎明里,115/09/02,尤學揚,無,
宜蘭縣宜蘭市黎明里,115/09/04,楊宇涵,無,
宜蘭縣宜蘭市東村里,115/09/02,林讚生,無,
宜蘭縣宜蘭市東村里,115/09/03,張鼎哲,無,
宜蘭縣宜蘭市延平里,115/09/02,林子豪,無,
宜蘭縣宜蘭市七張里,115/08/31,陳雋發,無,
宜蘭縣宜蘭市慈安里,115/09/02,曹日宏,無,
宜蘭縣宜蘭市新民里,115/09/02,周玉英,無,
宜蘭縣宜蘭市新民里,115/09/03,黃茂林,無,
宜蘭縣宜蘭市東門里,115/09/02,李茂庚,無,
宜蘭縣宜蘭市小東里,115/09/02,張友端,無,
宜蘭縣宜蘭市小東里,115/09/02,徐佳庭,無,
宜蘭縣宜蘭市菜園里,115/08/31,李璟洸,無,
宜蘭縣宜蘭市菜園里,115/09/02,林耀明,正神名黨,
宜蘭縣宜蘭市菜園里,115/09/02,張嫚玶,無,
宜蘭縣宜蘭市菜園里,115/09/02,林雅文,無,
宜蘭縣宜蘭市菜園里,115/09/02,鍾麗玉,無,
宜蘭縣宜蘭市孝廉里,115/09/02,洪偉倫,無,
宜蘭縣宜蘭市孝廉里,115/09/02,江聰明,無,
宜蘭縣宜蘭市孝廉里,115/09/03,金秀琴,無,
宜蘭縣宜蘭市孝廉里,115/09/04,王大吉,無,
宜蘭縣宜蘭市新生里,115/09/02,潘冠銘,無,
宜蘭縣宜蘭市新生里,115/09/02,何文昌,無,
宜蘭縣宜蘭市新生里,115/09/03,許文杉,無,
宜蘭縣宜蘭市新生里,115/09/04,林東世,無,
宜蘭縣宜蘭市茭白里,115/09/02,游舜超,無,
宜蘭縣宜蘭市北津里,115/09/02,吳聰德,無,
宜蘭縣宜蘭市梅洲里,115/09/01,陳中正,無,
宜蘭縣宜蘭市梅洲里,115/09/03,何憲忠,無,
宜蘭縣宜蘭市梅洲里,115/09/03,游西湖,無,
宜蘭縣宜蘭市北門里,115/08/31,陳正人,無,
宜蘭縣宜蘭市北門里,115/09/03,黃祥嵐,無,
宜蘭縣宜蘭市中山里,115/09/01,黃瑞添,無,
宜蘭縣宜蘭市西門里,115/09/02,林銘信,無,
宜蘭縣宜蘭市南門里,115/09/02,廖政達,無,
宜蘭縣宜蘭市負郭里,115/09/02,李春滿,無,
宜蘭縣宜蘭市負郭里,115/09/02,陳盈蓁,無,
宜蘭縣宜蘭市民族里,115/09/02,鄧蜀江,無,
宜蘭縣宜蘭市建軍里,115/09/02,黃勇任,無,
宜蘭縣宜蘭市思源里,115/09/02,曾南國,無,
宜蘭縣宜蘭市思源里,115/09/03,游孟哲,無,
宜蘭縣宜蘭市文化里,115/09/02,吳哲男,無,
宜蘭縣宜蘭市文化里,115/09/02,吳啓鴻,無,
宜蘭縣宜蘭市復興里,115/09/02,蕭美珠,無,
宜蘭縣宜蘭市復興里,115/09/02,許俊雄,無,
宜蘭縣宜蘭市成功里,115/09/03,張文城,無,
宜蘭縣宜蘭市新東里,115/09/03,潘富明,無,
宜蘭縣宜蘭市七結里,115/09/02,游景清,無,
宜蘭縣宜蘭市泰山里,115/08/31,魯孝忠,無,
宜蘭縣宜蘭市大新里,115/08/31,侯佩婷,無,
宜蘭縣宜蘭市中興里,115/09/02,蕭順天,無,
宜蘭縣宜蘭市中興里,115/09/03,陳鄧崧,無,
宜蘭縣宜蘭市擺厘里,115/08/31,吳明標,無,
宜蘭縣羅東鎮大新里,115/08/31,陳榮華,無,
宜蘭縣羅東鎮大新里,115/09/01,張峻浩,無,
宜蘭縣羅東鎮東安里,115/09/02,徐燈雄,無,
宜蘭縣羅東鎮東安里,115/09/02,林捷肇,無,
宜蘭縣羅東鎮新群里,115/09/01,鄭聰琳,無,
宜蘭縣羅東鎮羅莊里,115/09/02,張添財,無,
宜蘭縣羅東鎮南昌里,115/08/31,李玉雲,無,
宜蘭縣羅東鎮南豪里,115/08/31,林聰雄,無,
宜蘭縣羅東鎮成功里,115/08/31,張健祥,無,
宜蘭縣羅東鎮成功里,115/09/03,蔡朝金,無,
宜蘭縣羅東鎮仁德里,115/08/31,林啓東,無,
宜蘭縣羅東鎮漢民里,115/09/02,廖士謀,中國國民黨,
宜蘭縣羅東鎮漢民里,115/09/02,方星權,無,
宜蘭縣羅東鎮漢民里,115/09/03,郭素貞,無,
宜蘭縣羅東鎮西安里,115/08/31,陳秀英,無,
宜蘭縣羅東鎮西安里,115/09/02,劉文富,無,
宜蘭縣羅東鎮北成里,115/09/01,羅暳鎂,無,
宜蘭縣羅東鎮賢文里,115/08/31,張智傑,無,
宜蘭縣羅東鎮賢文里,115/09/04,蕭德忠,無,
宜蘭縣羅東鎮公正里,115/09/03,黃梓恩,民主進步黨,
宜蘭縣羅東鎮公正里,115/09/04,林豐裕,無,
宜蘭縣羅東鎮集祥里,115/09/01,黃文育,無,
宜蘭縣羅東鎮信義里,115/09/02,邱俊維,無,
宜蘭縣羅東鎮竹林里,115/08/31,吳俐葶,無,
宜蘭縣羅東鎮竹林里,115/09/04,黃松河,民主進步黨,
宜蘭縣羅東鎮仁愛里,115/09/02,陳漢松,民主進步黨,
宜蘭縣羅東鎮仁愛里,115/09/02,謝漢濤,無,
宜蘭縣羅東鎮樹林里,115/08/31,林淑如,無,
宜蘭縣羅東鎮國華里,115/09/02,陳志明,無,
宜蘭縣羅東鎮國華里,115/09/03,游文龍,無,
宜蘭縣羅東鎮國華里,115/09/04,張淑宜,無,
宜蘭縣羅東鎮維揚里,115/08/31,賴清裕,無,
宜蘭縣羅東鎮維揚里,115/09/02,李季美,無,
宜蘭縣羅東鎮維揚里,115/09/02,陳章琳,無,
宜蘭縣羅東鎮維揚里,115/09/04,陳世揚,無,
宜蘭縣羅東鎮開明里,115/09/02,李旭盛,無,
宜蘭縣羅東鎮中山里,115/08/31,魏綺嫺,無,
宜蘭縣羅東鎮仁和里,115/09/02,藍亮如,無,
宜蘭縣蘇澳鎮龍德里,115/08/31,何永龍,無,
宜蘭縣蘇澳鎮龍德里,115/08/31,賴桂蘭,無,
宜蘭縣蘇澳鎮龍德里,115/09/01,陳素琴,無,
宜蘭縣蘇澳鎮頂寮里,115/08/31,李寶連,無,
宜蘭縣蘇澳鎮頂寮里,115/09/03,張仁杰,無,
宜蘭縣蘇澳鎮永榮里,115/08/31,陳奕禎,無,
宜蘭縣蘇澳鎮永榮里,115/09/02,陳宗裕,無,
宜蘭縣蘇澳鎮永榮里,115/09/03,簡淑惠,無,
宜蘭縣蘇澳鎮存仁里,115/08/31,陳日方,無,
宜蘭縣蘇澳鎮存仁里,115/09/01,陳松根,無,
宜蘭縣蘇澳鎮存仁里,115/09/03,許富雄,無,
宜蘭縣蘇澳鎮港邊里,115/09/02,張正田,無,
宜蘭縣蘇澳鎮港邊里,115/09/04,林茂松,無,
宜蘭縣蘇澳鎮隘丁里,115/08/31,林栢儀,無,
宜蘭縣蘇澳鎮隘丁里,115/09/02,張正榮,無,
宜蘭縣蘇澳鎮隘丁里,115/09/02,林木樹,無,
宜蘭縣蘇澳鎮隘丁里,115/09/03,廖彩月,無,
宜蘭縣蘇澳鎮新城里,115/09/02,陳樹福,無,
宜蘭縣蘇澳鎮新城里,115/09/02,張義隆,無,
宜蘭縣蘇澳鎮聖湖里,115/08/31,陳順平,無,
宜蘭縣蘇澳鎮聖湖里,115/09/04,林恆郃,民主進步黨,
宜蘭縣蘇澳鎮蘇西里,115/09/02,楊光華,無,
宜蘭縣蘇澳鎮蘇西里,115/09/02,張惠禎,無,
宜蘭縣蘇澳鎮蘇西里,115/09/02,潘正谷,無,
宜蘭縣蘇澳鎮蘇北里,115/09/03,陳添琪,無,
宜蘭縣蘇澳鎮蘇南里,115/08/31,莊欽鴻,無,
宜蘭縣蘇澳鎮蘇東里,115/08/31,陳進明,無,
宜蘭縣蘇澳鎮蘇東里,115/09/02,陳芳如,無,
宜蘭縣蘇澳鎮長安里,115/08/31,薛兩福,無,
宜蘭縣蘇澳鎮長安里,115/09/01,張錫山,無,
宜蘭縣蘇澳鎮永光里,115/08/31,盧育順,中國國民黨,
宜蘭縣蘇澳鎮永春里,115/09/03,張盛國,無,
宜蘭縣蘇澳鎮永樂里,115/09/03,賴卓,無,
宜蘭縣蘇澳鎮永樂里,115/09/04,高瓊玲,無,
宜蘭縣蘇澳鎮南安里,115/09/02,羅興益,無,
宜蘭縣蘇澳鎮南安里,115/09/03,林金源,無,
宜蘭縣蘇澳鎮南正里,115/09/03,林明宗,無,
宜蘭縣蘇澳鎮南成里,115/09/03,陳如松,無,
宜蘭縣蘇澳鎮南成里,115/09/03,張誠烋,無,
宜蘭縣蘇澳鎮南興里,115/08/31,李文賓,無,
宜蘭縣蘇澳鎮南興里,115/09/03,張曜麟,無,
宜蘭縣蘇澳鎮南興里,115/09/03,傅瑞寬,無,
宜蘭縣蘇澳鎮南寧里,115/09/03,楊彩緹,無,
宜蘭縣蘇澳鎮南建里,115/09/03,沈國村,無,
宜蘭縣蘇澳鎮東澳里,115/09/02,林沂萱,無,
宜蘭縣蘇澳鎮南強里,115/08/31,潘振忠,無,
宜蘭縣蘇澳鎮南強里,115/09/01,林永寶,無,
宜蘭縣蘇澳鎮朝陽里,115/08/31,李順義,無,
宜蘭縣蘇澳鎮聖愛里,115/09/01,羅國偵,無,
宜蘭縣蘇澳鎮聖愛里,115/09/02,陳文財,無,
宜蘭縣頭城鎮石城里,115/09/03,沈榮華,無,
宜蘭縣頭城鎮大里里,115/09/02,鄭順利,無,
宜蘭縣頭城鎮大溪里,115/09/02,沈瑞雲,無,
宜蘭縣頭城鎮大溪里,115/09/04,藍五富,無,
宜蘭縣頭城鎮大溪里,115/09/04,魏日春,無,
宜蘭縣頭城鎮合興里,115/08/31,黃惠美,無,
宜蘭縣頭城鎮更新里,115/09/01,石永定,無,
宜蘭縣頭城鎮更新里,115/09/04,鄭美素,無,
宜蘭縣頭城鎮外澳里,115/08/31,張鐵瀚,無,
宜蘭縣頭城鎮港口里,115/08/31,李世田,無,
宜蘭縣頭城鎮武營里,115/09/01,游國添,無,
宜蘭縣頭城鎮大坑里,115/08/31,郭纘華,無,
宜蘭縣頭城鎮城東里,115/09/02,陳錫寶,無,
宜蘭縣頭城鎮城東里,115/09/04,陳瑋莉,無,
宜蘭縣頭城鎮城北里,115/09/02,胡志毅,無,
宜蘭縣頭城鎮城北里,115/09/03,林宜芳,無,
宜蘭縣頭城鎮城北里,115/09/04,林榮男,無,
宜蘭縣頭城鎮城西里,115/09/02,戴秀紅,無,
宜蘭縣頭城鎮城西里,115/09/02,林俊誠,無,
宜蘭縣頭城鎮城南里,115/09/04,林春三,無,
宜蘭縣頭城鎮竹安里,115/09/02,莊蔭,無,
宜蘭縣頭城鎮竹安里,115/09/02,林開長,無,
宜蘭縣頭城鎮新建里,115/09/03,王新驊,無,
宜蘭縣頭城鎮拔雅里,115/09/02,吳錫全,無,
宜蘭縣頭城鎮拔雅里,115/09/03,官序倲,無,
宜蘭縣頭城鎮福成里,115/09/03,鄒榮富,無,
宜蘭縣頭城鎮金面里,115/09/02,劉榮華,無,
宜蘭縣頭城鎮金面里,115/09/02,黃振昌,無,
宜蘭縣頭城鎮金盈里,115/09/01,朱朝陸,無,
宜蘭縣頭城鎮金盈里,115/09/02,林漢龍,無,
宜蘭縣頭城鎮頂埔里,115/09/01,宋來泉,無,
宜蘭縣頭城鎮頂埔里,115/09/04,蕭志弘,無,
宜蘭縣頭城鎮下埔里,115/08/31,林康含少,無,
宜蘭縣頭城鎮下埔里,115/09/01,蘇鎮芳,無,
宜蘭縣頭城鎮中崙里,115/09/02,黃民豐,無,
宜蘭縣頭城鎮中崙里,115/09/04,黃慶源,無,
宜蘭縣頭城鎮二城里,115/08/31,張金連,無,
宜蘭縣頭城鎮二城里,115/09/02,蔡敏益,無,
宜蘭縣頭城鎮龜山里,115/09/02,黃陳麗娟,無,
宜蘭縣頭城鎮龜山里,115/09/03,張清波,無,
宜蘭縣礁溪鄉白雲村,115/09/04,陸天賜,無,
宜蘭縣礁溪鄉玉石村,115/08/31,胡伯欽,無,
宜蘭縣礁溪鄉玉石村,115/09/02,黃梓青,無,
宜蘭縣礁溪鄉玉石村,115/09/02,游文哲,無,
宜蘭縣礁溪鄉德陽村,115/08/31,何衍財,中國國民黨,
宜蘭縣礁溪鄉德陽村,115/09/04,吳玉鳳,無,
宜蘭縣礁溪鄉大忠村,115/09/02,王明鸿,無,
宜蘭縣礁溪鄉大忠村,115/09/02,張介壽,中國國民黨,
宜蘭縣礁溪鄉大義村,115/09/02,游明信,無,
宜蘭縣礁溪鄉大義村,115/09/04,李欣倢,無,
宜蘭縣礁溪鄉六結村,115/08/31,林信忠,無,
宜蘭縣礁溪鄉六結村,115/09/01,林義果,無,
宜蘭縣礁溪鄉二龍村,115/08/31,林素霞,無,
宜蘭縣礁溪鄉二龍村,115/09/04,林文樹,無,
宜蘭縣礁溪鄉時潮村,115/08/31,顏玉桂,無,
宜蘭縣礁溪鄉玉田村,115/08/31,游新爐,無,
宜蘭縣礁溪鄉玉田村,115/09/01,吳俊傑,無,
宜蘭縣礁溪鄉三民村,115/09/02,賴阿華,無,
宜蘭縣礁溪鄉三民村,115/09/02,黃天助,無,
宜蘭縣礁溪鄉三民村,115/09/02,賴志忠,無,
宜蘭縣礁溪鄉林美村,115/09/01,游少淞,無,
宜蘭縣礁溪鄉林美村,115/09/02,游義川,無,
宜蘭縣礁溪鄉林美村,115/09/04,游有德,無,
宜蘭縣礁溪鄉白鵝村,115/08/31,江錦崑,無,
宜蘭縣礁溪鄉玉光村,115/09/02,鄭萬富,無,
宜蘭縣礁溪鄉玉光村,115/09/02,林明東,無,
宜蘭縣礁溪鄉光武村,115/08/31,蘇明鐘,無,
宜蘭縣礁溪鄉光武村,115/09/01,吳秀卿,無,
宜蘭縣礁溪鄉吳沙村,115/09/02,蕭聰池,無,
宜蘭縣礁溪鄉吳沙村,115/09/03,吳國銘,無,
宜蘭縣礁溪鄉龍潭村,115/09/02,吳明信,無,
宜蘭縣礁溪鄉龍潭村,115/09/02,李志文,無,
宜蘭縣礁溪鄉匏崙村,115/08/31,許旺全,無,
宜蘭縣礁溪鄉匏崙村,115/09/01,游義羲,無,
宜蘭縣礁溪鄉二結村,115/09/01,黃清連,無,
宜蘭縣礁溪鄉二結村,115/09/02,李朝福,無,
宜蘭縣壯圍鄉吉祥村,115/09/02,陳長壬,無,
宜蘭縣壯圍鄉吉祥村,115/09/03,林正芳,無,
宜蘭縣壯圍鄉美福村,115/09/02,黃啟翔,無,
宜蘭縣壯圍鄉新南村,115/09/02,簡勝南,無,
宜蘭縣壯圍鄉新南村,115/09/02,葉慶文,無,
宜蘭縣壯圍鄉東港村,115/09/01,林玉華,無,
宜蘭縣壯圍鄉東港村,115/09/02,林育槥,無,
宜蘭縣壯圍鄉東港村,115/09/03,林俊賢,無,
宜蘭縣壯圍鄉復興村,115/09/02,陳秀英,無,
宜蘭縣壯圍鄉復興村,115/09/04,林清球,無,
宜蘭縣壯圍鄉復興村,115/09/04,張永德,無,
宜蘭縣壯圍鄉過嶺村,115/09/02,李春田,無,
宜蘭縣壯圍鄉過嶺村,115/09/04,王歐瑋,無,
宜蘭縣壯圍鄉永鎮村,115/08/31,呂文章,無,
宜蘭縣壯圍鄉永鎮村,115/09/04,呂威翰,無,
宜蘭縣壯圍鄉古亭村,115/09/02,鄭文展,無,
宜蘭縣壯圍鄉古亭村,115/09/02,游象德,無,
宜蘭縣壯圍鄉功勞村,115/09/02,林福來,無,
宜蘭縣壯圍鄉功勞村,115/09/02,周文圮,無,
宜蘭縣壯圍鄉功勞村,115/09/02,藍惠民,無,
宜蘭縣壯圍鄉美城村,115/09/01,,無,
宜蘭縣壯圍鄉美城村,115/09/02,游忠信,無,
宜蘭縣壯圍鄉新社村,115/08/31,莊阿日,無,
宜蘭縣壯圍鄉新社村,115/09/03,周汶靚,無,
宜蘭縣壯圍鄉大福村,115/08/31,陳榮華,無,
宜蘭縣壯圍鄉古結村,115/09/03,賴少廷,無,
宜蘭縣壯圍鄉古結村,115/09/04,吳建利,無,
宜蘭縣壯圍鄉壯六村,115/08/31,李文正,無,
宜蘭縣壯圍鄉壯六村,115/09/03,張秀屘,無,
宜蘭縣壯圍鄉順和村,115/09/02,莊朝明,無,
宜蘭縣壯圍鄉美間村,115/09/02,林登益,無,
宜蘭縣員山鄉員山村,115/08/31,鄭惠正,無,
宜蘭縣員山鄉尚德村,115/09/02,黃境堂,無,
宜蘭縣員山鄉尚德村,115/09/03,林文昌,無,
宜蘭縣員山鄉惠好村,115/09/02,黃永乾,無,
宜蘭縣員山鄉惠好村,115/09/02,吳崇溢,無,
宜蘭縣員山鄉七賢村,115/09/03,林主義,無,
宜蘭縣員山鄉七賢村,115/09/03,馮文雄,無,
宜蘭縣員山鄉深溝村,115/09/01,張智華,無,
宜蘭縣員山鄉深溝村,115/09/03,張秀偉,無,
宜蘭縣員山鄉蓁巷村,115/08/31,蔡淳峰,無,
宜蘭縣員山鄉蓁巷村,115/08/31,陳金昌,無,
宜蘭縣員山鄉蓁巷村,115/09/02,張立和,無,
宜蘭縣員山鄉蓁巷村,115/09/03,吳嘉惠,無,
宜蘭縣員山鄉蓁巷村,115/09/04,吳清連,無,
宜蘭縣員山鄉內城村,115/09/02,鄭頂旺,無,
宜蘭縣員山鄉內城村,115/09/02,郭吉祥,無,
宜蘭縣員山鄉中華村,115/09/01,陳柏旭,正神名黨,
宜蘭縣員山鄉中華村,115/09/01,陳明華,無,
宜蘭縣員山鄉永和村,115/08/31,陳志豊,無,
宜蘭縣員山鄉頭分村,115/09/02,陳忠煒,無,
宜蘭縣員山鄉頭分村,115/09/03,李登富,無,
宜蘭縣員山鄉枕山村,115/08/31,莊新隆,無,
宜蘭縣員山鄉同樂村,115/09/01,張正昌,無,
宜蘭縣員山鄉湖東村,115/08/31,林永參,無,
宜蘭縣員山鄉逸仙村,115/08/31,廖文杰,無,
宜蘭縣員山鄉湖北村,115/09/03,陳永枝,無,
宜蘭縣員山鄉湖西村,115/09/02,李啓明,無,
宜蘭縣員山鄉湖西村,115/09/02,楊建榮,無,
宜蘭縣員山鄉金古村,115/08/31,楊榮振,無,
宜蘭縣員山鄉金古村,115/09/04,林金龍,無,
宜蘭縣員山鄉金泰村,115/08/31,林沛蓉,無,
宜蘭縣員山鄉金泰村,115/09/02,朱順琳,無,
宜蘭縣員山鄉金泰村,115/09/02,朱俊榮,無,
宜蘭縣冬山鄉武淵村,115/09/02,林福基,無,
宜蘭縣冬山鄉武淵村,115/09/03,張梓柱,民主進步黨,
宜蘭縣冬山鄉珍珠村,115/09/02,林自強,無,
宜蘭縣冬山鄉補城村,115/09/02,賴文農,無,
宜蘭縣冬山鄉三奇村,115/08/31,李正雄,無,
宜蘭縣冬山鄉三奇村,115/09/02,戴旺傳,無,
宜蘭縣冬山鄉大興村,115/09/02,邱紫菱,無,
宜蘭縣冬山鄉大興村,115/09/02,劉麗雪,無,
宜蘭縣冬山鄉東城村,115/09/02,王樹連,無,
宜蘭縣冬山鄉香和村,115/09/02,劉金獅,無,
宜蘭縣冬山鄉南興村,115/09/02,賴雲坤,無,
宜蘭縣冬山鄉南興村,115/09/04,葉仁義,無,
宜蘭縣冬山鄉冬山村,115/09/02,林松輝,無,
宜蘭縣冬山鄉冬山村,115/09/03,李細宗,無,
宜蘭縣冬山鄉安平村,115/08/31,陳文德,無,
宜蘭縣冬山鄉安平村,115/09/03,李連洲,無,
宜蘭縣冬山鄉太和村,115/08/31,游興昌,無,
宜蘭縣冬山鄉太和村,115/09/02,楊煌仁,無,
宜蘭縣冬山鄉八寶村,115/09/01,賴金龍,無,
宜蘭縣冬山鄉八寶村,115/09/02,康素真,無,
宜蘭縣冬山鄉丸山村,115/09/02,江清鴻,無,
宜蘭縣冬山鄉中山村,115/09/02,廖月蕙,無,
宜蘭縣冬山鄉順安村,115/09/02,林正欽,無,
宜蘭縣冬山鄉永美村,115/09/02,詹素華,無,
宜蘭縣冬山鄉永美村,115/09/04,盧宥元,無,
宜蘭縣冬山鄉群英村,115/09/02,廖政國,無,
宜蘭縣冬山鄉群英村,115/09/02,林阿東,民主進步黨,
宜蘭縣冬山鄉清溝村,115/09/02,陳志欽,無,
宜蘭縣冬山鄉清溝村,115/09/02,簡伯全,無,
宜蘭縣冬山鄉清溝村,115/09/03,曾紘彬,無,
宜蘭縣冬山鄉鹿埔村,115/08/31,林錫芳,無,
宜蘭縣冬山鄉鹿埔村,115/09/03,江榮波,無,
宜蘭縣冬山鄉得安村,115/08/31,曾佳慧,無,
宜蘭縣冬山鄉得安村,115/08/31,黃淑琦,無,
宜蘭縣冬山鄉得安村,115/09/02,廖素幸,無,
宜蘭縣冬山鄉得安村,115/09/02,謝茂雲,無,
宜蘭縣冬山鄉廣興村,115/09/01,謝串珠,無,
宜蘭縣冬山鄉廣興村,115/09/02,曾智忠,無,
宜蘭縣冬山鄉廣興村,115/09/04,林添榮,無,
宜蘭縣冬山鄉廣安村,115/09/02,呂榮裕,無,
宜蘭縣冬山鄉廣安村,115/09/04,廖德明,無,
宜蘭縣冬山鄉柯林村,115/09/02,林明義,無,
宜蘭縣冬山鄉大進村,115/08/31,張進益,無,
宜蘭縣冬山鄉大進村,115/09/02,陳明陽,無,
宜蘭縣五結鄉三興村,115/09/02,鐘益朗,無,
宜蘭縣五結鄉三興村,115/09/03,沈柏勳,無,
宜蘭縣五結鄉三興村,115/09/03,李俊達,無,
宜蘭縣五結鄉二結村,115/09/03,陳長泉,無,
宜蘭縣五結鄉鎮安村,115/09/02,游承鈺,無,
宜蘭縣五結鄉鎮安村,115/09/04,張朝松,民主進步黨,
宜蘭縣五結鄉上四村,115/09/02,林祥旺,無,
宜蘭縣五結鄉中興村,115/09/02,吳正騫,無,
宜蘭縣五結鄉四結村,115/09/02,李育堅,無,
宜蘭縣五結鄉四結村,115/09/03,簡茂山,無,
宜蘭縣五結鄉福興村,115/09/02,陳彩雲,無,
宜蘭縣五結鄉福興村,115/09/03,林謝睿緯,無,
宜蘭縣五結鄉五結村,115/09/01,陳昱良,無,
宜蘭縣五結鄉五結村,115/09/02,黃文宏,無,
宜蘭縣五結鄉五結村,115/09/02,黃傑,無,
宜蘭縣五結鄉大吉村,115/09/02,林建祥,無,
宜蘭縣五結鄉大吉村,115/09/03,何孟庭,無,
宜蘭縣五結鄉協和村,115/08/31,簡伯晟,無,
宜蘭縣五結鄉協和村,115/09/02,謝錫福,無,
宜蘭縣五結鄉協和村,115/09/02,蔡俊長,無,
宜蘭縣五結鄉協和村,115/09/03,林耀華,無,
宜蘭縣五結鄉協和村,115/09/03,林虔國,無,
宜蘭縣五結鄉孝威村,115/09/02,曾秋萍,無,
宜蘭縣五結鄉錦眾村,115/09/02,邱政富,無,
宜蘭縣五結鄉錦眾村,115/09/03,劉德明,無,
宜蘭縣五結鄉利澤村,115/09/01,蔡沐璇,無,
宜蘭縣五結鄉利澤村,115/09/02,林何良,無,
宜蘭縣五結鄉利澤村,115/09/04,張惠恩,無,
宜蘭縣五結鄉成興村,115/09/02,翁木川,無,
宜蘭縣五結鄉成興村,115/09/03,邱士銘,無,
宜蘭縣五結鄉季新村,115/09/02,林敏雄,無,
宜蘭縣五結鄉季新村,115/09/03,陳源禾,無,
宜蘭縣三星鄉員山村,115/09/02,林進興,無,
宜蘭縣三星鄉天山村,115/09/02,廖智盛,無,
宜蘭縣三星鄉天山村,115/09/03,鄭玉寅,無,
宜蘭縣三星鄉天福村,115/09/02,吳春桃,無,
宜蘭縣三星鄉天福村,115/09/02,羅慶文,無,
宜蘭縣三星鄉雙賢村,115/09/03,張荃琅,無,
宜蘭縣三星鄉雙賢村,115/09/04,吳炎昌,無,
宜蘭縣三星鄉雙賢村,115/09/04,李鑫鎔,無,
宜蘭縣三星鄉人和村,115/09/03,李淑卿,無,
宜蘭縣三星鄉義德村,115/09/02,陳清泉,無,
宜蘭縣三星鄉集慶村,115/09/03,彭正賢,無,
宜蘭縣三星鄉月眉村,115/09/02,王全龍,無,
宜蘭縣三星鄉拱照村,115/09/02,江琳琳,無,
宜蘭縣三星鄉拱照村,115/09/03,俞錦昌,無,
宜蘭縣三星鄉拱照村,115/09/03,項小芬,無,
宜蘭縣三星鄉大隱村,115/09/02,林建銘,無,
宜蘭縣三星鄉大隱村,115/09/04,游茂山,無,
宜蘭縣三星鄉行健村,115/09/03,張文章,無,
宜蘭縣三星鄉行健村,115/09/03,邱士華,無,
宜蘭縣三星鄉萬德村,115/09/01,陳長森,無,
宜蘭縣三星鄉貴林村,115/09/03,張秋恩,無,
宜蘭縣三星鄉貴林村,115/09/04,吳添登,無,
宜蘭縣三星鄉萬富村,115/09/02,羅惠恩,無,
宜蘭縣三星鄉萬富村,115/09/03,廖淑婉,無,
宜蘭縣三星鄉大義村,115/09/04,朱寶貴,無,
宜蘭縣三星鄉尚武村,115/09/02,劉素英,無,
宜蘭縣三星鄉尚武村,115/09/02,游國明,無,
宜蘭縣三星鄉尚武村,115/09/02,黃麗玲,無,
宜蘭縣三星鄉大洲村,115/09/02,陳信仁,無,
宜蘭縣三星鄉大洲村,115/09/03,陳奇鴻,無,
宜蘭縣三星鄉尾塹村,115/08/31,游金鐘,無,
宜蘭縣三星鄉尾塹村,115/09/02,張桂銘,無,
宜蘭縣三星鄉尾塹村,115/09/03,林志宏,無,
宜蘭縣大同鄉寒溪村,115/09/02,董經國,無,
宜蘭縣大同鄉崙埤村,115/08/31,蔡元慶,無,
宜蘭縣大同鄉崙埤村,115/09/02,雅威米尚,無,
宜蘭縣大同鄉崙埤村,115/09/04,胡建明,無,
宜蘭縣大同鄉松羅村,115/09/01,林裔璽,無,
宜蘭縣大同鄉松羅村,115/09/02,陳成文,無,
宜蘭縣大同鄉復興村,115/09/02,何鳳珠,無,
宜蘭縣大同鄉英士村,115/08/31,鍾明通,無,
宜蘭縣大同鄉英士村,115/09/03,鐘正志,無,
宜蘭縣大同鄉樂水村,115/09/01,張學文,中國國民黨,
宜蘭縣大同鄉樂水村,115/09/03,高信正,無,
宜蘭縣大同鄉太平村,115/08/31,李銘宜,無,
宜蘭縣大同鄉四季村,115/08/31,羅立雄,無,
宜蘭縣大同鄉四季村,115/09/01,蘇爾迦,無,
宜蘭縣大同鄉四季村,115/09/02,黃澄福,中國國民黨,
宜蘭縣大同鄉四季村,115/09/04,莎韻北輝,無,
宜蘭縣大同鄉南山村,115/09/01,潘文光,無,
宜蘭縣大同鄉南山村,115/09/02,伊雅文,無,
宜蘭縣大同鄉茂安村,115/09/01,董宜忠,中國國民黨,
宜蘭縣南澳鄉南澳村,115/09/01,松亜倫,中國國民黨,
宜蘭縣南澳鄉南澳村,115/09/03,陳克強,無,
宜蘭縣南澳鄉碧候村,115/08/31,羅瑪利,無,
宜蘭縣南澳鄉碧候村,115/08/31,楊惠珍,無,
宜蘭縣南澳鄉碧候村,115/09/01,江光明,無,
宜蘭縣南澳鄉碧候村,115/09/02,王建國,中國國民黨,
宜蘭縣南澳鄉碧候村,115/09/03,林茂生,無,
宜蘭縣南澳鄉東岳村,115/09/02,楊秀春,無,
宜蘭縣南澳鄉東岳村,115/09/04,林建國,無,
宜蘭縣南澳鄉金岳村,115/09/02,古元順,無,
宜蘭縣南澳鄉金岳村,115/09/03,陳國禎,無,
宜蘭縣南澳鄉武塔村,115/09/01,曹約伯,中國國民黨,
宜蘭縣南澳鄉金洋村,115/09/02,范守臣,中國國民黨,
宜蘭縣南澳鄉金洋村,115/09/02,林啓鐘,無,
宜蘭縣南澳鄉金洋村,115/09/03,游正達,無,
宜蘭縣南澳鄉金洋村,115/09/04,羅正義,無,
宜蘭縣南澳鄉澳花村,115/09/01,池振坤,無,
宜蘭縣南澳鄉澳花村,115/09/02,曾義忠,無,
花蓮縣花蓮市民立里,115/09/02,李昌達,無,
花蓮縣花蓮市民立里,115/09/04,蕭文龍,無,
花蓮縣花蓮市民立里,115/09/04,張萱,無,
花蓮縣花蓮市民運里,115/09/02,林美靜,中國國民黨,
花蓮縣花蓮市民運里,115/09/02,林憶菁,無,
花蓮縣花蓮市民族里,115/09/01,林建順,無,
花蓮縣花蓮市民族里,115/09/02,張東耀,中國國民黨,
花蓮縣花蓮市主信里,115/09/02,吳健澧,中國國民黨,
花蓮縣花蓮市主信里,115/09/04,黃桂福,無,
花蓮縣花蓮市主睦里,115/08/31,黃榮康,中國國民黨,
花蓮縣花蓮市主和里,115/08/31,高健雄,無,
花蓮縣花蓮市主和里,115/08/31,沈世玲,無,
花蓮縣花蓮市主和里,115/09/04,黃興家,無,
花蓮縣花蓮市國威里,115/09/02,胡維鴻,中國國民黨,
花蓮縣花蓮市國威里,115/09/02,李佳紘,中國國民黨,
花蓮縣花蓮市國風里,115/09/02,黃秀霖,中國國民黨,
花蓮縣花蓮市國風里,115/09/02,王泰文,無,
花蓮縣花蓮市國風里,115/09/03,潘美雲,民主進步黨,
花蓮縣花蓮市國風里,115/09/03,鍾文宏,無,
花蓮縣花蓮市國風里,115/09/04,張安恬,無,
花蓮縣花蓮市民德里,115/08/31,李國維,無,
花蓮縣花蓮市民德里,115/09/01,李福輝,無,
花蓮縣花蓮市民德里,115/09/02,周玉寶,中國國民黨,
花蓮縣花蓮市民意里,115/08/31,顏春有,中國國民黨,
花蓮縣花蓮市主義里,115/08/31,蔡佳憲,中國國民黨,
花蓮縣花蓮市主義里,115/09/01,楊宗翰,無,
花蓮縣花蓮市主工里,115/09/02,姜梅蘭,中國國民黨,
花蓮縣花蓮市主農里,115/09/02,劉冠宏,中國國民黨,
花蓮縣花蓮市主農里,115/09/03,賴宗韋,民主進步黨,
花蓮縣花蓮市國治里,115/08/31,林建岐,中國國民黨,
花蓮縣花蓮市國富里,115/09/03,江金輿,中國國民黨,
花蓮縣花蓮市國富里,115/09/04,張宏恩,無,
花蓮縣花蓮市民政里,115/08/31,林志鵬,中國國民黨,
花蓮縣花蓮市民勤里,115/08/31,郭映彤,民主進步黨,
花蓮縣花蓮市民勤里,115/09/03,黎新順,中國國民黨,
花蓮縣花蓮市民勤里,115/09/03,潘俊良,無,
花蓮縣花蓮市民生里,115/09/02,吳明崇,民主進步黨,
花蓮縣花蓮市主商里,115/09/02,廖大慶,中國國民黨,
花蓮縣花蓮市主商里,115/09/02,李固安,無,
花蓮縣花蓮市主學里,115/09/02,陳宏昇,無,
花蓮縣花蓮市主學里,115/09/03,林國寶,無,
花蓮縣花蓮市國光里,115/08/31,魏陽進,中國國民黨,
花蓮縣花蓮市國光里,115/09/03,谷欣穎,無,
花蓮縣花蓮市國光里,115/09/03,趙緯程,無,
花蓮縣花蓮市國聯里,115/08/31,簡光臺,無,
花蓮縣花蓮市國聯里,115/09/02,呂安東,青年陽光黨,
花蓮縣花蓮市國聯里,115/09/02,林靜芬,中國國民黨,
花蓮縣花蓮市國強里,115/08/31,吳逸仁,中國國民黨,
花蓮縣花蓮市民心里,115/08/31,孫華祥,無,
花蓮縣花蓮市民樂里,115/08/31,王漢君,無,
花蓮縣花蓮市民樂里,115/08/31,黃村吉,中國國民黨,
花蓮縣花蓮市民樂里,115/09/02,陳欣璐,美麗無限黨,
花蓮縣花蓮市民主里,115/09/02,許訓瑜,中國國民黨,
花蓮縣花蓮市主勤里,115/08/31,蔡烈旗,中國國民黨,
花蓮縣花蓮市主勤里,115/09/02,戴廖婉容,中國國民黨,
花蓮縣花蓮市主勤里,115/09/03,賴正雄,中國國民黨,
花蓮縣花蓮市主力里,115/08/31,林建成,中國國民黨,
花蓮縣花蓮市國安里,115/09/03,楊霽,無,
花蓮縣花蓮市國安里,115/09/04,蔡月琴,中國國民黨,
花蓮縣花蓮市國魂里,115/09/02,趙瑞平,中國國民黨,
花蓮縣花蓮市國魂里,115/09/03,張俊偉,無,
花蓮縣花蓮市國慶里,115/09/03,林群上,無,
花蓮縣花蓮市民享里,115/08/31,徐靖縈,中國國民黨,
花蓮縣花蓮市民享里,115/09/02,張翊菲,民主進步黨,
花蓮縣花蓮市民享里,115/09/03,潘信良,無,
花蓮縣花蓮市民有里,115/08/31,簡振福,無,
花蓮縣花蓮市民有里,115/09/02,朱家瑩,中國國民黨,
花蓮縣花蓮市民有里,115/09/02,寶曼玲,無,
花蓮縣花蓮市民權里,115/09/02,劉原良,中國國民黨,
花蓮縣花蓮市主計里,115/08/31,張家寧,中國國民黨,
花蓮縣花蓮市主權里,115/08/31,陳悅芳,中國國民黨,
花蓮縣花蓮市主權里,115/09/02,蔡尚志,無,
花蓮縣花蓮市主權里,115/09/03,鄭程業,無,
花蓮縣花蓮市國華里,115/09/02,林軒羽,中國國民黨,
花蓮縣花蓮市國華里,115/09/03,李清華,無,
花蓮縣花蓮市國防里,115/08/31,黃強,無,
花蓮縣花蓮市國福里,115/09/02,黃洄,無,
花蓮縣花蓮市國福里,115/09/03,李鳳凰,中國國民黨,
花蓮縣花蓮市國福里,115/09/03,莊承昀,無,
花蓮縣花蓮市國裕里,115/09/01,杜曉炬,中國國民黨,
花蓮縣花蓮市主安里,115/09/01,許時章,無,
花蓮縣花蓮市主安里,115/09/01,黃美菱,無,
花蓮縣花蓮市國盛里,115/08/31,林畯雄,中國國民黨,
花蓮縣花蓮市國盛里,115/09/02,周玉梅,新生黨,
花蓮縣花蓮市國興里,115/08/31,俞慧君,中國國民黨,
花蓮縣花蓮市國興里,115/09/02,廖伯睿,無,
花蓮縣花蓮市民孝里,115/09/02,李慧琪,無,
花蓮縣花蓮市民孝里,115/09/02,黃石貴,中國國民黨,
花蓮縣鳳林鎮鳳仁里,115/09/03,陳彥傑,無,
花蓮縣鳳林鎮鳳義里,115/09/02,黃淑香,無,
花蓮縣鳳林鎮鳳禮里,115/08/31,黃清陽,無,
花蓮縣鳳林鎮鳳禮里,115/09/03,郭妍希,無,
花蓮縣鳳林鎮鳳智里,115/09/03,黃靜宜,無,
花蓮縣鳳林鎮鳳智里,115/09/04,涂守弘,無,
花蓮縣鳳林鎮鳳信里,115/08/31,張振華,中國國民黨,
花蓮縣鳳林鎮鳳信里,115/09/02,徐東鎮,無,
花蓮縣鳳林鎮鳳信里,115/09/03,羅一全,無,
花蓮縣鳳林鎮山興里,115/09/02,謝盛宜 Calaw Kaniw,無,
花蓮縣鳳林鎮山興里,115/09/02,陳鈞杰,無,
花蓮縣鳳林鎮山興里,115/09/03,楊惠鎂,無,
花蓮縣鳳林鎮大榮里,115/09/03,莊秀英,中國國民黨,
花蓮縣鳳林鎮北林里,115/09/02,邱煥光,無,
花蓮縣鳳林鎮北林里,115/09/02,鄧光明Jiru Cibi,無,
花蓮縣鳳林鎮北林里,115/09/03,黃正輝,無,
花蓮縣鳳林鎮南平里,115/09/02,陳文乾,無,
花蓮縣鳳林鎮林榮里,115/09/03,陳嬌妹,中國國民黨,
花蓮縣鳳林鎮長橋里,115/08/31,邱進崑,無,
花蓮縣鳳林鎮森榮里,115/09/02,唐青萍,無,
花蓮縣鳳林鎮森榮里,115/09/03,張雪娥Sice ．Dengos,中國國民黨,
花蓮縣玉里鎮中城里,115/09/02,潘建成,中國國民黨,
花蓮縣玉里鎮中城里,115/09/03,魏榮生,中國國民黨,
花蓮縣玉里鎮啟模里,115/08/31,陳文祥,民主進步黨,
花蓮縣玉里鎮永昌里,115/09/03,趙琦文,無,
花蓮縣玉里鎮泰昌里,115/09/02,張萬元,中國國民黨,
花蓮縣玉里鎮泰昌里,115/09/03,李家樑,中國國民黨,
花蓮縣玉里鎮泰昌里,115/09/04,李乃昇,無,
花蓮縣玉里鎮國武里,115/09/02,陳玉蘭,中國國民黨,
花蓮縣玉里鎮國武里,115/09/03,王劉守城,無,
花蓮縣玉里鎮源城里,115/09/02,倪金蘭,無,
花蓮縣玉里鎮源城里,115/09/03,葉原青,無,
花蓮縣玉里鎮源城里,115/09/04,陳孔文,無,
花蓮縣玉里鎮長良里,115/09/03,陳文華,無,
花蓮縣玉里鎮樂合里,115/09/01,林桂興,無,
花蓮縣玉里鎮樂合里,115/09/03,陳阿洲,中國國民黨,
花蓮縣玉里鎮東豐里,115/09/04,周富美,無,
花蓮縣玉里鎮觀音里,115/09/02,陳金寶,中國國民黨,
花蓮縣玉里鎮松浦里,115/08/31,陳錦忠,無,
花蓮縣玉里鎮春日里,115/09/01,黎玉雄,無,
花蓮縣玉里鎮春日里,115/09/03,陳青廉,中國國民黨,
花蓮縣玉里鎮德武里,115/09/02,楊敏雄,中國國民黨,
花蓮縣玉里鎮德武里,115/09/03,楊朝枝,無,
花蓮縣玉里鎮三民里,115/09/03,葉佳樹,無,
花蓮縣玉里鎮三民里,115/09/03,古富廣,無,
花蓮縣玉里鎮三民里,115/09/03,蔡貴富,無,
花蓮縣玉里鎮大禹里,115/09/02,孔慶君,無,
花蓮縣玉里鎮大禹里,115/09/03,張添富,無,
花蓮縣新城鄉新城村,115/09/02,胡國雄,中國國民黨,
花蓮縣新城鄉新城村,115/09/04,曹三曜,無,
花蓮縣新城鄉順安村,115/09/02,黃仲祥,無,
花蓮縣新城鄉康樂村,115/09/02,許秀鳳,無,
花蓮縣新城鄉康樂村,115/09/02,賴明進,中國國民黨,
花蓮縣新城鄉康樂村,115/09/03,傅正忠,無,
花蓮縣新城鄉北埔村,115/09/02,黃淑貞,中國國民黨,
花蓮縣新城鄉佳林村,115/09/02,陳文豪,中國國民黨,
花蓮縣新城鄉佳林村,115/09/02,張明賢,無,
花蓮縣新城鄉嘉里村,115/09/02,何禮鳳,中國國民黨,
花蓮縣新城鄉嘉里村,115/09/02,李金昌均,中國國民黨,
花蓮縣新城鄉嘉新村,115/08/31,陳建龍,無,
花蓮縣新城鄉嘉新村,115/08/31,邱昭銘,無,
花蓮縣新城鄉嘉新村,115/09/01,劉曉曄,無,
花蓮縣新城鄉嘉新村,115/09/04,翁東發,中國國民黨,
花蓮縣新城鄉大漢村,115/09/01,李添富,中國國民黨,
花蓮縣新城鄉大漢村,115/09/03,文發富,無,
花蓮縣新城鄉新秀村,115/09/01,王秋香,中國國民黨,
花蓮縣新城鄉新秀村,115/09/02,林文德,無,
花蓮縣吉安鄉北昌村,115/09/03,劉文賢,中國國民黨,
花蓮縣吉安鄉北昌村,115/09/03,林益丞,無,
花蓮縣吉安鄉北昌村,115/09/04,黃文豪,無,
花蓮縣吉安鄉勝安村,115/09/03,陳羿華,中國國民黨,
花蓮縣吉安鄉太昌村,115/09/02,潘水木,無,
花蓮縣吉安鄉太昌村,115/09/02,李庭嬅,無,
花蓮縣吉安鄉永安村,115/09/02,郭仁添,中國國民黨,
花蓮縣吉安鄉慶豐村,115/09/03,蕭善杰,中國國民黨,
花蓮縣吉安鄉慶豐村,115/09/04,王淑娟,人民民主黨,
花蓮縣吉安鄉吉安村,115/09/02,田秀鳳,中國國民黨,
花蓮縣吉安鄉吉安村,115/09/02,劉珈汶,無,
花蓮縣吉安鄉吉安村,115/09/04,温金勝,無,
花蓮縣吉安鄉福興村,115/08/31,黃駿緯,中國國民黨,
花蓮縣吉安鄉南華村,115/08/31,蕭萬生,中國國民黨,
花蓮縣吉安鄉南華村,115/09/01,余瑞宏,無,
花蓮縣吉安鄉干城村,115/09/03,林世昌,中國國民黨,
花蓮縣吉安鄉干城村,115/09/03,高秋華,無,
花蓮縣吉安鄉永興村,115/09/02,陳源忠,中國國民黨,
花蓮縣吉安鄉稻香村,115/09/02,黃松生,無,
花蓮縣吉安鄉稻香村,115/09/03,鄧桂英,中國國民黨,
花蓮縣吉安鄉南昌村,115/09/01,林燕青,無,
花蓮縣吉安鄉南昌村,115/09/01,巫金弘,無,
花蓮縣吉安鄉南昌村,115/09/04,陳振興,中國國民黨,
花蓮縣吉安鄉宜昌村,115/08/31,陳玉明,無,
花蓮縣吉安鄉宜昌村,115/09/02,黃志源,中國國民黨,
花蓮縣吉安鄉仁里村,115/09/02,范國昌,中國國民黨,
花蓮縣吉安鄉仁里村,115/09/02,彭文謙,無,
花蓮縣吉安鄉東昌村,115/08/31,鄧運祿 Kincyang Sawmah,無,
花蓮縣吉安鄉東昌村,115/09/02,魏錦添,中國國民黨,
花蓮縣吉安鄉仁安村,115/09/02,廖子紳,無,
花蓮縣吉安鄉仁安村,115/09/02,邱振文,無,
花蓮縣吉安鄉仁安村,115/09/02,楊敏誠,無,
花蓮縣吉安鄉仁安村,115/09/03,林冠宇,中國國民黨,
花蓮縣吉安鄉仁和村,115/09/02,賴明章,無,
花蓮縣吉安鄉仁和村,115/09/03,陳胤均,無,
花蓮縣吉安鄉仁和村,115/09/04,陳淑美,中國國民黨,
花蓮縣吉安鄉光華村,115/09/03,葉光南,無,
花蓮縣吉安鄉光華村,115/09/03,石福春,中國國民黨,
花蓮縣吉安鄉吉昌村,115/09/03,黃馨瑩,無,
花蓮縣吉安鄉吉昌村,115/09/03,蔡新波,中國國民黨,
花蓮縣壽豐鄉樹湖村,115/09/02,彭榮華,中國國民黨,
花蓮縣壽豐鄉樹湖村,115/09/04,游雨蓁,無,
花蓮縣壽豐鄉溪口村,115/09/01,温幸惠,中國國民黨,
花蓮縣壽豐鄉溪口村,115/09/02,張大志 Lu'Ikung,無,
花蓮縣壽豐鄉溪口村,115/09/03,吳玉雙,無,
花蓮縣壽豐鄉溪口村,115/09/04,黃長泰,無,
花蓮縣壽豐鄉豐山村,115/08/31,鄭淑卿,無,
花蓮縣壽豐鄉豐山村,115/09/02,梁德仁,中國國民黨,
花蓮縣壽豐鄉豐裡村,115/09/02,鍾曜宇,無,
花蓮縣壽豐鄉豐坪村,115/08/31,王貴玉 lciyang Sabak,無,
花蓮縣壽豐鄉豐坪村,115/09/02,游淑霞,無,
花蓮縣壽豐鄉共和村,115/09/01,錢玉南,中國國民黨,
花蓮縣壽豐鄉共和村,115/09/02,黃彥璋,無,
花蓮縣壽豐鄉壽豐村,115/08/31,諶仲泰,無,
花蓮縣壽豐鄉光榮村,115/08/31,林輝雄,無,
花蓮縣壽豐鄉光榮村,115/09/01,陳一星,中國國民黨,
花蓮縣壽豐鄉光榮村,115/09/04,胡阿明,無,
花蓮縣壽豐鄉池南村,115/09/02,柯貴腾,無,
花蓮縣壽豐鄉池南村,115/09/02,張彩香,無,
花蓮縣壽豐鄉池南村,115/09/02,伍秀蘭,無,
花蓮縣壽豐鄉池南村,115/09/02,張清飛,無,
花蓮縣壽豐鄉平和村,115/09/01,張裕勝,無,
花蓮縣壽豐鄉志學村,115/08/31,鄭輝雄,無,
花蓮縣壽豐鄉志學村,115/09/02,蔡漢東,無,
花蓮縣壽豐鄉米棧村,115/09/02,劉素英,無,
花蓮縣壽豐鄉米棧村,115/09/03,許炎煌,無,
花蓮縣壽豐鄉月眉村,115/09/01,張添發,中國國民黨,
花蓮縣壽豐鄉月眉村,115/09/03,張美妹 Ciyaw Anang,無,
花蓮縣壽豐鄉月眉村,115/09/04,林進財,無,
花蓮縣壽豐鄉水璉村,115/08/31,李建豐,無,
花蓮縣壽豐鄉水璉村,115/09/02,蔡素月,無,
花蓮縣壽豐鄉鹽寮村,115/08/31,簡福其,無,
花蓮縣光復鄉大安村,115/08/31,徐振雄,無,
花蓮縣光復鄉大安村,115/08/31,石惠美,無,
花蓮縣光復鄉大安村,115/09/02,呂光輝,中國國民黨,
花蓮縣光復鄉大華村,115/08/31,曾天滄,中國國民黨,
花蓮縣光復鄉大華村,115/09/02,張育維,無,
花蓮縣光復鄉大華村,115/09/03,管聖忠,無,
花蓮縣光復鄉大平村,115/08/31,曾培靈,無,
花蓮縣光復鄉大平村,115/09/02,黃俊龍,無,
花蓮縣光復鄉大平村,115/09/02,李金土,中國國民黨,
花蓮縣光復鄉大馬村,115/09/02,林秀美 Rngos‧Ofo,無,
花蓮縣光復鄉大馬村,115/09/02,王梓安,無,
花蓮縣光復鄉大同村,115/09/02,邱金仲,無,
花蓮縣光復鄉大同村,115/09/03,范網能,無,
花蓮縣光復鄉大進村,115/08/31,林正立,無,
花蓮縣光復鄉大進村,115/09/02,黃銘漳,無,
花蓮縣光復鄉大進村,115/09/02,賴建宏,無,
花蓮縣光復鄉大全村,115/08/31,林淑珍,無,
花蓮縣光復鄉大興村,115/09/03,林忠賢,無,
花蓮縣光復鄉大興村,115/09/03,劉建榮,中國國民黨,
花蓮縣光復鄉大興村,115/09/04,許輩燕,中國國民黨,
花蓮縣光復鄉大富村,115/09/02,賴裕盛,無,
花蓮縣光復鄉大富村,115/09/02,許阿益,無,
花蓮縣光復鄉大豐村,115/09/02,黃紹貫,無,
花蓮縣光復鄉大豐村,115/09/02,江少乾,無,
花蓮縣光復鄉東富村,115/08/31,黃建桐,無,
花蓮縣光復鄉東富村,115/09/02,林德秀 Sawmah＇ Olaw,無,
花蓮縣光復鄉東富村,115/09/02,田龍祥,無,
花蓮縣光復鄉西富村,115/08/31,王天祥,無,
花蓮縣光復鄉西富村,115/09/02,楊錦輝,無,
花蓮縣光復鄉西富村,115/09/02,劉貴滿,中國國民黨,
花蓮縣光復鄉西富村,115/09/04,孫銘啟,無,
花蓮縣光復鄉南富村,115/08/31,林萬德 Kaniw． Fono,中國國民黨,
花蓮縣光復鄉南富村,115/09/03,林順成 Mayaw Wano,無,
花蓮縣光復鄉南富村,115/09/03,黃德生,中國國民黨,
花蓮縣光復鄉北富村,115/08/31,黃進正,無,
花蓮縣光復鄉北富村,115/09/03,鄭福壽,無,
花蓮縣光復鄉北富村,115/09/04,摩力．旮禾 地Moli Ka'ti,無,
花蓮縣光復鄉北富村,115/09/04,李惠英,無,
花蓮縣豐濱鄉豐濱村,115/08/31,蔡賢山Iyu ．Looh,無,
花蓮縣豐濱鄉新社村,115/09/02,江素珍,全國人民黨,
花蓮縣豐濱鄉新社村,115/09/04,潘禎祥,無,
花蓮縣豐濱鄉磯崎村,115/09/01,李青福,無,
花蓮縣豐濱鄉磯崎村,115/09/02,劉振生 Tayto． Kacaw,無,
花蓮縣豐濱鄉港口村,115/09/01,陳杰敏,無,
花蓮縣豐濱鄉港口村,115/09/02,許先忠,無,
花蓮縣豐濱鄉靜浦村,115/09/02,黃建治,無,
花蓮縣豐濱鄉靜浦村,115/09/03,蔡秀美,無,
花蓮縣豐濱鄉靜浦村,115/09/03,林歆琳,無,
花蓮縣豐濱鄉靜浦村,115/09/03,張世廣,無,
花蓮縣瑞穗鄉瑞穗村,115/09/02,羅文鑑,無,
花蓮縣瑞穗鄉瑞美村,115/09/02,林禹賢,無,
花蓮縣瑞穗鄉瑞良村,115/09/02,林金寶,無,
花蓮縣瑞穗鄉瑞良村,115/09/03,蘇丁財,無,
花蓮縣瑞穗鄉瑞祥村,115/09/02,黃崧庭,無,
花蓮縣瑞穗鄉瑞祥村,115/09/02,邱建民,無,
花蓮縣瑞穗鄉瑞北村,115/09/02,張進忠,無,
花蓮縣瑞穗鄉瑞北村,115/09/02,李孔忠,無,
花蓮縣瑞穗鄉瑞北村,115/09/04,朱仁貴,無,
花蓮縣瑞穗鄉舞鶴村,115/09/02,楊明林,中國國民黨,
花蓮縣瑞穗鄉舞鶴村,115/09/02,賴志明,無,
花蓮縣瑞穗鄉鶴岡村,115/09/02,羅峰,無,
花蓮縣瑞穗鄉鶴岡村,115/09/02,余新德,無,
花蓮縣瑞穗鄉鶴岡村,115/09/03,陳建城,中國國民黨,
花蓮縣瑞穗鄉奇美村,115/09/02,蔣國雄,無,
花蓮縣瑞穗鄉富源村,115/09/01,李文貴,中國國民黨,
花蓮縣瑞穗鄉富源村,115/09/02,蔡志松,無,
花蓮縣瑞穗鄉富源村,115/09/03,余文堂,無,
花蓮縣瑞穗鄉富民村,115/08/31,李金德,中國國民黨,
花蓮縣瑞穗鄉富民村,115/08/31,林金山,無,
花蓮縣瑞穗鄉富興村,115/09/02,吳家耀,無,
花蓮縣瑞穗鄉富興村,115/09/02,陳精浩,無,
花蓮縣富里鄉吳江村,115/09/02,徐添龍,中國國民黨,
花蓮縣富里鄉吳江村,115/09/03,葉見喨,無,
花蓮縣富里鄉東里村,115/08/31,彭裕南,無,
花蓮縣富里鄉東里村,115/09/01,黃建偉,無,
花蓮縣富里鄉東里村,115/09/02,劉青河,中國國民黨,
花蓮縣富里鄉東里村,115/09/04,袁聲銓,無,
花蓮縣富里鄉萬寧村,115/08/31,徐賢淵,無,
花蓮縣富里鄉新興村,115/09/02,蘇琦芝,無,
花蓮縣富里鄉新興村,115/09/03,黃裕旋,無,
花蓮縣富里鄉新興村,115/09/03,王敏熏,無,
花蓮縣富里鄉竹田村,115/09/03,陳勝駿,無,
花蓮縣富里鄉羅山村,115/09/02,鄧素珍,無,
花蓮縣富里鄉羅山村,115/09/02,姜富欽,無,
花蓮縣富里鄉石牌村,115/09/02,吳裕達,無,
花蓮縣富里鄉明里村,115/09/02,藍山岳,無,
花蓮縣富里鄉明里村,115/09/02,黃瑞騰,無,
花蓮縣富里鄉富里村,115/09/02,許仰鎧,無,
花蓮縣富里鄉富里村,115/09/02,曾明健,無,
花蓮縣富里鄉永豐村,115/09/01,陳惠秀,無,
花蓮縣富里鄉永豐村,115/09/02,陳美月,無,
花蓮縣富里鄉豐南村,115/08/31,王晉英,無,
花蓮縣富里鄉豐南村,115/09/04,陳志宇,無,
花蓮縣富里鄉富南村,115/09/02,廖素淩,無,
花蓮縣富里鄉學田村,115/09/02,張信興,無,
花蓮縣富里鄉學田村,115/09/04,賴汶佑,無,
花蓮縣秀林鄉崇德村,115/08/31,李慧齡 Tumun Mowkey,無,
花蓮縣秀林鄉崇德村,115/09/01,卓榮貴,中國國民黨,
花蓮縣秀林鄉富世村,115/08/31,張文盛,無,
花蓮縣秀林鄉富世村,115/09/01,陳實誠 Mincung Sigibu,中國國民黨,
花蓮縣秀林鄉秀林村,115/08/31,張貴和,無,
花蓮縣秀林鄉秀林村,115/09/01,卓玫玲 Miring Buyang,無,
花蓮縣秀林鄉秀林村,115/09/01,周賢德 Tmang Sasak,中國國民黨,
花蓮縣秀林鄉秀林村,115/09/03,鍾義銘,中國國民黨,
花蓮縣秀林鄉水源村,115/08/31,洪明輝,無,
花蓮縣秀林鄉水源村,115/09/01,高秀珍,中國國民黨,
花蓮縣秀林鄉銅門村,115/09/01,葉清賢,中國國民黨,
花蓮縣秀林鄉銅門村,115/09/03,劉志偉,無,
花蓮縣秀林鄉銅門村,115/09/03,咪咪‧阿比 司Mimi‧ Abis,無,
花蓮縣秀林鄉銅門村,115/09/04,鍾民祥 Rakaw‧ Titi,無,
花蓮縣秀林鄉銅門村,115/09/04,高文清,無,
花蓮縣秀林鄉文蘭村,115/08/31,陳榮文,無,
花蓮縣秀林鄉文蘭村,115/09/01,田文才 Bunjay‧ Tadaw,中國國民黨,
花蓮縣秀林鄉景美村,115/08/31,田廣增,無,
花蓮縣秀林鄉景美村,115/09/03,金治雄,無,
花蓮縣秀林鄉景美村,115/09/04,曾阿明,無,
花蓮縣秀林鄉佳民村,115/08/31,林秀瑛,無,
花蓮縣秀林鄉佳民村,115/09/01,尤煥青,中國國民黨,
花蓮縣秀林鄉和平村,115/08/31,董蓮怡 Tumun Aya,無,
花蓮縣秀林鄉和平村,115/09/01,楊得福,中國國民黨,
花蓮縣萬榮鄉西林村,115/09/01,陳長旭,無,
花蓮縣萬榮鄉西林村,115/09/03,黃小明,無,
花蓮縣萬榮鄉西林村,115/09/04,烏茂．耿恩 吉 Umaw． Kenji,無,
花蓮縣萬榮鄉見晴村,115/09/01,王利蘭 Iming． Yuci,無,
花蓮縣萬榮鄉見晴村,115/09/02,基魯．彼令 Jiru． Pilin,無,
花蓮縣萬榮鄉見晴村,115/09/04,王菊妹 Hanang． Cyuki,無,
花蓮縣萬榮鄉萬榮村,115/09/03,蔡淑美,無,
花蓮縣萬榮鄉萬榮村,115/09/03,蔡雅雯,無,
花蓮縣萬榮鄉明利村,115/08/31,林萬成 Masaw． Jiru,無,
花蓮縣萬榮鄉明利村,115/09/03,謝忠義,無,
花蓮縣萬榮鄉馬遠村,115/09/02,馬鍾啓,無,
花蓮縣萬榮鄉馬遠村,115/09/04,馬萬居,中國國民黨,
花蓮縣萬榮鄉紅葉村,115/09/01,胡曉菁,無,
花蓮縣萬榮鄉紅葉村,115/09/02,楊秀娟,中國國民黨,
花蓮縣萬榮鄉紅葉村,115/09/03,黃嘉琳,無,
花蓮縣萬榮鄉紅葉村,115/09/03,呂少青,無,
花蓮縣卓溪鄉崙山村,115/08/31,宋輝國,中國國民黨,
花蓮縣卓溪鄉崙山村,115/09/02,陳玉春,無,
花蓮縣卓溪鄉立山村,115/09/01,葉光明 Umin‧ Havung,中國國民黨,
花蓮縣卓溪鄉立山村,115/09/03,鄧振華,無,
花蓮縣卓溪鄉太平村,115/08/31,田光輝,中國國民黨,
花蓮縣卓溪鄉卓溪村,115/09/01,黃品綸,中國國民黨,
花蓮縣卓溪鄉卓溪村,115/09/02,高震東,無,
花蓮縣卓溪鄉卓清村,115/08/31,謝中益,無,
花蓮縣卓溪鄉卓清村,115/08/31,何秋明,中國國民黨,
花蓮縣卓溪鄉古風村,115/09/01,古香妹,中國國民黨,
花蓮縣卓溪鄉古風村,115/09/03,古昭賢,無,
花蓮縣卓溪鄉古風村,115/09/04,陳乙諄,無,
花蓮縣卓溪鄉古風村,115/09/04,陳孟謹,無,
臺東縣臺東市富岡里,115/09/02,曾阿粉,中國國民黨,
臺東縣臺東市岩灣里,115/09/01,易桂美,中國國民黨,
臺東縣臺東市岩灣里,115/09/03,陰鍾賢 Yushi Yilu,無,
臺東縣臺東市南王里,115/08/31,彭靖佳,無,
臺東縣臺東市南王里,115/09/02,李素娥,無,
臺東縣臺東市南王里,115/09/02,洪璽傑,無,
臺東縣臺東市卑南里,115/08/31,陳建隆,無,
臺東縣臺東市卑南里,115/09/03,吳建利,中國國民黨,
臺東縣臺東市卑南里,115/09/03,陳俊雄,無,
臺東縣臺東市南榮里,115/09/03,蔡金池,無,
臺東縣臺東市南榮里,115/09/03,鍾秀蜜,中國國民黨,
臺東縣臺東市新生里,115/08/31,姜君蕙,無,
臺東縣臺東市新生里,115/09/02,張素真,無,
臺東縣臺東市新生里,115/09/02,李坤鴻,中國國民黨,
臺東縣臺東市新生里,115/09/03,陳棟祥,無,
臺東縣臺東市新生里,115/09/03,李明華,無,
臺東縣臺東市民生里,115/09/02,鍾美英,無,
臺東縣臺東市寶桑里,115/09/02,方明光,無,
臺東縣臺東市寶桑里,115/09/04,黃雅琪,無,
臺東縣臺東市馬蘭里,115/09/01,羅井苑,無,
臺東縣臺東市馬蘭里,115/09/02,鄭端,無,
臺東縣臺東市馬蘭里,115/09/03,林顯智,無,
臺東縣臺東市馬蘭里,115/09/03,林善群,中國國民黨,
臺東縣臺東市中心里,115/08/31,吳宏藝,無,
臺東縣臺東市中心里,115/08/31,鍾皇亭,無,
臺東縣臺東市中心里,115/09/02,陳榮喜,無,
臺東縣臺東市自強里,115/09/02,吳秋蘭,無,
臺東縣臺東市自強里,115/09/03,曾柏崴,無,
臺東縣臺東市自強里,115/09/03,游晉銘,無,
臺東縣臺東市民族里,115/09/02,魏志益,無,
臺東縣臺東市民族里,115/09/04,吳宗益,無,
臺東縣臺東市中華里,115/08/31,羅進坤,無,
臺東縣臺東市中華里,115/09/02,楊耀乾,中國國民黨,
臺東縣臺東市建國里,115/08/31,王玉雲,無,
臺東縣臺東市建國里,115/09/01,胡光榮,無,
臺東縣臺東市建國里,115/09/03,邱騰緯,無,
臺東縣臺東市建國里,115/09/04,王美雲,無,
臺東縣臺東市中正里,115/09/02,吳佳真,無,
臺東縣臺東市中正里,115/09/03,郭秉鈞,無,
臺東縣臺東市成功里,115/09/01,陳惠敏,中國國民黨,
臺東縣臺東市文化里,115/09/02,余岱沅,無,
臺東縣臺東市中山里,115/08/31,梁庭榮,無,
臺東縣臺東市中山里,115/09/03,吳金蓮,無,
臺東縣臺東市新園里,115/09/02,游雨潔,無,
臺東縣臺東市新園里,115/09/03,陳輝宗,無,
臺東縣臺東市豐田里,115/09/02,李興明,無,
臺東縣臺東市豐田里,115/09/03,黃泉智,無,
臺東縣臺東市豐年里,115/09/01,黃麒紘,無,
臺東縣臺東市豐年里,115/09/01,張瑞武,中國國民黨,
臺東縣臺東市豐年里,115/09/01,黃冠嘉,無,
臺東縣臺東市豐年里,115/09/04,趙韋童,無,
臺東縣臺東市光明里,115/09/01,張惠瑛,無,
臺東縣臺東市光明里,115/09/02,林武慶,無,
臺東縣臺東市光明里,115/09/03,曾淑美,中國國民黨,
臺東縣臺東市豐樂里,115/09/02,葉姿蘭,無,
臺東縣臺東市豐樂里,115/09/03,陳錦坤,中國國民黨,
臺東縣臺東市永樂里,115/09/03,張克帆,無,
臺東縣臺東市康樂里,115/09/03,張均晨,無,
臺東縣臺東市東海里,115/09/02,黃淑娟,無,
臺東縣臺東市東海里,115/09/03,吳信億,中國國民黨,
臺東縣臺東市新興里,115/09/02,林茂盛,無,
臺東縣臺東市新興里,115/09/03,詹益森,無,
臺東縣臺東市新興里,115/09/04,王惠子,無,
臺東縣臺東市豐榮里,115/09/02,施晧軒,無,
臺東縣臺東市豐榮里,115/09/03,林松柏,中國國民黨,
臺東縣臺東市豐谷里,115/09/03,何國維,無,
臺東縣臺東市豐谷里,115/09/03,賴允文,中國國民黨,
臺東縣臺東市豐里里,115/09/01,劉明智,無,
臺東縣臺東市豐里里,115/09/04,洪寅倉,無,
臺東縣臺東市豐里里,115/09/04,蘇千羽,無,
臺東縣臺東市豐原里,115/09/02,尤增雲,無,
臺東縣臺東市豐原里,115/09/02,王世華,無,
臺東縣臺東市豐原里,115/09/02,,無,
臺東縣臺東市豐原里,115/09/02,林育樂,無,
臺東縣臺東市豐原里,115/09/03,施學志,無,
臺東縣臺東市豐原里,115/09/03,盧廷豪,無,
臺東縣臺東市建和里,115/09/02,林維忠,無,
臺東縣臺東市建和里,115/09/02,蔡秉文 Bi Na Lai,無,
臺東縣臺東市建和里,115/09/04,潘晨綱,無,
臺東縣臺東市建興里,115/08/31,謝欣倚,無,
臺東縣臺東市知本里,115/09/02,謝惠美,無,
臺東縣臺東市知本里,115/09/02,陳志源,無,
臺東縣臺東市建農里,115/09/02,朱莉婷 Aiko Luwan,中國國民黨,
臺東縣臺東市仁和里,115/09/01,李坤智,中國國民黨,
臺東縣臺東市豐安里,115/09/02,陳復龍,無,
臺東縣臺東市豐安里,115/09/03,陳進丁,無,
臺東縣臺東市豐盛里,115/08/31,陳彥鳴,無,
臺東縣臺東市豐盛里,115/08/31,邱涵,無,
臺東縣臺東市豐盛里,115/09/02,劉春美,無,
臺東縣成功鎮博愛里,115/08/31,林雅各,無,
臺東縣成功鎮博愛里,115/09/02,朱忠信,無,
臺東縣成功鎮忠孝里,115/09/02,馬德智,無,
臺東縣成功鎮忠孝里,115/09/02,楊宜恩,無,
臺東縣成功鎮三仙里,115/08/31,林筑涵,無,
臺東縣成功鎮三仙里,115/09/01,胡文清 U Ciang,無,
臺東縣成功鎮三仙里,115/09/02,張慧珍,無,
臺東縣成功鎮三民里,115/09/01,曾連發,無,
臺東縣成功鎮三民里,115/09/01,林金安,無,
臺東縣成功鎮三民里,115/09/02,王冠崎,無,
臺東縣成功鎮三民里,115/09/03,許光明,無,
臺東縣成功鎮忠智里,115/09/02,周世和,無,
臺東縣成功鎮忠智里,115/09/03,陳俊良,無,
臺東縣成功鎮忠仁里,115/09/02,楊嘉偉,無,
臺東縣成功鎮忠仁里,115/09/03,葉千慈,無,
臺東縣成功鎮和平里,115/09/01,武明福,無,
臺東縣成功鎮和平里,115/09/02,陳立智,中國國民黨,
臺東縣成功鎮信義里,115/09/02,黃正宏,無,
臺東縣成功鎮信義里,115/09/04,陳牡丹,無,
臺東縣關山鎮德高里,115/08/31,楊昌隆,無,
臺東縣關山鎮豐泉里,115/08/31,湯榮洸,無,
臺東縣關山鎮新福里,115/08/31,黃德炘,無,
臺東縣關山鎮中福里,115/09/02,林春生,無,
臺東縣關山鎮中福里,115/09/02,李耀榮,無,
臺東縣關山鎮里壠里,115/08/31,吳慶郎,無,
臺東縣關山鎮里壠里,115/09/04,賴榮章,無,
臺東縣關山鎮電光里,115/08/31,曹永宜 Pawan Miakan,無,
臺東縣關山鎮月眉里,115/09/04,黎光祥,無,
臺東縣卑南鄉嘉豐村,115/08/31,林吉祥,無,
臺東縣卑南鄉嘉豐村,115/09/02,林智郎,無,
臺東縣卑南鄉嘉豐村,115/09/02,陽一賜,無,
臺東縣卑南鄉利吉村,115/09/02,劉清明 Isamu,無,
臺東縣卑南鄉利吉村,115/09/02,何國基,無,
臺東縣卑南鄉利吉村,115/09/04,劉清盟,無,
臺東縣卑南鄉富山村,115/09/02,王美琇,無,
臺東縣卑南鄉富山村,115/09/03,黃文明,無,
臺東縣卑南鄉富源村,115/09/02,羅再銘,無,
臺東縣卑南鄉明峰村,115/09/02,吳勝雄,無,
臺東縣卑南鄉初鹿村,115/08/31,曾憲忠,無,
臺東縣卑南鄉初鹿村,115/09/02,陳良誌,中國國民黨,
臺東縣卑南鄉美農村,115/08/31,陳治東,無,
臺東縣卑南鄉賓朗村,115/09/03,王安士,無,
臺東縣卑南鄉賓朗村,115/09/03,李恤瑩,無,
臺東縣卑南鄉賓朗村,115/09/03,楊過,中國國民黨,
臺東縣卑南鄉泰安村,115/09/02,馬學忠 Vali． Hamuhamud,無,
臺東縣卑南鄉泰安村,115/09/02,陳俊成 Achengke Aysin,無,
臺東縣卑南鄉太平村,115/09/02,沈秋容,無,
臺東縣卑南鄉太平村,115/09/03,吳志銘,無,
臺東縣卑南鄉利嘉村,115/09/02,林肯毅,中國國民黨,
臺東縣卑南鄉利嘉村,115/09/04,曾美芳,無,
臺東縣卑南鄉東興村,115/09/02,陳興榮,無,
臺東縣卑南鄉溫泉村,115/09/02,楊維崇,無,
臺東縣鹿野鄉瑞和村,115/09/03,韓冠宇,無,
臺東縣鹿野鄉瑞和村,115/09/04,李晉毅,無,
臺東縣鹿野鄉瑞和村,115/09/04,吳亞芳 Haloko Ofing,無,
臺東縣鹿野鄉瑞豐村,115/09/01,林美惠,無,
臺東縣鹿野鄉瑞源村,115/09/02,劉進金,無,
臺東縣鹿野鄉瑞源村,115/09/02,施進登,無,
臺東縣鹿野鄉永安村,115/08/31,劉益嘉,無,
臺東縣鹿野鄉永安村,115/09/01,廖正忠,無,
臺東縣鹿野鄉永安村,115/09/02,楊智鈞,無,
臺東縣鹿野鄉永安村,115/09/03,李清秀,無,
臺東縣鹿野鄉永安村,115/09/04,黃正雄,無,
臺東縣鹿野鄉瑞隆村,115/09/01,曾天賜,無,
臺東縣鹿野鄉瑞隆村,115/09/02,彭國雄,無,
臺東縣鹿野鄉瑞隆村,115/09/03,潘弈宏,無,
臺東縣鹿野鄉鹿野村,115/09/02,陳家豪,無,
臺東縣鹿野鄉龍田村,115/09/01,蔡登源,無,
臺東縣池上鄉福文村,115/08/31,林煥恭,無,
臺東縣池上鄉福文村,115/09/03,潘宮諭,無,
臺東縣池上鄉慶豐村,115/09/02,吳秀瑜,無,
臺東縣池上鄉大坡村,115/08/31,陳嘉賢,無,
臺東縣池上鄉大坡村,115/09/03,潘睿豐,無,
臺東縣池上鄉大埔村,115/08/31,潘燦朗,無,
臺東縣池上鄉大埔村,115/09/02,謝德田,無,
臺東縣池上鄉福原村,115/09/01,吳明哲,中國國民黨,
臺東縣池上鄉福原村,115/09/02,劉亦松,中國國民黨,
臺東縣池上鄉錦園村,115/08/31,黃明貞,無,
臺東縣池上鄉新興村,115/08/31,趙代中 Sera' Kakaya,無,
臺東縣池上鄉新興村,115/09/04,黃萬春,無,
臺東縣池上鄉萬安村,115/08/31,魏榮增,無,
臺東縣池上鄉萬安村,115/09/02,蕭仁義,無,
臺東縣池上鄉富興村,115/08/31,劉東良,無,
臺東縣池上鄉振興村,115/09/03,潘福來,無,
臺東縣池上鄉振興村,115/09/03,林宗玉,無,
臺東縣東河鄉北源村,115/09/03,李重民,無,
臺東縣東河鄉泰源村,115/09/03,吳式琦,無,
臺東縣東河鄉東河村,115/09/02,陳海峰,無,
臺東縣東河鄉尚德村,115/09/02,陳其清,無,
臺東縣東河鄉隆昌村,115/09/03,周明義 Mingki Ayar,無,
臺東縣東河鄉興昌村,115/09/02,林憲身,無,
臺東縣東河鄉興昌村,115/09/04,李金治,無,
臺東縣東河鄉都蘭村,115/09/01,林照明,無,
臺東縣東河鄉都蘭村,115/09/03,黃金妹,無,
臺東縣東河鄉都蘭村,115/09/03,陳宗卿,無,
臺東縣長濱鄉樟原村,115/09/02,黃秀英,無,
臺東縣長濱鄉樟原村,115/09/03,林明慶,無,
臺東縣長濱鄉樟原村,115/09/03,章雅豐 Yosef． Akiko． Kacaw,無,
臺東縣長濱鄉三間村,115/09/01,宋志光,無,
臺東縣長濱鄉忠勇村,115/09/03,林忠興,無,
臺東縣長濱鄉長濱村,115/09/03,莊宜燕,無,
臺東縣長濱鄉竹湖村,115/08/31,高健民,無,
臺東縣長濱鄉竹湖村,115/09/02,張美英 Panay‧ Simoy,無,
臺東縣長濱鄉竹湖村,115/09/04,莊欽驛,無,
臺東縣長濱鄉寧埔村,115/09/01,葉明華,中國國民黨,
臺東縣長濱鄉寧埔村,115/09/01,烏蓮發 Dipog· Lekar,無,
臺東縣長濱鄉寧埔村,115/09/02,白金榮,無,
臺東縣太麻里鄉美和村,115/08/31,張萬居,無,
臺東縣太麻里鄉美和村,115/09/02,陳進盛,無,
臺東縣太麻里鄉三和村,115/08/31,李忠川,無,
臺東縣太麻里鄉華源村,115/09/02,張清良,無,
臺東縣太麻里鄉北里村,115/09/01,楊昌哲,無,
臺東縣太麻里鄉泰和村,115/09/01,許至宏,無,
臺東縣太麻里鄉泰和村,115/09/02,賴美連,無,
臺東縣太麻里鄉大王村,115/09/01,黃貞英,無,
臺東縣太麻里鄉大王村,115/09/04,易作嘉,無,
臺東縣太麻里鄉香蘭村,115/09/01,潘坤恒,無,
臺東縣太麻里鄉香蘭村,115/09/02,蕭惠明,無,
臺東縣太麻里鄉金崙村,115/08/31,謝秀花 Muwakai∙ Parawdran,中國國民黨,
臺東縣太麻里鄉金崙村,115/09/02,馮源山 Ringuc Ladi lapan,中國國民黨,
臺東縣太麻里鄉金崙村,115/09/04,步拉路揚∙ 篤禮福萬,無,
臺東縣太麻里鄉多良村,115/09/01,邱陳天雲,無,
臺東縣太麻里鄉多良村,115/09/02,莊瑞山,無,
臺東縣大武鄉大竹村,115/09/02,張德海,無,
臺東縣大武鄉大竹村,115/09/03,陳聖明,中國國民黨,
臺東縣大武鄉大鳥村,115/09/02,陳定榮,中國國民黨,
臺東縣大武鄉大鳥村,115/09/02,黃李鳳洋,無,
臺東縣大武鄉大武村,115/09/02,黃居祥,無,
臺東縣大武鄉大武村,115/09/02,黃萬吉,無,
臺東縣大武鄉大武村,115/09/04,張玲芬,無,
臺東縣大武鄉尚武村,115/09/01,孫煜哲,無,
臺東縣大武鄉尚武村,115/09/02,陳宗欽,無,
臺東縣大武鄉南興村,115/09/02,高德昆,無,
臺東縣大武鄉南興村,115/09/02,王璽盛,無,
臺東縣綠島鄉公舘村,115/08/31,田進華,無,
臺東縣綠島鄉公舘村,115/09/02,王勝德,無,
臺東縣綠島鄉中寮村,115/09/01,陳穆韶,無,
臺東縣綠島鄉中寮村,115/09/02,蔡勝榮,無,
臺東縣綠島鄉中寮村,115/09/03,洪秋鳳,無,
臺東縣綠島鄉南寮村,115/08/31,蘇振茂,無,
臺東縣海端鄉廣原村,115/08/31,邱貴明,無,
臺東縣海端鄉廣原村,115/09/01,陳文明,無,
臺東縣海端鄉廣原村,115/09/03,王繼國,無,
臺東縣海端鄉霧鹿村,115/08/31,余紹盛,無,
臺東縣海端鄉霧鹿村,115/09/01,余建華,無,
臺東縣海端鄉霧鹿村,115/09/01,王玲,無,
臺東縣海端鄉霧鹿村,115/09/03,邱彥斳,無,
臺東縣海端鄉利稻村,115/09/02,胡勝豪,無,
臺東縣海端鄉利稻村,115/09/03,余光義,無,
臺東縣海端鄉利稻村,115/09/04,古忠,無,
臺東縣海端鄉海端村,115/08/31,王國隆,無,
臺東縣海端鄉海端村,115/09/01,王永振,無,
臺東縣海端鄉海端村,115/09/01,邱春龍,無,
臺東縣海端鄉海端村,115/09/02,王中士,無,
臺東縣海端鄉崁頂村,115/09/01,胡新文,無,
臺東縣海端鄉崁頂村,115/09/02,邱志強,中國國民黨,
臺東縣海端鄉崁頂村,115/09/02,邱守常,民主進步黨,
臺東縣海端鄉加拿村,115/09/01,余保春,無,
臺東縣海端鄉加拿村,115/09/04,陳淑娟,無,
臺東縣海端鄉加拿村,115/09/04,王秋月,無,
臺東縣延平鄉武陵村,115/09/02,胡忠明,無,
臺東縣延平鄉武陵村,115/09/03,邱鴻星,無,
臺東縣延平鄉永康村,115/09/01,王自立,無,
臺東縣延平鄉永康村,115/09/04,邱育南,無,
臺東縣延平鄉紅葉村,115/09/02,胡金生,中國國民黨,
臺東縣延平鄉紅葉村,115/09/03,江啟榮,無,
臺東縣延平鄉鸞山村,115/09/02,鄭鏡峯,無,
臺東縣延平鄉鸞山村,115/09/02,邱振華,中國國民黨,
臺東縣延平鄉鸞山村,115/09/02,胡淑香,無,
臺東縣延平鄉桃源村,115/08/31,胡忠孝,無,
臺東縣延平鄉桃源村,115/09/02,古金財,無,
臺東縣延平鄉桃源村,115/09/03,蕭秋梅,無,
臺東縣延平鄉桃源村,115/09/03,胡義仁,無,
臺東縣延平鄉桃源村,115/09/03,胡鳴雄,無,
臺東縣金峰鄉新興村,115/09/02,王大龍,無,
臺東縣金峰鄉正興村,115/08/31,高成良,無,
臺東縣金峰鄉嘉蘭村,115/08/31,李吳道義,無,
臺東縣金峰鄉嘉蘭村,115/09/01,陳慧蘭,中國國民黨,
臺東縣金峰鄉賓茂村,115/09/02,古勒勒‧伐 基尚,無,
臺東縣金峰鄉歷坵村,115/08/31,杜佩玉,無,
臺東縣金峰鄉歷坵村,115/09/04,張曉光,無,
臺東縣達仁鄉台坂村,115/08/31,林聖賢,無,
臺東縣達仁鄉台坂村,115/09/02,丁欽良,無,
臺東縣達仁鄉土坂村,115/08/31,包嘉鴻,無,
臺東縣達仁鄉新化村,115/09/02,陳海漢,無,
臺東縣達仁鄉新化村,115/09/04,吳秀鳳,無,
臺東縣達仁鄉安朔村,115/08/31,邵家年,無,
臺東縣達仁鄉安朔村,115/09/04,簡孝慈,無,
臺東縣達仁鄉森永村,115/09/02,葛長榮,無,
臺東縣達仁鄉森永村,115/09/02,林正義,無,
臺東縣達仁鄉南田村,115/09/01,高富源,無,
臺東縣達仁鄉南田村,115/09/01,高世輝,無,
臺東縣達仁鄉南田村,115/09/02,張志信,中國國民黨,
臺東縣達仁鄉南田村,115/09/04,林枚煌 Lakuy． Tajlinaw,無,
臺東縣蘭嶼鄉東清村,115/09/01,謝男海,無,
臺東縣蘭嶼鄉東清村,115/09/03,謝旗山,無,
臺東縣蘭嶼鄉東清村,115/09/04,周長榮,無,
臺東縣蘭嶼鄉東清村,115/09/04,謝慶廣,無,
臺東縣蘭嶼鄉朗島村,115/09/01,郭考順,無,
臺東縣蘭嶼鄉朗島村,115/09/03,謝明智,無,
臺東縣蘭嶼鄉紅頭村,115/08/31,周明善,無,
臺東縣蘭嶼鄉紅頭村,115/09/02,謝漢雄,無,
臺東縣蘭嶼鄉椰油村,115/09/01,吳利秀,無,
臺東縣蘭嶼鄉椰油村,115/09/03,張吉田,無,
澎湖縣馬公市復興里,115/09/02,紀招治,中國國民黨,
澎湖縣馬公市長安里,115/09/02,呂美鳳,無,
澎湖縣馬公市長安里,115/09/03,楊嘉鵬,無,
澎湖縣馬公市中央里,115/08/31,項文男,無,
澎湖縣馬公市啟明里,115/08/31,蔡美珠,無,
澎湖縣馬公市啟明里,115/09/02,王寶燦,無,
澎湖縣馬公市啟明里,115/08/31,張紅婉,無,
澎湖縣馬公市重慶里,115/08/31,葉東源,無,
澎湖縣馬公市重慶里,115/09/02,陳永和,無,
澎湖縣馬公市中興里,115/08/31,黃永安,中國國民黨,
澎湖縣馬公市光復里,115/09/02,黃敏惠,無,
澎湖縣馬公市光復里,115/09/02,蘇文弘,無,
澎湖縣馬公市光榮里,115/09/03,陳昭任,無,
澎湖縣馬公市光榮里,115/09/04,劉重德,無,
澎湖縣馬公市光明里,115/08/31,田愛齡,無,
澎湖縣馬公市光明里,115/09/01,鄭美英,無,
澎湖縣馬公市朝陽里,115/08/31,顏明清,無,
澎湖縣馬公市陽明里,115/09/02,黃信義,中國國民黨,
澎湖縣馬公市陽明里,115/09/02,林財傳,無,
澎湖縣馬公市陽明里,115/09/04,鄭智中,中國國民黨,
澎湖縣馬公市重光里,115/08/31,陳美珠,無,
澎湖縣馬公市重光里,115/09/04,陳俊宇,無,
澎湖縣馬公市西衛里,115/09/01,吳鳳瑩,無,
澎湖縣馬公市西衛里,115/09/02,王紫竹,無,
澎湖縣馬公市西文里,115/08/31,林見芳,無,
澎湖縣馬公市西文里,115/09/01,樓志成,無,
澎湖縣馬公市東文里,115/09/02,李美珠,無,
澎湖縣馬公市案山里,115/08/31,薛清宗,無,
澎湖縣馬公市案山里,115/09/03,林本源,無,
澎湖縣馬公市光華里,115/08/31,蔡武智,無,
澎湖縣馬公市前寮里,115/08/31,林團圓,無,
澎湖縣馬公市石泉里,115/09/04,陳召君,無,
澎湖縣馬公市菜園里,115/09/02,黃文隆,無,
澎湖縣馬公市菜園里,115/09/03,黃建凱,無,
澎湖縣馬公市東衛里,115/08/31,莊福氣,無,
澎湖縣馬公市安宅里,115/09/02,張儷盈,無,
澎湖縣馬公市烏崁里,115/08/31,葉順圓,無,
澎湖縣馬公市興仁里,115/09/02,張明凱,無,
澎湖縣馬公市興仁里,115/09/03,王太平,無,
澎湖縣馬公市鐵線里,115/09/02,陳順志,無,
澎湖縣馬公市山水里,115/09/01,陳長久,無,
澎湖縣馬公市山水里,115/09/02,陳安國,無,
澎湖縣馬公市山水里,115/09/02,陳松森,無,
澎湖縣馬公市鎖港里,115/08/31,蔡成火,無,
澎湖縣馬公市五德里,115/09/02,顏錦鸞,無,
澎湖縣馬公市五德里,115/09/03,歐陽之嶸,無,
澎湖縣馬公市井垵里,115/08/31,陳冠霖,無,
澎湖縣馬公市嵵裡里,115/08/31,林來續,無,
澎湖縣馬公市風櫃里,115/09/02,洪雅紋,無,
澎湖縣馬公市虎井里,115/09/02,陳永明,無,
澎湖縣馬公市虎井里,115/09/03,陳大川,無,
澎湖縣馬公市桶盤里,115/09/02,蘇德成,無,
澎湖縣湖西鄉湖西村,115/08/31,辛天澤,無,
澎湖縣湖西鄉湖東村,115/08/31,許政忠,無,
澎湖縣湖西鄉湖東村,115/08/31,許義思,無,
澎湖縣湖西鄉青螺村,115/09/02,翁少哲,無,
澎湖縣湖西鄉白坑村,115/09/02,許智哲,無,
澎湖縣湖西鄉白坑村,115/09/03,許天奉,無,
澎湖縣湖西鄉南寮村,115/09/02,趙浚彬,無,
澎湖縣湖西鄉北寮村,115/08/31,蔡馥裕,無,
澎湖縣湖西鄉北寮村,115/09/01,許源章,無,
澎湖縣湖西鄉紅羅村,115/09/01,林忠雄,無,
澎湖縣湖西鄉紅羅村,115/09/01,洪子健,無,
澎湖縣湖西鄉西溪村,115/09/02,黃文騫,無,
澎湖縣湖西鄉成功村,115/09/02,吳文俊,無,
澎湖縣湖西鄉東石村,115/09/02,黃星良,無,
澎湖縣湖西鄉中西村,115/09/02,郭宜媚,無,
澎湖縣湖西鄉中西村,115/09/02,許福全,無,
澎湖縣湖西鄉潭邊村,115/08/31,歐立志,無,
澎湖縣湖西鄉鼎灣村,115/08/31,洪良利,無,
澎湖縣湖西鄉許家村,115/09/01,吳淑媜,無,
澎湖縣湖西鄉許家村,115/09/02,林清煉,無,
澎湖縣湖西鄉沙港村,115/08/31,曾才發,無,
澎湖縣湖西鄉沙港村,115/08/31,歐正雄,無,
澎湖縣湖西鄉城北村,115/09/02,王明忠,中國國民黨,
澎湖縣湖西鄉太武村,115/08/31,李文華,無,
澎湖縣湖西鄉太武村,115/08/31,鄭秀娟,無,
澎湖縣湖西鄉隘門村,115/08/31,洪榮利,無,
澎湖縣湖西鄉隘門村,115/09/01,洪復仁,無,
澎湖縣湖西鄉隘門村,115/09/02,洪聰權,無,
澎湖縣湖西鄉隘門村,115/09/02,洪天福,無,
澎湖縣湖西鄉林投村,115/08/31,鄭人豪,無,
澎湖縣湖西鄉林投村,115/09/04,莊誌陽,無,
澎湖縣湖西鄉尖山村,115/08/31,王家興,無,
澎湖縣湖西鄉龍門村,115/08/31,李啓聰,無,
澎湖縣湖西鄉龍門村,115/09/02,洪瑞達,無,
澎湖縣湖西鄉菓葉村,115/09/01,許見興,無,
澎湖縣湖西鄉菓葉村,115/09/04,許哲毓,無,
澎湖縣白沙鄉中屯村,115/09/01,謝鴻展,無,
澎湖縣白沙鄉中屯村,115/09/02,鄭秋香,無,
澎湖縣白沙鄉中屯村,115/09/02,鄭志勇,無,
澎湖縣白沙鄉講美村,115/09/01,楊英三,無,
澎湖縣白沙鄉講美村,115/09/01,吳興強,無,
澎湖縣白沙鄉講美村,115/09/02,吳淑惠,無,
澎湖縣白沙鄉城前村,115/09/01,蕭煒仕,無,
澎湖縣白沙鄉城前村,115/09/03,蕭整煌,無,
澎湖縣白沙鄉鎮海村,115/09/02,陳文淵,無,
澎湖縣白沙鄉港子村,115/08/31,張長榮,無,
澎湖縣白沙鄉岐頭村,115/09/03,陳淑揚,無,
澎湖縣白沙鄉岐頭村,115/09/04,郭坤維,無,
澎湖縣白沙鄉小赤村,115/09/02,呂明東,無,
澎湖縣白沙鄉小赤村,115/09/02,呂正宗,無,
澎湖縣白沙鄉赤崁村,115/09/01,黃建化,無,
澎湖縣白沙鄉赤崁村,115/09/02,鄭進豐,無,
澎湖縣白沙鄉瓦硐村,115/08/31,許志文,無,
澎湖縣白沙鄉瓦硐村,115/09/02,陳丕和,無,
澎湖縣白沙鄉瓦硐村,115/09/02,呂進杰,無,
澎湖縣白沙鄉後寮村,115/09/02,葉文泉,無,
澎湖縣白沙鄉通梁村,115/09/01,洪尚鈞,無,
澎湖縣白沙鄉通梁村,115/09/03,林宗順,無,
澎湖縣白沙鄉通梁村,115/09/04,鄭永林,無,
澎湖縣白沙鄉吉貝村,115/09/03,陳國勝,無,
澎湖縣白沙鄉鳥嶼村,115/09/03,魏錫銘,無,
澎湖縣白沙鄉員貝村,115/08/31,陳天瑞,無,
澎湖縣白沙鄉大倉村,115/09/02,鄭尊任,無,
澎湖縣西嶼鄉橫礁村,115/09/02,洪沛沛,無,
澎湖縣西嶼鄉合界村,115/08/31,楊騰彬,無,
澎湖縣西嶼鄉合界村,115/08/31,楊志業,無,
澎湖縣西嶼鄉小門村,115/09/02,章娥,中國國民黨,
澎湖縣西嶼鄉竹灣村,115/09/02,許進清,無,
澎湖縣西嶼鄉大池村,115/08/31,顏光前,無,
澎湖縣西嶼鄉二崁村,115/09/02,陳昭回,無,
澎湖縣西嶼鄉池東村,115/08/31,陳家豐,無,
澎湖縣西嶼鄉池西村,115/09/01,洪武元,無,
澎湖縣西嶼鄉池西村,115/09/04,顏清照,無,
澎湖縣西嶼鄉赤馬村,115/08/31,蔡榮利,無,
澎湖縣西嶼鄉赤馬村,115/09/04,蔡麗嬋,無,
澎湖縣西嶼鄉內垵村,115/09/02,陳妍菥,無,
澎湖縣西嶼鄉內垵村,115/09/03,薛雲鴻,無,
澎湖縣西嶼鄉外垵村,115/08/31,許瑞朋,無,
澎湖縣西嶼鄉外垵村,115/08/31,許世隆,無,
澎湖縣西嶼鄉外垵村,115/09/01,呂順愛,無,
澎湖縣望安鄉東安村,115/08/31,許大信,無,
澎湖縣望安鄉西安村,115/08/31,許清上,無,
澎湖縣望安鄉中社村,115/08/31,陳枻橙,無,
澎湖縣望安鄉中社村,115/09/02,葉明璋,無,
澎湖縣望安鄉水垵村,115/09/02,高瑞明,無,
澎湖縣望安鄉將軍村,115/09/01,陳桂瑩,無,
澎湖縣望安鄉將軍村,115/09/02,陳郭梅鉛,無,
澎湖縣望安鄉東坪村,115/09/01,鐘喬寬,無,
澎湖縣望安鄉東坪村,115/09/02,呂東昇,無,
澎湖縣望安鄉西坪村,115/09/01,陳森煌,無,
澎湖縣望安鄉東吉村,115/09/04,高宏志,無,
澎湖縣望安鄉花嶼村,115/09/03,陳董悅治,無,
澎湖縣望安鄉花嶼村,115/09/03,陳董金針,無,
澎湖縣七美鄉東湖村,115/09/02,陳北川,無,
澎湖縣七美鄉西湖村,115/08/31,呂汶駿,無,
澎湖縣七美鄉西湖村,115/09/04,許春廳,無,
澎湖縣七美鄉中和村,115/09/01,張益原,無,
澎湖縣七美鄉中和村,115/09/02,李清石,無,
澎湖縣七美鄉平和村,115/09/01,陳吉財,無,
澎湖縣七美鄉海豐村,115/08/31,顏鈺穎,無,
澎湖縣七美鄉南港村,115/08/31,夏臨福,無,
澎湖縣七美鄉南港村,115/09/02,顏進明,無,
金門縣金城鎮東門里,115/09/03,周偉義,中國國民黨,
金門縣金城鎮東門里,115/09/04,蔡瑞豪,無,
金門縣金城鎮西門里,115/08/31,許程勛,無,
金門縣金城鎮西門里,115/09/03,楊雨川,中國國民黨,
金門縣金城鎮南門里,115/09/02,許丕肯,無,
金門縣金城鎮南門里,115/09/03,鄭易岳,無,
金門縣金城鎮北門里,115/09/03,許績才,中國國民黨,
金門縣金城鎮古城里,115/09/03,黃文麟,無,
金門縣金城鎮古城里,115/09/03,石永棟,無,
金門縣金城鎮金水里,115/08/31,黃延良,中國國民黨,
金門縣金城鎮珠沙里,115/08/31,戴德強,中國國民黨,
金門縣金城鎮珠沙里,115/09/02,歐陽彥森,無,
金門縣金城鎮珠沙里,115/09/02,許清福,中國國民黨,
金門縣金城鎮珠沙里,115/09/03,王建陸,無,
金門縣金城鎮賢庵里,115/08/31,陳永棋,中國國民黨,
金門縣金城鎮賢庵里,115/09/03,顏士強,無,
金門縣金沙鎮汶沙里,115/08/31,黃宗毓,無,
金門縣金沙鎮汶沙里,115/09/02,何有志,中國國民黨,
金門縣金沙鎮汶沙里,115/09/02,張義侖,無,
金門縣金沙鎮汶沙里,115/09/03,黃柏偉,無,
金門縣金沙鎮三山里,115/09/02,陳賜發,中國國民黨,
金門縣金沙鎮三山里,115/09/03,陳明威,無,
金門縣金沙鎮大洋里,115/09/02,吳有祥,中國國民黨,
金門縣金沙鎮大洋里,115/09/02,吳嘉翔,無,
金門縣金沙鎮光前里,115/09/02,陳思翰,無,
金門縣金沙鎮光前里,115/09/02,莊素雲,無,
金門縣金沙鎮光前里,115/09/02,陳文傑,中國國民黨,
金門縣金沙鎮何斗里,115/09/02,陳嘉彬,無,
金門縣金沙鎮何斗里,115/09/02,王綉菊,無,
金門縣金沙鎮西園里,115/09/02,黃添丁,無,
金門縣金沙鎮官嶼里,115/09/02,楊恭勤,中國國民黨,
金門縣金沙鎮官嶼里,115/09/03,楊能輝,無,
金門縣金沙鎮浦山里,115/08/31,何仁興,無,
金門縣金沙鎮浦山里,115/09/02,周家才,中國國民黨,
金門縣金湖鎮新市里,115/08/31,吳孟霖,無,
金門縣金湖鎮新市里,115/09/02,陳書賢,無,
金門縣金湖鎮山外里,115/09/02,陳晚開,中國國民黨,
金門縣金湖鎮山外里,115/09/04,陳世良,無,
金門縣金湖鎮山外里,115/09/04,洪海水,無,
金門縣金湖鎮正義里,115/09/02,陳金成,無,
金門縣金湖鎮正義里,115/09/03,陳偃武,中國國民黨,
金門縣金湖鎮料羅里,115/09/02,吳志鵬,無,
金門縣金湖鎮料羅里,115/09/04,謝慶閣,中國國民黨,
金門縣金湖鎮瓊林里,115/09/03,蔡懷芝,無,
金門縣金湖鎮瓊林里,115/09/04,蔡聰謀,無,
金門縣金湖鎮新湖里,115/09/02,陳錦章,中國國民黨,
金門縣金湖鎮溪湖里,115/09/02,黃建忠,無,
金門縣金湖鎮蓮庵里,115/09/02,呂長春,中國國民黨,
金門縣金湖鎮蓮庵里,115/09/02,呂世榮,中國國民黨,
金門縣金湖鎮蓮庵里,115/09/03,黃清和,無,
金門縣金寧鄉古寧村,115/09/02,李開陣,中國國民黨,
金門縣金寧鄉古寧村,115/09/03,李錫東,無,
金門縣金寧鄉安美村,115/09/02,許三進,中國國民黨,
金門縣金寧鄉后盤村,115/09/02,許明吉,中國國民黨,
金門縣金寧鄉后盤村,115/09/03,許子鈞,無,
金門縣金寧鄉湖埔村,115/09/02,楊天佑,中國國民黨,
金門縣金寧鄉湖埔村,115/09/02,楊曉媛,無,
金門縣金寧鄉湖埔村,115/09/02,楊益嘉,無,
金門縣金寧鄉湖埔村,115/09/02,楊靜,無,
金門縣金寧鄉湖埔村,115/09/02,楊恭志,無,
金門縣金寧鄉湖埔村,115/09/03,楊志盛,無,
金門縣金寧鄉湖埔村,115/09/04,陳信甫,無,
金門縣金寧鄉榜林村,115/09/02,周懋盛,無,
金門縣金寧鄉榜林村,115/09/02,楊龍傳,中國國民黨,
金門縣金寧鄉榜林村,115/09/03,吳漢龍,無,
金門縣金寧鄉盤山村,115/09/02,翁文奧,無,
金門縣金寧鄉盤山村,115/09/04,翁明海,無,
金門縣烈嶼鄉上岐村,115/09/02,洪天南,無,
金門縣烈嶼鄉上林村,115/09/02,林建進,無,
金門縣烈嶼鄉西口村,115/09/02,孫先雄,無,
金門縣烈嶼鄉林湖村,115/09/02,羅天升,無,
金門縣烈嶼鄉黃埔村,115/09/02,洪安慶,無,
金門縣烏坵鄉大坵村,115/09/01,林有進,無,
金門縣烏坵鄉小坵村,115/09/01,莊金蓮,無,
金門縣烏坵鄉小坵村,115/09/04,黃品鈞,無,
連江縣南竿鄉介壽村,115/09/01,陳美貴,中國國民黨,
連江縣南竿鄉復興村,115/09/01,曹常永,中國國民黨,
連江縣南竿鄉復興村,115/09/01,曹爾嵐,中國國民黨,
連江縣南竿鄉復興村,115/09/04,陳玉媛,無,
連江縣南竿鄉福沃村,115/09/01,陳泰英,中國國民黨,
連江縣南竿鄉福沃村,115/09/03,陳震森,中國國民黨,
連江縣南竿鄉清水村,115/09/02,陳善安,中國國民黨,
連江縣南竿鄉仁愛村,115/09/01,黃寶清,中國國民黨,
連江縣南竿鄉津沙村,115/09/01,劉用順,無,
連江縣南竿鄉津沙村,115/09/02,邱財寶,無,
連江縣南竿鄉馬祖村,115/08/31,陳智偉,中國國民黨,
連江縣南竿鄉珠螺村,115/08/31,吳健明,無,
連江縣南竿鄉珠螺村,115/09/01,陳常玉,中國國民黨,
連江縣南竿鄉四維村,115/08/31,曹惠蘭,無,
連江縣南竿鄉四維村,115/08/31,侯全寶,中國國民黨,
連江縣北竿鄉塘岐村,115/09/01,林建中,中國國民黨,
連江縣北竿鄉后沃村,115/08/31,陳添坤,無,
連江縣北竿鄉橋仔村,115/09/01,邱德貴,中國國民黨,
連江縣北竿鄉橋仔村,115/09/01,邱靜智,無,
連江縣北竿鄉橋仔村,115/09/02,姜博耀,無,
連江縣北竿鄉芹壁村,115/09/01,陳世朝,中國國民黨,
連江縣北竿鄉坂里村,115/08/31,王院國,中國國民黨,
連江縣北竿鄉坂里村,115/09/04,林樺陽,無,
連江縣北竿鄉白沙村,115/09/03,王傳文,無,
連江縣北竿鄉白沙村,115/09/03,王若蓉,中國國民黨,
連江縣莒光鄉青帆村,115/09/02,陳秉傑,中國國民黨,
連江縣莒光鄉田沃村,115/09/02,宋幸儒,無,
連江縣莒光鄉田沃村,115/09/03,陳道勲,中國國民黨,
連江縣莒光鄉西坵村,115/09/02,陳家信,無,
連江縣莒光鄉福正村,115/08/31,鄭光武,中國國民黨,
連江縣莒光鄉福正村,115/09/04,鄭玉貴,無,
連江縣莒光鄉大坪村,115/08/31,鄭智新,中國國民黨,
連江縣東引鄉中柳村,115/08/31,林澤一,無,
連江縣東引鄉中柳村,115/09/03,陳昌龍,中國國民黨,
連江縣東引鄉樂華村,115/08/31,陳挺秀,無,
連江縣東引鄉樂華村,115/09/01,陳志忠,中國國民黨,
連江縣東引鄉樂華村,115/09/03,曹恆勇,民主進步黨,
基隆市中正區德義里,115/08/31,張建源,無,
基隆市中正區正義里,115/09/02,駱錫賢,中國國民黨,
基隆市中正區信義里,115/09/01,江添丁,無,
基隆市中正區義重里,115/08/31,林世英,中國國民黨,
基隆市中正區港通里,115/09/01,林政宏,無,
基隆市中正區港通里,115/09/03,簡進發,無,
基隆市中正區中船里,115/09/02,秦煒強,無,
基隆市中正區中船里,115/09/03,蔣春生,中國國民黨,
基隆市中正區正船里,115/09/03,沈陸成,無,
基隆市中正區正船里,115/09/03,張義泰,無,
基隆市中正區入船里,115/08/31,郭蒼成,無,
基隆市中正區入船里,115/09/04,朱紹平,無,
基隆市中正區中砂里,115/09/02,廖文雄,無,
基隆市中正區正砂里,115/09/02,陳枋菱,無,
基隆市中正區正砂里,115/09/03,曾思容,無,
基隆市中正區真砂里,115/09/01,魏君龍,中國國民黨,
基隆市中正區真砂里,115/09/03,洪春生,無,
基隆市中正區砂灣里,115/09/01,簡曉東,中國國民黨,
基隆市中正區砂灣里,115/09/03,林志宏,無,
基隆市中正區建國里,115/09/03,吳榮泉,無,
基隆市中正區建國里,115/09/03,陳堃信,無,
基隆市中正區建國里,115/09/04,王雅蘭,無,
基隆市中正區中濱里,115/09/01,謝家榮,無,
基隆市中正區海濱里,115/09/02,莊哲豪,無,
基隆市中正區社寮里,115/08/31,許春美,無,
基隆市中正區社寮里,115/09/02,范詠翔,無,
基隆市中正區和憲里,115/09/02,簡姷寧,無,
基隆市中正區和憲里,115/09/03,蘇來成,無,
基隆市中正區平寮里,115/09/02,蔡淑貞,無,
基隆市中正區八斗里,115/09/01,杜劍秋,無,
基隆市中正區碧砂里,115/09/01,黃志強,無,
基隆市中正區碧砂里,115/09/02,黃余葉,無,
基隆市中正區碧砂里,115/09/03,盧俊龍,無,
基隆市中正區長潭里,115/08/31,鍾麗美,無,
基隆市中正區長潭里,115/09/02,蕭乾文,無,
基隆市中正區長潭里,115/09/02,陳惠珠,無,
基隆市中正區砂子里,115/09/04,陳俊宇,無,
基隆市中正區中正里,115/09/02,梁火龍,無,
基隆市中正區中正里,115/09/03,李莉榛,無,
基隆市中正區正濱里,115/08/31,羅政偉,中國國民黨,
基隆市中正區正濱里,115/09/02,周封君,中國國民黨,
基隆市中正區新豐里,115/09/02,張君瑜,無,
基隆市中正區新豐里,115/09/03,丁麗娜,無,
基隆市中正區新富里,115/09/02,莊紫濠,無,
基隆市中正區新富里,115/09/03,曹呈祥,無,
基隆市七堵區長興里,115/09/02,姚琴富,無,
基隆市七堵區長興里,115/09/04,柯金標,無,
基隆市七堵區正光里,115/08/31,許正聲,無,
基隆市七堵區正光里,115/09/02,李泳亮,無,
基隆市七堵區富民里,115/09/02,吳明宗,中國國民黨,
基隆市七堵區富民里,115/09/02,吳洺豐,無,
基隆市七堵區富民里,115/09/03,張雯惠,無,
基隆市七堵區永平里,115/08/31,張美瓊,無,
基隆市七堵區永平里,115/09/02,黃朝家,無,
基隆市七堵區永安里,115/09/02,陳君治,無,
基隆市七堵區八德里,115/09/01,余文財,無,
基隆市七堵區自強里,115/09/01,張仁化,無,
基隆市七堵區六堵里,115/09/03,余良盛,無,
基隆市七堵區泰安里,115/09/01,陳文樹,無,
基隆市七堵區泰安里,115/09/02,詹仁豪,無,
基隆市七堵區堵北里,115/09/02,謝孟翰,無,
基隆市七堵區堵南里,115/09/01,余佩儒,無,
基隆市七堵區堵南里,115/09/01,沈雅玲,無,
基隆市七堵區瑪南里,115/09/01,朱睿舟,無,
基隆市七堵區瑪南里,115/09/02,蘇陳素花,無,
基隆市七堵區瑪東里,115/09/02,李門長,無,
基隆市七堵區瑪東里,115/09/02,林宏家,無,
基隆市七堵區瑪西里,115/09/03,陳美雲,無,
基隆市七堵區友一里,115/08/31,陳宏輝,無,
基隆市七堵區友一里,115/09/02,蕭雪,無,
基隆市七堵區友一里,115/09/03,張百合,無,
基隆市七堵區友一里,115/09/03,郭翠芬,無,
基隆市七堵區友二里,115/09/03,蘇秋福,無,
基隆市七堵區正明里,115/09/02,謝連堂,無,
基隆市七堵區百福里,115/09/01,張佑瑋,無,
基隆市七堵區百福里,115/09/02,何孟翰,無,
基隆市七堵區實踐里,115/08/31,林介佳,無,
基隆市七堵區實踐里,115/09/02,張曉玫,無,
基隆市七堵區長安里,115/09/02,陳栓基,無,
基隆市暖暖區八西里,115/09/01,何梓廷,無,
基隆市暖暖區八西里,115/09/02,林明傳,無,
基隆市暖暖區八堵里,115/09/01,蔡毓濱,無,
基隆市暖暖區八南里,115/09/02,陳碧琴,無,
基隆市暖暖區八南里,115/09/03,李湘蓮,無,
基隆市暖暖區過港里,115/08/31,鄧仁隆,中國國民黨,
基隆市暖暖區過港里,115/09/02,陳清池,無,
基隆市暖暖區碇內里,115/09/02,林錦隆,無,
基隆市暖暖區碇內里,115/09/02,盧宥牟,無,
基隆市暖暖區碇和里,115/09/02,林香,無,
基隆市暖暖區暖同里,115/08/31,李傳河,無,
基隆市暖暖區暖同里,115/09/03,黃博彥,無,
基隆市暖暖區暖暖里,115/09/02,簡桂香,無,
基隆市暖暖區暖暖里,115/09/02,黃雍容,無,
基隆市暖暖區暖暖里,115/09/03,陳歷翔,無,
基隆市暖暖區暖東里,115/09/01,林嘉萬,無,
基隆市暖暖區暖東里,115/09/02,林淑娟,無,
基隆市暖暖區暖西里,115/09/03,王奕荃,無,
基隆市暖暖區暖西里,115/09/04,詹凱傑,無,
基隆市暖暖區八中里,115/08/31,林浩隆,無,
基隆市暖暖區八中里,115/09/02,陳美霞,無,
基隆市暖暖區碇安里,115/09/03,余冠龍,無,
基隆市暖暖區碇安里,115/09/03,傅瑜,無,
基隆市暖暖區碇祥里,115/09/03,黃博源,中國國民黨,
基隆市仁愛區林泉里,115/08/31,駱俊雄,無,
基隆市仁愛區林泉里,115/09/03,門采誼,無,
基隆市仁愛區花崗里,115/09/04,姜永國,無,
基隆市仁愛區花崗里,115/09/04,李寶玉,無,
基隆市仁愛區虹橋里,115/09/02,鄭淑芬,無,
基隆市仁愛區虹橋里,115/09/02,李碧霞,無,
基隆市仁愛區水錦里,115/09/04,林國星,無,
基隆市仁愛區水錦里,115/09/04,許淑金,無,
基隆市仁愛區智仁里,115/09/02,林志堅,無,
基隆市仁愛區智仁里,115/09/04,彭秀英,無,
基隆市仁愛區和明里,115/09/02,陳建平,無,
基隆市仁愛區忠勇里,115/09/02,林羅清梅,無,
基隆市仁愛區玉田里,115/09/02,林逸鴻,無,
基隆市仁愛區玉田里,115/09/04,王培宇,無,
基隆市仁愛區仁德里,115/08/31,王朝成,無,
基隆市仁愛區仁德里,115/09/02,熊素蘭,無,
基隆市仁愛區仁德里,115/09/02,游茗任,無,
基隆市仁愛區博愛里,115/09/02,邱三元,民主進步黨,
基隆市仁愛區博愛里,115/09/03,許家睿,無,
基隆市仁愛區福仁里,115/08/31,何美麗,無,
基隆市仁愛區福仁里,115/09/02,陳家斌,無,
基隆市仁愛區誠仁里,115/08/31,洪棟全,無,
基隆市仁愛區吉仁里,115/09/02,李建德,無,
基隆市仁愛區育仁里,115/08/31,藍正信,無,
基隆市仁愛區育仁里,115/09/03,蔡秋雲,無,
基隆市仁愛區英仁里,115/08/31,羅景安,無,
基隆市仁愛區英仁里,115/09/03,蕭銓佑,無,
基隆市仁愛區龍門里,115/09/02,李炳勳,無,
基隆市仁愛區龍門里,115/09/02,林宗益,無,
基隆市仁愛區德厚里,115/08/31,莊育超,無,
基隆市仁愛區德厚里,115/09/03,林淑真,無,
基隆市仁愛區曲水里,115/09/03,徐鄭麗鳳,無,
基隆市仁愛區崇文里,115/09/02,詹文卿,無,
基隆市仁愛區崇文里,115/09/03,陳明楷,無,
基隆市仁愛區文安里,115/09/01,李隆進,無,
基隆市仁愛區兆連里,115/08/31,潘國龍,無,
基隆市仁愛區獅球里,115/09/02,林錦榮,無,
基隆市仁愛區書院里,115/08/31,林文肯,無,
基隆市仁愛區書院里,115/09/02,許睿雅,無,
基隆市仁愛區朝棟里,115/09/02,李光健,無,
基隆市仁愛區明德里,115/09/02,許文杰,無,
基隆市仁愛區明德里,115/09/03,藍諺廷,無,
基隆市仁愛區同風里,115/08/31,戴學禮,無,
基隆市仁愛區同風里,115/09/03,吳振宏,無,
基隆市仁愛區同風里,115/09/03,楊春生,無,
基隆市仁愛區文昌里,115/08/31,王明清,無,
基隆市仁愛區新店里,115/09/02,陳祐益,無,
基隆市仁愛區光華里,115/09/02,陳世豐,無,
基隆市中山區新建里,115/09/02,高瑞堂,無,
基隆市中山區安民里,115/09/02,羅聰德,無,
基隆市中山區安民里,115/09/04,簡美玲,無,
基隆市中山區安民里,115/09/04,王玉慧,無,
基隆市中山區安平里,115/09/04,楊昀逸,無,
基隆市中山區中山里,115/09/04,羅予廷,無,
基隆市中山區民治里,115/08/31,黃國偉,無,
基隆市中山區中興里,115/09/02,李進發,無,
基隆市中山區仁正里,115/08/31,陳炳楠,無,
基隆市中山區仁正里,115/09/02,陳秀玉,無,
基隆市中山區健民里,115/09/02,郭正勇,無,
基隆市中山區健民里,115/09/02,劉健鑑,無,
基隆市中山區通化里,115/09/04,徐麗玲,無,
基隆市中山區居仁里,115/09/02,洪文慶,無,
基隆市中山區通明里,115/09/02,蘇祐平,無,
基隆市中山區通明里,115/09/01,劉建良,無,
基隆市中山區通明里,115/09/04,蕭財源,無,
基隆市中山區協和里,115/08/31,張中信,民主進步黨,
基隆市中山區協和里,115/09/04,張哲源,無,
基隆市中山區文化里,115/09/03,潘誼樺,無,
基隆市中山區仙洞里,115/09/02,賴正男,無,
基隆市中山區太白里,115/09/04,鄭吉雄,無,
基隆市中山區西榮里,115/08/31,呂英聰,無,
基隆市中山區西榮里,115/08/31,李小梅,無,
基隆市中山區西榮里,115/09/04,陳美珍,無,
基隆市中山區西華里,115/09/02,陳柏豪,無,
基隆市中山區西華里,115/09/02,陳萬昌,無,
基隆市中山區西定里,115/09/02,翁木梨,無,
基隆市中山區西定里,115/09/03,辜靜如,無,
基隆市中山區西康里,115/09/02,潘泰榮,無,
基隆市中山區西康里,115/09/03,張繼志,無,
基隆市中山區德和里,115/09/01,陳紫華,無,
基隆市中山區德和里,115/09/03,吳明寶,無,
基隆市中山區德和里,115/09/03,江岳宸,無,
基隆市中山區德和里,115/09/03,范振鈿,無,
基隆市中山區德和里,115/09/04,李勃毅,無,
基隆市中山區中和里,115/09/03,蘇彩雪,無,
基隆市中山區德安里,115/09/02,謝銘傳,無,
基隆市中山區德安里,115/09/04,陳志遠,無,
基隆市中山區和平里,115/08/31,張和妹,無,
基隆市中山區和平里,115/09/04,邱暄琳,人民民主黨,
基隆市中山區和慶里,115/08/31,李詹淇,無,
基隆市中山區和慶里,115/09/03,陳嘉和,無,
基隆市安樂區西川里,115/08/31,謝明宗,無,
基隆市安樂區西川里,115/09/02,王忠誠,無,
基隆市安樂區定國里,115/09/02,徐英俊,無,
基隆市安樂區定國里,115/09/03,鄒汶憲,無,
基隆市安樂區新西里,115/09/02,謝宗遠,無,
基隆市安樂區新西里,115/09/03,闕豐軒,無,
基隆市安樂區新西里,115/09/03,陳漢昭,無,
基隆市安樂區新西里,115/09/03,李慧貞,無,
基隆市安樂區新西里,115/09/03,黃世榮,無,
基隆市安樂區定邦里,115/09/02,林惠蓮,無,
基隆市安樂區慈仁里,115/09/02,王雅潔,無,
基隆市安樂區慈仁里,115/09/04,劉師成,無,
基隆市安樂區干城里,115/09/01,俞秀真,無,
基隆市安樂區永康里,115/08/31,陳銘坤,無,
基隆市安樂區永康里,115/09/02,陳東鵬,無,
基隆市安樂區嘉仁里,115/09/02,王貴美,無,
基隆市安樂區嘉仁里,115/09/04,施圳溪,無,
基隆市安樂區安和里,115/09/04,童意鵬,無,
基隆市安樂區安和里,115/09/04,盧國雄,無,
基隆市安樂區樂一里,115/08/31,羅勇賢,中國國民黨,
基隆市安樂區樂一里,115/09/02,曾玉穎,無,
基隆市安樂區樂一里,115/09/03,徐佑昇,無,
基隆市安樂區外寮里,115/08/31,顏厚廣,無,
基隆市安樂區外寮里,115/09/02,鄭美英,無,
基隆市安樂區中崙里,115/09/02,徐晉吉,無,
基隆市安樂區中崙里,115/09/02,林萬發,無,
基隆市安樂區中崙里,115/09/02,李源林,無,
基隆市安樂區內寮里,115/08/31,嚴福神,無,
基隆市安樂區內寮里,115/09/03,黃嘉德,無,
基隆市安樂區新崙里,115/09/03,林金龍,無,
基隆市安樂區新崙里,115/09/03,蘇林玉琴,無,
基隆市安樂區三民里,115/09/02,簡義雄,無,
基隆市安樂區四維里,115/08/31,黃雅玲,無,
基隆市安樂區五福里,115/09/03,舒瑞利,無,
基隆市安樂區六合里,115/09/03,蔡志峰,無,
基隆市安樂區六合里,115/09/04,潘德發,無,
基隆市安樂區七賢里,115/08/31,鍾尚倫,無,
基隆市安樂區七賢里,115/09/02,陳德和,無,
基隆市安樂區鶯歌里,115/09/01,邱美足,無,
基隆市安樂區武崙里,115/09/03,李文財,無,
基隆市安樂區長樂里,115/09/02,張德發,無,
基隆市安樂區興寮里,115/09/02,黃書筠,無,
基隆市安樂區鶯安里,115/09/02,劉大維,無,
基隆市安樂區壯觀里,115/09/03,黃詩涵,無,
基隆市安樂區壯觀里,115/09/03,陳威竹,無,
基隆市信義區仁壽里,115/09/03,張富凱,無,
基隆市信義區仁義里,115/09/03,王柏力,無,
基隆市信義區義昭里,115/09/02,童冠睿,無,
基隆市信義區義昭里,115/09/04,林猷青,無,
基隆市信義區義幸里,115/09/03,李王環,無,
基隆市信義區義民里,115/09/03,連轉旺,無,
基隆市信義區義和里,115/09/02,林毓峯,無,
基隆市信義區義和里,115/09/03,蔡麗月,無,
基隆市信義區智慧里,115/09/02,蔡美玉,無,
基隆市信義區智慧里,115/09/03,紀戡,無,
基隆市信義區智誠里,115/09/03,何希華,無,
基隆市信義區禮儀里,115/09/03,郭金德,無,
基隆市信義區禮儀里,115/09/03,蔡念辰,無,
基隆市信義區禮東里,115/09/02,賴興泉,無,
基隆市信義區信綠里,115/09/03,吳銘達,無,
基隆市信義區信綠里,115/09/03,苗志文,無,
基隆市信義區東光里,115/09/02,陳財源,無,
基隆市信義區東光里,115/09/03,余瑛鋗,無,
基隆市信義區東明里,115/09/04,薛凱威,無,
基隆市信義區東明里,115/09/04,翁誠鍾,無,
基隆市信義區東安里,115/09/03,潘力煜,無,
基隆市信義區東安里,115/09/04,趙金發,無,
基隆市信義區東安里,115/09/04,林睿騰,無,
基隆市信義區東安里,115/09/04,賴建宇,無,
基隆市信義區孝岡里,115/09/04,吳石金,無,
基隆市信義區孝岡里,115/09/04,許尊德,無,
基隆市信義區東信里,115/09/02,賴姵綺,無,
基隆市信義區孝深里,115/09/02,陳怡賓,無,
基隆市信義區孝深里,115/09/02,李偉辰,無,
基隆市信義區孝深里,115/09/02,陳憲欽,無,
基隆市信義區孝深里,115/09/04,郭姵萱,無,
基隆市信義區孝賢里,115/09/04,莊琬琳,無,
基隆市信義區孝德里,115/09/02,朱志偉,無,
基隆市信義區孝德里,115/09/02,林擎宇,無,
基隆市信義區孝忠里,115/08/31,藍明華,無,
基隆市信義區孝忠里,115/08/31,陳冠良,無,
基隆市信義區孝忠里,115/09/03,簡清雲,無,
新竹市東區南門里,115/09/01,黃志成,無,
新竹市東區南門里,115/09/02,盧美君,無,
新竹市東區南門里,115/09/02,何佳樺,無,
新竹市東區福德里,115/08/31,陳嘉福,無,
新竹市東區南市里,115/08/31,石添益,無,
新竹市東區南市里,115/09/04,張景泰,無,
新竹市東區關帝里,115/09/02,李文桂,無,
新竹市東區東門里,115/08/31,廖建福,無,
新竹市東區東門里,115/09/02,蘇竹勝,無,
新竹市東區東門里,115/09/02,占德美,無,
新竹市東區榮光里,115/09/02,張雲錦,無,
新竹市東區成功里,115/08/31,林俊縢,無,
新竹市東區下竹里,115/08/31,鄭勁譹,無,
新竹市東區竹蓮里,115/08/31,鄭陳秀芳,無,
新竹市東區竹蓮里,115/09/04,何百泉,無,
新竹市東區寺前里,115/09/02,楊裕晟,無,
新竹市東區育賢里,115/09/02,李文正,無,
新竹市東區育賢里,115/09/02,温清榮,無,
新竹市東區中正里,115/09/02,戴金河,無,
新竹市東區公園里,115/09/01,林志雅,無,
新竹市東區頂竹里,115/09/03,陳煥勝,中國國民黨,
新竹市東區南大里,115/09/02,徐炳生,無,
新竹市東區南大里,115/09/02,姜胡瑞清,無,
新竹市東區振興里,115/09/01,呂賢輝,無,
新竹市東區振興里,115/09/04,游琬柔,無,
新竹市東區親仁里,115/09/03,李臺生,中國國民黨,
新竹市東區文華里,115/09/02,張金滄,無,
新竹市東區復中里,115/08/31,王峯清,中國國民黨,
新竹市東區復中里,115/09/03,李承洋,無,
新竹市東區三民里,115/08/31,范姜財,無,
新竹市東區三民里,115/09/02,黃承澤,無,
新竹市東區東園里,115/08/31,江美慧,無,
新竹市東區東園里,115/09/03,張麗芬,無,
新竹市東區東勢里,115/08/31,周彥甫,無,
新竹市東區東勢里,115/09/03,徐瑞振,無,
新竹市東區光復里,115/09/03,陳駿翔,無,
新竹市東區光復里,115/09/04,吳建銘,無,
新竹市東區豐功里,115/09/03,翁秀瓊,中國國民黨,
新竹市東區武功里,115/09/01,陳海鋒,中國國民黨,
新竹市東區綠水里,115/09/02,黃千芳,無,
新竹市東區東山里,115/09/02,劉國棟,中國國民黨,
新竹市東區東山里,115/09/02,徐東應,無,
新竹市東區東山里,115/09/04,李國鈿,無,
新竹市東區光鎮里,115/09/02,莊金清,中國國民黨,
新竹市東區新興里,115/09/02,沈威志,無,
新竹市東區柴橋里,115/08/31,林琬襦,無,
新竹市東區柴橋里,115/09/02,黃桂蘭,無,
新竹市東區柴橋里,115/09/02,彭凱諺,無,
新竹市東區高峰里,115/09/02,郭朋鑫,無,
新竹市東區高峰里,115/09/04,李學文,無,
新竹市東區仙宮里,115/09/02,溫國文,無,
新竹市東區光明里,115/09/02,趙強,中國國民黨,
新竹市東區立功里,115/08/31,郭天寶,中國國民黨,
新竹市東區立功里,115/09/04,林鳳英,無,
新竹市東區軍功里,115/08/31,潘柏璋,中國國民黨,
新竹市東區軍功里,115/09/04,葉欣怡,無,
新竹市東區建功里,115/09/02,邱漢奇,中國國民黨,
新竹市東區建功里,115/09/03,蔡昕哲,無,
新竹市東區前溪里,115/09/02,温文泰,無,
新竹市東區水源里,115/09/02,周漢章,無,
新竹市東區水源里,115/09/03,林秀蓉,無,
新竹市東區千甲里,115/09/02,蕭玉玲,無,
新竹市東區千甲里,115/09/03,曾資強,無,
新竹市東區埔頂里,115/09/02,何芝寧,無,
新竹市東區埔頂里,115/09/03,彭永全,無,
新竹市東區龍山里,115/08/31,陳宣孝,無,
新竹市東區龍山里,115/09/03,白鈺琳,無,
新竹市東區新莊里,115/08/31,盧秋永,無,
新竹市東區新莊里,115/09/04,葉羽軒,無,
新竹市東區仙水里,115/08/31,葉錢福,無,
新竹市東區仙水里,115/09/02,林美玉,無,
新竹市東區仙水里,115/09/04,高鶯玲,無,
新竹市東區金山里,115/08/31,饒彬義,無,
新竹市東區金山里,115/09/04,吳慶杰,無,
新竹市東區金山里,115/09/04,鄭清龍,無,
新竹市東區關東里,115/09/01,陳家陞,無,
新竹市東區關東里,115/09/02,徐水蓮,無,
新竹市東區科園里,115/08/31,徐梓修,無,
新竹市東區科園里,115/09/01,徐兆生,無,
新竹市東區建華里,115/09/02,林宸玉,無,
新竹市東區新光里,115/09/04,陳心嵐,無,
新竹市東區復興里,115/09/02,張浩燃,無,
新竹市東區復興里,115/09/03,黃建廷,無,
新竹市東區錦華里,115/08/31,廖淑君,無,
新竹市東區錦華里,115/09/02,黃玉卿,無,
新竹市東區湖濱里,115/09/02,陳牡丹,中國國民黨,
新竹市東區湖濱里,115/09/03,呂國華,無,
新竹市東區明湖里,115/09/03,林汶蓉,無,
新竹市東區關新里,115/09/03,黃雅卿,無,
新竹市北區西門里,115/09/02,曾再霖,無,
新竹市北區西門里,115/09/04,許碧玲,無,
新竹市北區仁德里,115/09/02,林正雄,無,
新竹市北區仁德里,115/09/04,王文昌,無,
新竹市北區潛園里,115/09/02,陳瑞麟,無,
新竹市北區中央里,115/08/31,彭垂東,無,
新竹市北區中央里,115/09/03,張菀芸,無,
新竹市北區崇禮里,115/08/31,鄭瑞鉦,無,
新竹市北區石坊里,115/09/03,彭陳玉真,無,
新竹市北區興南里,115/09/03,胡銘煌,無,
新竹市北區興南里,115/09/03,楊森,無,
新竹市北區北門里,115/09/02,林文烽,無,
新竹市北區中興里,115/08/31,黃丞廷,無,
新竹市北區中興里,115/09/02,洪熒𤎌,無,
新竹市北區中興里,115/09/04,王銘宗,無,
新竹市北區大同里,115/09/03,楊長翰,無,
新竹市北區大同里,115/09/04,韋宗賢,無,
新竹市北區中山里,115/09/03,郭瑞誠,無,
新竹市北區長和里,115/09/02,楊金土,無,
新竹市北區新民里,115/08/31,張金潔,無,
新竹市北區民富里,115/09/04,沈朝旺,無,
新竹市北區水田里,115/09/01,許明霞,無,
新竹市北區水田里,115/09/03,鄭秀鳳,無,
新竹市北區文雅里,115/09/01,陳秀子,無,
新竹市北區文雅里,115/09/03,朱毅,無,
新竹市北區文雅里,115/09/04,張簡硼砷,無,
新竹市北區光田里,115/08/31,莊惟蘭,無,
新竹市北區士林里,115/09/04,黃偉文,無,
新竹市北區福林里,115/09/03,洪炎輝,無,
新竹市北區福林里,115/09/04,許宏宇,無,
新竹市北區古賢里,115/09/03,王泰山,無,
新竹市北區湳雅里,115/09/01,許謝胤,無,
新竹市北區舊社里,115/09/02,朱倖儀,無,
新竹市北區舊社里,115/09/04,王慧媖,無,
新竹市北區舊社里,115/09/04,江萬成,無,
新竹市北區武陵里,115/08/31,黃世禮,無,
新竹市北區武陵里,115/08/31,陳震宙,無,
新竹市北區武陵里,115/09/03,李思民,中國國民黨,
新竹市北區南寮里,115/09/02,許典維,無,
新竹市北區南寮里,115/09/02,陳秀珠,無,
新竹市北區南寮里,115/09/03,洪偉勝,無,
新竹市北區舊港里,115/09/03,蔡松根,中國國民黨,
新竹市北區舊港里,115/09/04,李桂蘭,無,
新竹市北區康樂里,115/08/31,林再興,無,
新竹市北區康樂里,115/09/03,劉文喜,無,
新竹市北區港北里,115/09/01,彭彥致,無,
新竹市北區港北里,115/09/02,曾欽裕,無,
新竹市北區港北里,115/09/03,張宇廷 Yagu Utaw,無,
新竹市北區中寮里,115/09/01,陳世德,無,
新竹市北區中寮里,115/09/04,徐瑞龍,無,
新竹市北區海濱里,115/09/01,彭東漢,無,
新竹市北區海濱里,115/09/02,彭湘妮,無,
新竹市北區海濱里,115/09/04,彭永泰,無,
新竹市北區客雅里,115/09/01,蔡頴德,台灣民眾黨,
新竹市北區育英里,115/09/01,温承杰,無,
新竹市北區育英里,115/09/03,李達賢,無,
新竹市北區曲溪里,115/09/02,謝瑞銘,無,
新竹市北區曲溪里,115/09/03,劉邦原,中國國民黨,
新竹市北區曲溪里,115/09/03,廖成章,無,
新竹市北區西雅里,115/08/31,戴麗玉,無,
新竹市北區西雅里,115/09/02,董全鎰,無,
新竹市北區西雅里,115/09/03,廖火桂,無,
新竹市北區南勢里,115/09/02,郭文銘,無,
新竹市北區南勢里,115/09/03,戴銘泉,無,
新竹市北區大鵬里,115/08/31,游碧玉,無,
新竹市北區境福里,115/09/02,曾發,無,
新竹市北區磐石里,115/09/02,邵清福,無,
新竹市北區磐石里,115/09/02,高瑞錡,無,
新竹市北區磐石里,115/09/02,朱洋志,無,
新竹市北區磐石里,115/09/04,連珮綺,無,
新竹市北區新雅里,115/09/02,洪炳坤,無,
新竹市北區新雅里,115/09/02,廖佐華,無,
新竹市北區光華里,115/09/03,張慶榮,無,
新竹市北區金華里,115/09/03,李文中,無,
新竹市北區金竹里,115/09/02,洪英仁,無,
新竹市北區金竹里,115/09/03,葉家榮,無,
新竹市北區湳中里,115/09/02,黃彥翔,無,
新竹市北區湳中里,115/09/02,温宥喬,無,
新竹市北區金雅里,115/09/02,蘇虹宇,無,
新竹市北區台溪里,115/08/31,謝金財,無,
新竹市北區中雅里,115/09/01,蔡瑞宗,無,
新竹市北區中雅里,115/09/02,林郁郁,無,
新竹市北區中雅里,115/09/03,劉天全,無,
新竹市北區中雅里,115/09/03,鄔滬生,中國國民黨,
新竹市香山區港南里,115/09/01,韋宗洲,無,
新竹市香山區港南里,115/09/02,蘇瑞林,無,
新竹市香山區港南里,115/09/02,楊鴻煒,無,
新竹市香山區虎山里,115/08/31,廖建興,無,
新竹市香山區虎山里,115/09/03,李可芸,無,
新竹市香山區虎山里,115/09/04,楊建發,無,
新竹市香山區虎林里,115/09/04,黃郁淳,無,
新竹市香山區浸水里,115/09/01,楊松棋,無,
新竹市香山區樹下里,115/08/31,吳國亮,無,
新竹市香山區樹下里,115/09/01,胡芮寧,無,
新竹市香山區樹下里,115/09/04,曾文賢,無,
新竹市香山區埔前里,115/08/31,蔡萱燁,無,
新竹市香山區埔前里,115/09/02,陳秝溱,無,
新竹市香山區中埔里,115/09/02,蔡坤龍,無,
新竹市香山區中埔里,115/09/02,曾春慧,無,
新竹市香山區牛埔里,115/09/03,蔡黃棟,無,
新竹市香山區牛埔里,115/09/03,陳炳焜,無,
新竹市香山區頂埔里,115/09/02,沈復環,無,
新竹市香山區東香里,115/09/02,湯燕明,無,
新竹市香山區東香里,115/09/03,許麗君,無,
新竹市香山區香村里,115/09/02,吳春生,無,
新竹市香山區香村里,115/09/02,吳嵩銘,無,
新竹市香山區香山里,115/09/02,黃文濱,無,
新竹市香山區香山里,115/09/02,吳瑞霖,無,
新竹市香山區大庄里,115/09/03,洪梓富,無,
新竹市香山區大庄里,115/09/04,陳梨娟,無,
新竹市香山區美山里,115/09/02,萬昭文,無,
新竹市香山區朝山里,115/09/01,陳桂廷,無,
新竹市香山區海山里,115/08/31,陳文賢,無,
新竹市香山區茄苳里,115/08/31,古秀芬,無,
新竹市香山區茄苳里,115/09/02,劉丹華,無,
新竹市香山區大湖里,115/08/31,曾一德,無,
新竹市香山區大湖里,115/09/04,陳有忠,中國國民黨,
新竹市香山區南隘里,115/08/31,邱坤源,無,
新竹市香山區南隘里,115/09/02,張鼎豪,無,
新竹市香山區中隘里,115/09/04,陳士樺,無,
新竹市香山區內湖里,115/08/31,王斌展,無,
新竹市香山區鹽水里,115/08/31,陳文榮,無,
新竹市香山區南港里,115/08/31,林武鍾,無,
新竹市香山區南港里,115/08/31,林木吉,無,
新竹市香山區頂福里,115/08/31,任宏奇,無,
新竹市香山區頂福里,115/09/02,吳烈如,無,
嘉義市東區荖藤里,115/09/02,何峻豪,無,
嘉義市東區荖藤里,115/09/03,許雪賢,無,
嘉義市東區後湖里,115/09/02,洪修富,無,
嘉義市東區仁義里,115/09/02,徐國榮,無,
嘉義市東區仁義里,115/09/02,鄭丞麟,無,
嘉義市東區中庄里,115/09/03,黃純美,無,
嘉義市東區頂庄里,115/09/02,莊天基,中國國民黨,
嘉義市東區頂庄里,115/09/03,周勝雄,無,
嘉義市東區圳頭里,115/09/02,楊文俊,無,
嘉義市東區圳頭里,115/09/03,楊鳳祥,無,
嘉義市東區新店里,115/08/31,簡國亮,無,
嘉義市東區新店里,115/09/01,鄭苡芹,無,
嘉義市東區新店里,115/09/04,吳忠厚,無,
嘉義市東區後庄里,115/09/01,陳奕錡,無,
嘉義市東區後庄里,115/09/03,蘇秀娥,無,
嘉義市東區王田里,115/09/03,馬久彥,無,
嘉義市東區東川里,115/09/02,葉寬鴻,無,
嘉義市東區太平里,115/09/02,施欣成,無,
嘉義市東區盧厝里,115/09/01,魏明哲,無,
嘉義市東區盧厝里,115/09/03,林瑞宗,無,
嘉義市東區盧厝里,115/09/03,賴穎賢,無,
嘉義市東區盧厝里,115/09/03,林莉莉,無,
嘉義市東區鹿寮里,115/08/31,劉家銘,無,
嘉義市東區鹿寮里,115/09/02,郭姵蓁,無,
嘉義市東區鹿寮里,115/09/02,陳永富,無,
嘉義市東區鹿寮里,115/09/03,譚立權,無,
嘉義市東區長竹里,115/09/02,江振章,無,
嘉義市東區短竹里,115/09/03,凃淑慧,無,
嘉義市東區新開里,115/08/31,邱繼賢,無,
嘉義市東區宣信里,115/09/03,陳冠名,無,
嘉義市東區興南里,115/09/01,殷大為,無,
嘉義市東區豐年里,115/09/01,許美英,無,
嘉義市東區豐年里,115/09/04,林昭雄,無,
嘉義市東區芳草里,115/09/01,劉丙伍,無,
嘉義市東區芳安里,115/09/01,陳文彬,無,
嘉義市東區頂寮里,115/09/03,林佳宏,無,
嘉義市東區安寮里,115/08/31,譚國華,中國國民黨,
嘉義市東區安寮里,115/09/01,許玉屏,無,
嘉義市東區安寮里,115/09/02,姜佩芳,無,
嘉義市東區安寮里,115/09/03,呂佩蓉,無,
嘉義市東區興安里,115/08/31,戴嘉淩,無,
嘉義市東區興安里,115/09/02,林允成,無,
嘉義市東區興村里,115/09/02,洪豐盛,無,
嘉義市東區興仁里,115/09/03,呂文章,無,
嘉義市東區興仁里,115/09/04,周易封,無,
嘉義市東區過溝里,115/09/03,林桂洲,無,
嘉義市東區民族里,115/08/31,劉宗源,中國國民黨,
嘉義市東區民族里,115/09/04,陳榮森,無,
嘉義市東區朝陽里,115/09/03,吳盈憲,無,
嘉義市東區朝陽里,115/09/03,周秉良,無,
嘉義市東區華南里,115/08/31,黃英聰,無,
嘉義市東區華南里,115/09/02,蕭雄中,無,
嘉義市東區華南里,115/09/03,蔡國樑,無,
嘉義市東區東興里,115/09/01,張榕,無,
嘉義市東區東興里,115/09/01,張家銀,無,
嘉義市東區中山里,115/09/01,歐陽明,無,
嘉義市東區中山里,115/09/04,李之螢,無,
嘉義市東區中央里,115/08/31,廖梅江,無,
嘉義市東區中央里,115/09/03,黃素娥,無,
嘉義市東區林森里,115/09/03,林靜賢,無,
嘉義市東區北門里,115/09/03,洪義松,無,
嘉義市東區蘭潭里,115/09/02,林砡朱,無,
嘉義市東區文雅里,115/09/01,何忠明,無,
嘉義市東區文雅里,115/09/02,塗英志,無,
嘉義市東區安業里,115/09/01,連淑雲,無,
嘉義市東區義教里,115/09/03,謝芳芳,無,
嘉義市西區香湖里,115/09/02,黃月秀,無,
嘉義市西區香湖里,115/09/02,吳小芬,無,
嘉義市西區香湖里,115/09/03,郭劉秀珠,無,
嘉義市西區湖邊里,115/09/02,陳宗德,無,
嘉義市西區湖邊里,115/09/02,李高滿足,無,
嘉義市西區湖邊里,115/09/03,蔡水清,無,
嘉義市西區湖邊里,115/09/03,葉啓分,無,
嘉義市西區北榮里,115/09/01,黄福林,無,
嘉義市西區重興里,115/08/31,李添益,無,
嘉義市西區竹圍里,115/09/03,邱威誠,無,
嘉義市西區新厝里,115/09/02,柯靜宜,無,
嘉義市西區新厝里,115/09/04,陳延彰,無,
嘉義市西區保安里,115/09/02,吳美珠,無,
嘉義市西區北湖里,115/09/02,謝銘亮,無,
嘉義市西區下埤里,115/09/02,洪嘉文,無,
嘉義市西區下埤里,115/09/04,許鐵耀,無,
嘉義市西區竹村里,115/08/31,蕭慶順,無,
嘉義市西區竹村里,115/09/04,蕭瑋聖,無,
嘉義市西區大溪里,115/08/31,黃麗桑,無,
嘉義市西區大溪里,115/08/31,賴嘉賢,無,
嘉義市西區大溪里,115/09/02,陳彥良,無,
嘉義市西區大溪里,115/09/03,黃新弼,無,
嘉義市西區大溪里,115/09/04,葉秋蘭,無,
嘉義市西區福全里,115/09/02,蕭建林,無,
嘉義市西區西平里,115/08/31,蔡慶霖,無,
嘉義市西區西平里,115/09/02,湯麗梅,無,
嘉義市西區西平里,115/09/02,紀佳伶,無,
嘉義市西區磚磘里,115/09/02,陳成恩,無,
嘉義市西區磚磘里,115/09/02,王張錦淑,無,
嘉義市西區港坪里,115/08/31,李茂山,無,
嘉義市西區頭港里,115/08/31,高順能,無,
嘉義市西區頭港里,115/09/02,高群超,無,
嘉義市西區劉厝里,115/08/31,韓志忠,無,
嘉義市西區劉厝里,115/09/02,莊佳璇,無,
嘉義市西區劉厝里,115/09/02,曾博怡,無,
嘉義市西區劉厝里,115/09/02,魏正城,無,
嘉義市西區劉厝里,115/09/03,謝奇璋,無,
嘉義市西區劉厝里,115/09/04,陳江圳,無,
嘉義市西區新西里,115/09/02,楊文玲,無,
嘉義市西區書院里,115/09/02,蕭友林,無,
嘉義市西區培元里,115/09/01,蔡嘉宏,無,
嘉義市西區培元里,115/09/02,涂煌延,中國國民黨,
嘉義市西區培元里,115/09/03,殷千淨,無,
嘉義市西區垂楊里,115/08/31,黃琮榮,無,
嘉義市西區車店里,115/08/31,文義榮,無,
嘉義市西區車店里,115/09/03,馬鳳凰,無,
嘉義市西區福民里,115/09/01,林靜雯,無,
嘉義市西區福民里,115/09/02,陳金川,無,
嘉義市西區福民里,115/09/04,李坤銘,無,
嘉義市西區湖內里,115/08/31,黃正一,中國國民黨,
嘉義市西區湖內里,115/09/02,羅明正,無,
嘉義市西區湖內里,115/09/02,黃昭志,無,
嘉義市西區美源里,115/08/31,吳春葉,無,
嘉義市西區美源里,115/09/03,羅鳳住,無,
嘉義市西區育英里,115/08/31,林峯輝,無,
嘉義市西區致遠里,115/09/03,宋燕生,中國國民黨,
嘉義市西區光路里,115/09/02,林昇賢,無,
嘉義市西區翠岱里,115/09/03,陳金虎,中國國民黨,
嘉義市西區自強里,115/09/02,蔡正平,無,
嘉義市西區自強里,115/09/04,蕭瑞卿,無,
嘉義市西區永和里,115/08/31,蔡宗坤,無,
嘉義市西區永和里,115/09/03,陳威霖,無,
嘉義市西區永和里,115/09/04,侯顯榮,無,
嘉義市西區永和里,115/09/04,蔡享倍,無,
嘉義市西區新富里,115/09/01,廖淑玲,無,
嘉義市西區文化里,115/09/01,黃俊雄,無,
嘉義市西區文化里,115/09/02,陳淑娥,無,
嘉義市西區西榮里,115/09/01,林芳志,無,
嘉義市西區西榮里,115/09/02,黃釓銘,無,
嘉義市西區國華里,115/09/02,葉勝利,無,
嘉義市西區番社里,115/09/02,鄭秀玉,無,
嘉義市西區導明里,115/08/31,劉怡慧,無,
嘉義市西區慶安里,115/09/01,柯亦濰,無,
嘉義市西區慶安里,115/09/02,黃王秀卿,無,
嘉義市西區慶安里,115/09/02,黃榮茂,無,
嘉義市西區後驛里,115/09/02,莊興寶,無,
嘉義市西區後驛里,115/09/02,黃龍吉,無,
嘉義市西區後驛里,115/09/02,陳欣怡,無,
嘉義市西區福安里,115/09/02,吳璟祈,無,
嘉義市西區獅子里,115/08/31,吳名城,無,
嘉義市西區紅瓦里,115/09/02,蔡旻岳,無,
嘉義市西區保福里,115/08/31,李振煌,無,
嘉義市西區保福里,115/09/01,龔僅喭,無,
嘉義市西區保福里,115/09/02,羅景騰,無,
嘉義市西區保福里,115/09/02,蔡志宏,無,
嘉義市西區保福里,115/09/03,何育全,無,
嘉義市西區保福里,115/09/04,葉俊良,無,
嘉義市西區保生里,115/09/02,蕭蘇明珠,無,
嘉義市西區保生里,115/09/03,郭瑞豐,無,
嘉義市西區北新里,115/09/02,黃玉彩,無,
嘉義市西區北新里,115/09/02,劉穎村,無,
